ISO-10303-21;
HEADER;
FILE_DESCRIPTION (( 'STEP AP214' ),
    '1' );
FILE_NAME ('744325420.STEP',
    '2022-09-14T04:44:52',
    ( '' ),
    ( '' ),
    'SwSTEP 2.0',
    'SolidWorks 2018',
    '' );
FILE_SCHEMA (( 'AUTOMOTIVE_DESIGN' ));
ENDSEC;

DATA;
#1 = EDGE_LOOP ( 'NONE', ( #986, #55, #425, #1524 ) ) ;
#2 = CARTESIAN_POINT ( 'NONE',  ( 5.099999999999997868, 0.000000000000000000, 4.300000000000000711 ) ) ;
#3 = ORIENTED_EDGE ( 'NONE', *, *, #1167, .F. ) ;
#4 = VERTEX_POINT ( 'NONE', #10 ) ;
#5 = ORIENTED_EDGE ( 'NONE', *, *, #642, .T. ) ;
#6 =( LENGTH_UNIT ( ) NAMED_UNIT ( * ) SI_UNIT ( .MILLI., .METRE. ) );
#7 = STYLED_ITEM ( 'NONE', ( #1520 ), #288 ) ;
#8 = UNCERTAINTY_MEASURE_WITH_UNIT (LENGTH_MEASURE( 1.000000000000000082E-05 ), #1157, 'distance_accuracy_value', 'NONE');
#9 = CARTESIAN_POINT ( 'NONE',  ( 1.100000000000000089, -0.09639023628341819583, -2.199999999999997957 ) ) ;
#10 = CARTESIAN_POINT ( 'NONE',  ( 1.249999999999998446, 0.000000000000000000, -1.400000000000000577 ) ) ;
#11 = EDGE_CURVE ( 'NONE', #128, #4, #967, .T. ) ;
#12 = SURFACE_SIDE_STYLE ('',( #617 ) ) ;
#13 = LINE ( 'NONE', #1414, #674 ) ;
#14 =( GEOMETRIC_REPRESENTATION_CONTEXT ( 3 ) GLOBAL_UNCERTAINTY_ASSIGNED_CONTEXT ( ( #690 ) ) GLOBAL_UNIT_ASSIGNED_CONTEXT ( ( #1453, #844, #961 ) ) REPRESENTATION_CONTEXT ( 'NONE', 'WORKASPACE' ) );
#15 = CARTESIAN_POINT ( 'NONE',  ( 4.299999999999998046, 4.700000000000000178, 4.300000000000000711 ) ) ;
#16 = CARTESIAN_POINT ( 'NONE',  ( 1.100000000000000089, -0.09639023628341819583, -4.999999999999996447 ) ) ;
#17 = VERTEX_POINT ( 'NONE', #706 ) ;
#18 = ORIENTED_EDGE ( 'NONE', *, *, #507, .T. ) ;
#19 = VERTEX_POINT ( 'NONE', #16 ) ;
#20 = DIRECTION ( 'NONE',  ( -1.000000000000000000, -0.000000000000000000, -0.000000000000000000 ) ) ;
#21 = VERTEX_POINT ( 'NONE', #317 ) ;
#22 = EDGE_CURVE ( 'NONE', #379, #1469, #70, .T. ) ;
#23 = DIRECTION ( 'NONE',  ( 0.000000000000000000, -1.000000000000000000, 0.000000000000000000 ) ) ;
#24 = DIRECTION ( 'NONE',  ( 0.000000000000000000, 0.000000000000000000, -1.000000000000000000 ) ) ;
#25 = CARTESIAN_POINT ( 'NONE',  ( -1.249999999999999556, 3.191292569943654733, 4.599999999999999645 ) ) ;
#26 = AXIS2_PLACEMENT_3D ( 'NONE', #1407, #1389, #1133 ) ;
#27 = CARTESIAN_POINT ( 'NONE',  ( 1.100000000000000089, 0.4999999999999995559, 4.600000000000000533 ) ) ;
#28 = CARTESIAN_POINT ( 'NONE',  ( -1.249999999999999334, 0.5000000000000000000, 4.600000000000000533 ) ) ;
#29 =( LENGTH_UNIT ( ) NAMED_UNIT ( * ) SI_UNIT ( .MILLI., .METRE. ) );
#30 = VECTOR ( 'NONE', #1033, 1000.000000000000000 ) ;
#31 = SURFACE_SIDE_STYLE ('',( #1034 ) ) ;
#32 = EDGE_CURVE ( 'NONE', #392, #724, #1096, .T. ) ;
#33 = FILL_AREA_STYLE ('',( #248 ) ) ;
#34 = SURFACE_SIDE_STYLE ('',( #582 ) ) ;
#35 = LINE ( 'NONE', #518, #623 ) ;
#36 = FILL_AREA_STYLE ('',( #1464 ) ) ;
#37 = ORIENTED_EDGE ( 'NONE', *, *, #1391, .T. ) ;
#38 = CARTESIAN_POINT ( 'NONE',  ( -5.100000000000001421, 0.000000000000000000, -4.299999999999997158 ) ) ;
#39 = ORIENTED_EDGE ( 'NONE', *, *, #1431, .T. ) ;
#40 = CARTESIAN_POINT ( 'NONE',  ( 1.249999999999999334, 0.5000000000000000000, 1.400000000000000577 ) ) ;
#41 = VERTEX_POINT ( 'NONE', #1074 ) ;
#42 =( LENGTH_UNIT ( ) NAMED_UNIT ( * ) SI_UNIT ( .MILLI., .METRE. ) );
#43 = DIRECTION ( 'NONE',  ( 0.000000000000000000, -1.000000000000000000, 0.000000000000000000 ) ) ;
#44 = DIRECTION ( 'NONE',  ( -1.000000000000000000, 0.000000000000000000, 0.000000000000000000 ) ) ;
#45 = LINE ( 'NONE', #1149, #711 ) ;
#46 = SURFACE_SIDE_STYLE ('',( #1480 ) ) ;
#47 =( NAMED_UNIT ( * ) SI_UNIT ( $, .STERADIAN. ) SOLID_ANGLE_UNIT ( ) );
#48 = CYLINDRICAL_SURFACE ( 'NONE', #766, 0.7999999999999994893 ) ;
#49 = CARTESIAN_POINT ( 'NONE',  ( -1.100000000000000089, 0.4999999999999995559, 4.600000000000000533 ) ) ;
#50 = EDGE_CURVE ( 'NONE', #722, #819, #551, .T. ) ;
#51 = UNCERTAINTY_MEASURE_WITH_UNIT (LENGTH_MEASURE( 1.000000000000000082E-05 ), #307, 'distance_accuracy_value', 'NONE');
#52 = COLOUR_RGB ( '',0.2509803921568627416, 0.2509803921568627416, 0.2509803921568627416 ) ;
#53 = ORIENTED_EDGE ( 'NONE', *, *, #69, .F. ) ;
#54 = DIRECTION ( 'NONE',  ( 0.000000000000000000, -1.000000000000000000, 0.000000000000000000 ) ) ;
#55 = ORIENTED_EDGE ( 'NONE', *, *, #182, .T. ) ;
#56 = ORIENTED_EDGE ( 'NONE', *, *, #1007, .F. ) ;
#57 = ORIENTED_EDGE ( 'NONE', *, *, #447, .T. ) ;
#58 = PRESENTATION_LAYER_ASSIGNMENT (  '', '', ( #1468 ) ) ;
#59 = FACE_OUTER_BOUND ( 'NONE', #480, .T. ) ;
#60 =( GEOMETRIC_REPRESENTATION_CONTEXT ( 3 ) GLOBAL_UNCERTAINTY_ASSIGNED_CONTEXT ( ( #1185 ) ) GLOBAL_UNIT_ASSIGNED_CONTEXT ( ( #486, #858, #150 ) ) REPRESENTATION_CONTEXT ( 'NONE', 'WORKASPACE' ) );
#61 = LINE ( 'NONE', #117, #934 ) ;
#62 = DIRECTION ( 'NONE',  ( 0.000000000000000000, -0.000000000000000000, 1.000000000000000000 ) ) ;
#63 = VECTOR ( 'NONE', #411, 1000.000000000000000 ) ;
#64 = ADVANCED_FACE ( 'NONE', ( #88 ), #1467, .F. ) ;
#65 = COLOUR_RGB ( '',0.9882352941176471006, 0.7372549019607843590, 0.5176470588235293491 ) ;
#66 = LINE ( 'NONE', #238, #229 ) ;
#67 = MANIFOLD_SOLID_BREP ( 'Boss-Extrude2[2]', #1058 ) ;
#68 = CARTESIAN_POINT ( 'NONE',  ( 5.099999999999996092, 0.000000000000000000, -4.299999999999997158 ) ) ;
#69 = EDGE_CURVE ( 'NONE', #420, #724, #371, .T. ) ;
#70 = LINE ( 'NONE', #830, #282 ) ;
#71 = VERTEX_POINT ( 'NONE', #1086 ) ;
#72 = DIRECTION ( 'NONE',  ( -1.000000000000000000, -0.000000000000000000, -0.000000000000000000 ) ) ;
#73 = VERTEX_POINT ( 'NONE', #27 ) ;
#74 = DIRECTION ( 'NONE',  ( 0.000000000000000000, 1.000000000000000000, 0.000000000000000000 ) ) ;
#75 = DIRECTION ( 'NONE',  ( 0.000000000000000000, 1.000000000000000000, 3.592226981221275650E-16 ) ) ;
#76 = EDGE_CURVE ( 'NONE', #702, #910, #1406, .T. ) ;
#77 = ADVANCED_FACE ( 'NONE', ( #1446 ), #481, .F. ) ;
#78 = AXIS2_PLACEMENT_3D ( 'NONE', #236, #1055, #342 ) ;
#79 = CARTESIAN_POINT ( 'NONE',  ( -1.249999999999999556, 0.000000000000000000, -4.599999999999999645 ) ) ;
#80 = FACE_OUTER_BOUND ( 'NONE', #1214, .T. ) ;
#81 =( NAMED_UNIT ( * ) PLANE_ANGLE_UNIT ( ) SI_UNIT ( $, .RADIAN. ) );
#82 = CARTESIAN_POINT ( 'NONE',  ( -1.249999999999998446, 0.5000000000000000000, -4.600000000000000533 ) ) ;
#83 = SURFACE_STYLE_FILL_AREA ( #1144 ) ;
#84 =( NAMED_UNIT ( * ) PLANE_ANGLE_UNIT ( ) SI_UNIT ( $, .RADIAN. ) );
#85 = PRESENTATION_STYLE_ASSIGNMENT (( #799 ) ) ;
#86 = PLANE ( 'NONE',  #618 ) ;
#87 = STYLED_ITEM ( 'NONE', ( #638 ), #976 ) ;
#88 = FACE_OUTER_BOUND ( 'NONE', #972, .T. ) ;
#89 = EDGE_CURVE ( 'NONE', #1129, #1056, #964, .T. ) ;
#90 = ORIENTED_EDGE ( 'NONE', *, *, #768, .F. ) ;
#91 = DIRECTION ( 'NONE',  ( 0.000000000000000000, 0.000000000000000000, 1.000000000000000000 ) ) ;
#92 = VERTEX_POINT ( 'NONE', #1081 ) ;
#93 = ORIENTED_EDGE ( 'NONE', *, *, #32, .F. ) ;
#94 = VERTEX_POINT ( 'NONE', #368 ) ;
#95 = SURFACE_STYLE_USAGE ( .BOTH. , #214 ) ;
#96 = EDGE_CURVE ( 'NONE', #595, #161, #1000, .T. ) ;
#97 = CARTESIAN_POINT ( 'NONE',  ( -4.299999999999999822, 4.700000000000000178, 5.100000000000001421 ) ) ;
#98 = VECTOR ( 'NONE', #923, 1000.000000000000000 ) ;
#99 = FACE_OUTER_BOUND ( 'NONE', #862, .T. ) ;
#100 = PLANE ( 'NONE',  #622 ) ;
#101 = FACE_OUTER_BOUND ( 'NONE', #1020, .T. ) ;
#102 =( NAMED_UNIT ( * ) SI_UNIT ( $, .STERADIAN. ) SOLID_ANGLE_UNIT ( ) );
#103 = CARTESIAN_POINT ( 'NONE',  ( 1.250000000000000444, 3.191292569943654733, 5.100000000000000533 ) ) ;
#104 = LINE ( 'NONE', #1114, #1293 ) ;
#105 = DIRECTION ( 'NONE',  ( -1.000000000000000000, -0.000000000000000000, -0.000000000000000000 ) ) ;
#106 = VERTEX_POINT ( 'NONE', #730 ) ;
#107 = DIRECTION ( 'NONE',  ( -1.000000000000000000, -0.000000000000000000, -0.000000000000000000 ) ) ;
#108 = ORIENTED_EDGE ( 'NONE', *, *, #616, .F. ) ;
#109 = PRESENTATION_LAYER_ASSIGNMENT (  '', '', ( #517 ) ) ;
#110 = EDGE_LOOP ( 'NONE', ( #1424, #576, #641, #395, #1025, #883, #987 ) ) ;
#111 = SURFACE_SIDE_STYLE ('',( #155 ) ) ;
#112 = CARTESIAN_POINT ( 'NONE',  ( -1.100000000000000089, 0.5000000000000000000, -2.199999999999997957 ) ) ;
#113 = UNCERTAINTY_MEASURE_WITH_UNIT (LENGTH_MEASURE( 1.000000000000000082E-05 ), #1065, 'distance_accuracy_value', 'NONE');
#114 =( NAMED_UNIT ( * ) SI_UNIT ( $, .STERADIAN. ) SOLID_ANGLE_UNIT ( ) );
#115 = MECHANICAL_DESIGN_GEOMETRIC_PRESENTATION_REPRESENTATION (  '', ( #87 ), #667 ) ;
#116 = LINE ( 'NONE', #773, #1343 ) ;
#117 = CARTESIAN_POINT ( 'NONE',  ( 1.250000000000000444, 0.000000000000000000, 5.100000000000000533 ) ) ;
#118 = LINE ( 'NONE', #1045, #691 ) ;
#119 = LINE ( 'NONE', #459, #1482 ) ;
#120 = LINE ( 'NONE', #137, #1405 ) ;
#121 = DIRECTION ( 'NONE',  ( -0.000000000000000000, -0.000000000000000000, 1.000000000000000000 ) ) ;
#122 = VERTEX_POINT ( 'NONE', #358 ) ;
#123 = CARTESIAN_POINT ( 'NONE',  ( 0.000000000000000000, 0.000000000000000000, 4.599999999999999645 ) ) ;
#124 = EDGE_CURVE ( 'NONE', #593, #613, #1190, .T. ) ;
#125 = VERTEX_POINT ( 'NONE', #604 ) ;
#126 = ORIENTED_EDGE ( 'NONE', *, *, #1329, .T. ) ;
#127 = DIRECTION ( 'NONE',  ( -0.000000000000000000, 0.000000000000000000, 1.000000000000000000 ) ) ;
#128 = VERTEX_POINT ( 'NONE', #960 ) ;
#129 = DIRECTION ( 'NONE',  ( -0.000000000000000000, -1.000000000000000000, -0.000000000000000000 ) ) ;
#130 = VECTOR ( 'NONE', #1436, 1000.000000000000000 ) ;
#131 = VECTOR ( 'NONE', #107, 1000.000000000000000 ) ;
#132 = SURFACE_SIDE_STYLE ('',( #1516 ) ) ;
#133 = MECHANICAL_DESIGN_GEOMETRIC_PRESENTATION_REPRESENTATION (  '', ( #360 ), #1357 ) ;
#134 = DIRECTION ( 'NONE',  ( 0.000000000000000000, -0.000000000000000000, 1.000000000000000000 ) ) ;
#135 = VECTOR ( 'NONE', #645, 1000.000000000000000 ) ;
#136 = FILL_AREA_STYLE_COLOUR ( '', #888 ) ;
#137 = CARTESIAN_POINT ( 'NONE',  ( -4.299999999999999822, 4.700000000000000178, 5.100000000000001421 ) ) ;
#138 = FACE_OUTER_BOUND ( 'NONE', #110, .T. ) ;
#139 = DIRECTION ( 'NONE',  ( 0.000000000000000000, 0.000000000000000000, 1.000000000000000000 ) ) ;
#140 = ORIENTED_EDGE ( 'NONE', *, *, #455, .F. ) ;
#141 = ORIENTED_EDGE ( 'NONE', *, *, #936, .F. ) ;
#142 = DIRECTION ( 'NONE',  ( 1.000000000000000000, 0.000000000000000000, -2.017120320903264195E-16 ) ) ;
#143 = ORIENTED_EDGE ( 'NONE', *, *, #729, .T. ) ;
#144 = DIRECTION ( 'NONE',  ( -1.000000000000000000, -0.000000000000000000, -0.000000000000000000 ) ) ;
#145 =( GEOMETRIC_REPRESENTATION_CONTEXT ( 3 ) GLOBAL_UNCERTAINTY_ASSIGNED_CONTEXT ( ( #552 ) ) GLOBAL_UNIT_ASSIGNED_CONTEXT ( ( #1341, #1451, #1338 ) ) REPRESENTATION_CONTEXT ( 'NONE', 'WORKASPACE' ) );
#146 = DIRECTION ( 'NONE',  ( -0.000000000000000000, -1.000000000000000000, -0.000000000000000000 ) ) ;
#147 = DIRECTION ( 'NONE',  ( 0.000000000000000000, 0.000000000000000000, -1.000000000000000000 ) ) ;
#148 = CARTESIAN_POINT ( 'NONE',  ( 1.100000000000000089, 0.5000000000000000000, -2.199999999999997957 ) ) ;
#149 = CARTESIAN_POINT ( 'NONE',  ( -1.249999999999998446, 0.5000000000000000000, -4.600000000000000533 ) ) ;
#150 =( NAMED_UNIT ( * ) SI_UNIT ( $, .STERADIAN. ) SOLID_ANGLE_UNIT ( ) );
#151 = LINE ( 'NONE', #648, #1225 ) ;
#152 = DIRECTION ( 'NONE',  ( 0.000000000000000000, 0.000000000000000000, -1.000000000000000000 ) ) ;
#153 = COLOUR_RGB ( '',0.7921568627450980005, 0.8196078431372548767, 0.9333333333333333481 ) ;
#154 = EDGE_CURVE ( 'NONE', #379, #593, #658, .T. ) ;
#155 = SURFACE_STYLE_FILL_AREA ( #1292 ) ;
#156 = CARTESIAN_POINT ( 'NONE',  ( -1.249999999999999556, 3.191292569943654733, 5.100000000000000533 ) ) ;
#157 = AXIS2_PLACEMENT_3D ( 'NONE', #310, #412, #1377 ) ;
#158 = DIRECTION ( 'NONE',  ( 0.000000000000000000, 1.000000000000000000, 0.000000000000000000 ) ) ;
#159 = ORIENTED_EDGE ( 'NONE', *, *, #154, .F. ) ;
#160 = ADVANCED_BREP_SHAPE_REPRESENTATION ( '744325420', ( #249, #1022, #67, #315 ), #14 ) ;
#161 = VERTEX_POINT ( 'NONE', #484 ) ;
#162 = ADVANCED_FACE ( 'NONE', ( #1212 ), #800, .T. ) ;
#163 = ORIENTED_EDGE ( 'NONE', *, *, #1476, .F. ) ;
#164 = ORIENTED_EDGE ( 'NONE', *, *, #1258, .T. ) ;
#165 = DIRECTION ( 'NONE',  ( 0.000000000000000000, -1.000000000000000000, 0.000000000000000000 ) ) ;
#166 = ORIENTED_EDGE ( 'NONE', *, *, #277, .F. ) ;
#167 = EDGE_CURVE ( 'NONE', #1256, #841, #1250, .T. ) ;
#168 = AXIS2_PLACEMENT_3D ( 'NONE', #1143, #1138, #1271 ) ;
#169 = ADVANCED_FACE ( 'NONE', ( #1076 ), #381, .T. ) ;
#170 = VECTOR ( 'NONE', #1295, 1000.000000000000000 ) ;
#171 = CYLINDRICAL_SURFACE ( 'NONE', #789, 0.7999999999999994893 ) ;
#172 = LINE ( 'NONE', #363, #670 ) ;
#173 = DIRECTION ( 'NONE',  ( 1.000000000000000000, 0.000000000000000000, 0.000000000000000000 ) ) ;
#174 = VECTOR ( 'NONE', #1374, 1000.000000000000000 ) ;
#175 = AXIS2_PLACEMENT_3D ( 'NONE', #490, #1203, #134 ) ;
#176 = ADVANCED_FACE ( 'NONE', ( #138 ), #1110, .F. ) ;
#177 = ORIENTED_EDGE ( 'NONE', *, *, #427, .T. ) ;
#178 = UNCERTAINTY_MEASURE_WITH_UNIT (LENGTH_MEASURE( 1.000000000000000082E-05 ), #6, 'distance_accuracy_value', 'NONE');
#179 = FILL_AREA_STYLE_COLOUR ( '', #902 ) ;
#180 = ORIENTED_EDGE ( 'NONE', *, *, #1202, .F. ) ;
#181 = EDGE_LOOP ( 'NONE', ( #1522, #177, #1365, #1175, #1450, #1527, #164 ) ) ;
#182 = EDGE_CURVE ( 'NONE', #1384, #1485, #104, .T. ) ;
#183 = FILL_AREA_STYLE_COLOUR ( '', #1091 ) ;
#184 = PRESENTATION_LAYER_ASSIGNMENT (  '', '', ( #868 ) ) ;
#185 = FACE_OUTER_BOUND ( 'NONE', #1353, .T. ) ;
#186 =( LENGTH_UNIT ( ) NAMED_UNIT ( * ) SI_UNIT ( .MILLI., .METRE. ) );
#187 = PRESENTATION_LAYER_ASSIGNMENT (  '', '', ( #1496 ) ) ;
#188 = LINE ( 'NONE', #514, #688 ) ;
#189 = DIRECTION ( 'NONE',  ( 0.000000000000000000, 0.000000000000000000, 1.000000000000000000 ) ) ;
#190 = SURFACE_STYLE_FILL_AREA ( #1162 ) ;
#191 = CIRCLE ( 'NONE', #569, 0.1999999999999996503 ) ;
#192 = DIRECTION ( 'NONE',  ( 1.000000000000000000, 0.000000000000000000, 0.000000000000000000 ) ) ;
#193 = DIRECTION ( 'NONE',  ( -1.000000000000000000, -0.000000000000000000, -0.000000000000000000 ) ) ;
#194 = STYLED_ITEM ( 'NONE', ( #1531 ), #160 ) ;
#195 = EDGE_LOOP ( 'NONE', ( #554, #266, #1021, #1386, #783, #556, #1195, #1316 ) ) ;
#196 = ORIENTED_EDGE ( 'NONE', *, *, #257, .T. ) ;
#197 = VERTEX_POINT ( 'NONE', #49 ) ;
#198 = CARTESIAN_POINT ( 'NONE',  ( 1.100000000000000089, 0.1036097637165818430, 4.999999999999998224 ) ) ;
#199 = VERTEX_POINT ( 'NONE', #397 ) ;
#200 = EDGE_LOOP ( 'NONE', ( #37, #319, #1001, #743 ) ) ;
#201 = SURFACE_STYLE_USAGE ( .BOTH. , #323 ) ;
#202 = DIRECTION ( 'NONE',  ( -0.000000000000000000, -1.000000000000000000, -0.000000000000000000 ) ) ;
#203 = CARTESIAN_POINT ( 'NONE',  ( 1.100000000000000089, 0.4999999999999995559, 2.199999999999997957 ) ) ;
#204 = EDGE_CURVE ( 'NONE', #4, #516, #35, .T. ) ;
#205 = DIRECTION ( 'NONE',  ( 0.000000000000000000, 0.000000000000000000, 1.000000000000000000 ) ) ;
#206 = CARTESIAN_POINT ( 'NONE',  ( -1.100000000000000089, 0.5000000000000000000, -4.600000000000000533 ) ) ;
#207 = UNCERTAINTY_MEASURE_WITH_UNIT (LENGTH_MEASURE( 1.000000000000000082E-05 ), #654, 'distance_accuracy_value', 'NONE');
#208 = SURFACE_STYLE_FILL_AREA ( #1495 ) ;
#209 = LINE ( 'NONE', #1200, #1032 ) ;
#210 =( NAMED_UNIT ( * ) SI_UNIT ( $, .STERADIAN. ) SOLID_ANGLE_UNIT ( ) );
#211 = FACE_OUTER_BOUND ( 'NONE', #784, .T. ) ;
#212 = SURFACE_STYLE_FILL_AREA ( #828 ) ;
#213 = AXIS2_PLACEMENT_3D ( 'NONE', #1121, #758, #62 ) ;
#214 = SURFACE_SIDE_STYLE ('',( #1139 ) ) ;
#215 = ORIENTED_EDGE ( 'NONE', *, *, #11, .F. ) ;
#216 = VERTEX_POINT ( 'NONE', #529 ) ;
#217 = ORIENTED_EDGE ( 'NONE', *, *, #928, .F. ) ;
#218 = DIRECTION ( 'NONE',  ( -1.000000000000000000, -0.000000000000000000, -0.000000000000000000 ) ) ;
#219 = ORIENTED_EDGE ( 'NONE', *, *, #779, .F. ) ;
#220 = EDGE_LOOP ( 'NONE', ( #1218, #396, #1038, #1409 ) ) ;
#221 = DIRECTION ( 'NONE',  ( 0.000000000000000000, 1.000000000000000000, 0.000000000000000000 ) ) ;
#222 = SURFACE_STYLE_USAGE ( .BOTH. , #1302 ) ;
#223 =( GEOMETRIC_REPRESENTATION_CONTEXT ( 3 ) GLOBAL_UNCERTAINTY_ASSIGNED_CONTEXT ( ( #418 ) ) GLOBAL_UNIT_ASSIGNED_CONTEXT ( ( #990, #636, #278 ) ) REPRESENTATION_CONTEXT ( 'NONE', 'WORKASPACE' ) );
#224 = DIRECTION ( 'NONE',  ( -1.008560160451632098E-16, 0.000000000000000000, -1.000000000000000000 ) ) ;
#225 = UNCERTAINTY_MEASURE_WITH_UNIT (LENGTH_MEASURE( 1.000000000000000082E-05 ), #809, 'distance_accuracy_value', 'NONE');
#226 = DIRECTION ( 'NONE',  ( -0.000000000000000000, -0.000000000000000000, 1.000000000000000000 ) ) ;
#227 = SURFACE_SIDE_STYLE ('',( #437 ) ) ;
#228 = PRESENTATION_STYLE_ASSIGNMENT (( #471 ) ) ;
#229 = VECTOR ( 'NONE', #467, 1000.000000000000000 ) ;
#230 = CARTESIAN_POINT ( 'NONE',  ( 4.299999999999997158, 4.700000000000000178, -5.099999999999997868 ) ) ;
#231 = EDGE_CURVE ( 'NONE', #426, #841, #406, .T. ) ;
#232 = DIRECTION ( 'NONE',  ( 0.000000000000000000, 1.000000000000000000, 0.000000000000000000 ) ) ;
#233 = ORIENTED_EDGE ( 'NONE', *, *, #717, .F. ) ;
#234 = ORIENTED_EDGE ( 'NONE', *, *, #876, .F. ) ;
#235 = ORIENTED_EDGE ( 'NONE', *, *, #1265, .T. ) ;
#236 = CARTESIAN_POINT ( 'NONE',  ( 1.100000000000000089, -0.09639023628341814032, 2.199999999999997957 ) ) ;
#237 = CARTESIAN_POINT ( 'NONE',  ( -4.300000000000001599, 0.000000000000000000, -5.099999999999997868 ) ) ;
#238 = CARTESIAN_POINT ( 'NONE',  ( -1.249999999999999556, 0.000000000000000000, -4.599999999999999645 ) ) ;
#239 = VECTOR ( 'NONE', #72, 1000.000000000000000 ) ;
#240 = EDGE_CURVE ( 'NONE', #1355, #838, #1017, .T. ) ;
#241 = CARTESIAN_POINT ( 'NONE',  ( -4.300000000000001599, 4.700000000000000178, -5.099999999999997868 ) ) ;
#242 =( NAMED_UNIT ( * ) SI_UNIT ( $, .STERADIAN. ) SOLID_ANGLE_UNIT ( ) );
#243 = AXIS2_PLACEMENT_3D ( 'NONE', #1037, #685, #1176 ) ;
#244 = COLOUR_RGB ( '',0.9882352941176471006, 0.7372549019607843590, 0.5176470588235293491 ) ;
#245 = VECTOR ( 'NONE', #253, 1000.000000000000000 ) ;
#246 = ORIENTED_EDGE ( 'NONE', *, *, #240, .T. ) ;
#247 = ORIENTED_EDGE ( 'NONE', *, *, #69, .T. ) ;
#248 = FILL_AREA_STYLE_COLOUR ( '', #1146 ) ;
#249 = MANIFOLD_SOLID_BREP ( 'Cut-Extrude2', #296 ) ;
#250 = VERTEX_POINT ( 'NONE', #543 ) ;
#251 = PLANE ( 'NONE',  #1445 ) ;
#252 = EDGE_LOOP ( 'NONE', ( #1411, #1236, #1060, #1040 ) ) ;
#253 = DIRECTION ( 'NONE',  ( -1.000000000000000000, -0.000000000000000000, -0.000000000000000000 ) ) ;
#254 = DIRECTION ( 'NONE',  ( -0.000000000000000000, 1.000000000000000000, -0.000000000000000000 ) ) ;
#255 = VECTOR ( 'NONE', #441, 1000.000000000000000 ) ;
#256 =( LENGTH_UNIT ( ) NAMED_UNIT ( * ) SI_UNIT ( .MILLI., .METRE. ) );
#257 = EDGE_CURVE ( 'NONE', #785, #250, #549, .T. ) ;
#258 = FILL_AREA_STYLE_COLOUR ( '', #675 ) ;
#259 = VECTOR ( 'NONE', #1196, 1000.000000000000000 ) ;
#260 = STYLED_ITEM ( 'NONE', ( #404 ), #394 ) ;
#261 = SURFACE_STYLE_USAGE ( .BOTH. , #34 ) ;
#262 = DIRECTION ( 'NONE',  ( -0.000000000000000000, -1.000000000000000000, -0.000000000000000000 ) ) ;
#263 = PLANE ( 'NONE',  #410 ) ;
#264 = CIRCLE ( 'NONE', #438, 0.7999999999999999334 ) ;
#265 = ORIENTED_EDGE ( 'NONE', *, *, #313, .T. ) ;
#266 = ORIENTED_EDGE ( 'NONE', *, *, #76, .T. ) ;
#267 = AXIS2_PLACEMENT_3D ( 'NONE', #337, #798, #820 ) ;
#268 =( NAMED_UNIT ( * ) SI_UNIT ( $, .STERADIAN. ) SOLID_ANGLE_UNIT ( ) );
#269 = CARTESIAN_POINT ( 'NONE',  ( -1.100000000000000089, 2.914551592988479989, 5.199999999999998401 ) ) ;
#270 = EDGE_LOOP ( 'NONE', ( #1118, #3, #318, #1334, #1274, #377 ) ) ;
#271 = ORIENTED_EDGE ( 'NONE', *, *, #855, .T. ) ;
#272 = EDGE_CURVE ( 'NONE', #662, #595, #1381, .T. ) ;
#273 = PRODUCT_RELATED_PRODUCT_CATEGORY ( 'part', '', ( #520 ) ) ;
#274 = CARTESIAN_POINT ( 'NONE',  ( 1.100000000000000089, 0.1036097637165832447, 5.199999999999998401 ) ) ;
#275 = SURFACE_SIDE_STYLE ('',( #925 ) ) ;
#276 = SURFACE_STYLE_FILL_AREA ( #320 ) ;
#277 = EDGE_CURVE ( 'NONE', #128, #1256, #1188, .T. ) ;
#278 =( NAMED_UNIT ( * ) SI_UNIT ( $, .STERADIAN. ) SOLID_ANGLE_UNIT ( ) );
#279 = ADVANCED_FACE ( 'NONE', ( #718 ), #445, .F. ) ;
#280 = LINE ( 'NONE', #269, #1015 ) ;
#281 = CARTESIAN_POINT ( 'NONE',  ( -4.300000000000001599, 4.700000000000000178, -4.299999999999997158 ) ) ;
#282 = VECTOR ( 'NONE', #202, 1000.000000000000000 ) ;
#283 = ORIENTED_EDGE ( 'NONE', *, *, #76, .F. ) ;
#284 = ORIENTED_EDGE ( 'NONE', *, *, #11, .T. ) ;
#285 = MECHANICAL_DESIGN_GEOMETRIC_PRESENTATION_REPRESENTATION (  '', ( #947 ), #436 ) ;
#286 = DIRECTION ( 'NONE',  ( -0.000000000000000000, -0.000000000000000000, -1.000000000000000000 ) ) ;
#287 = EDGE_LOOP ( 'NONE', ( #748, #233, #336, #442 ) ) ;
#288 = ADVANCED_FACE ( 'NONE', ( #509 ), #906, .T. ) ;
#289 = MECHANICAL_DESIGN_GEOMETRIC_PRESENTATION_REPRESENTATION (  '', ( #260 ), #456 ) ;
#290 = CARTESIAN_POINT ( 'NONE',  ( 1.250000000000000444, 0.000000000000000000, 4.599999999999999645 ) ) ;
#291 = SURFACE_STYLE_USAGE ( .BOTH. , #1506 ) ;
#292 = SURFACE_SIDE_STYLE ('',( #208 ) ) ;
#293 = LINE ( 'NONE', #1396, #174 ) ;
#294 = AXIS2_PLACEMENT_3D ( 'NONE', #1191, #23, #1346 ) ;
#295 = VECTOR ( 'NONE', #1441, 1000.000000000000000 ) ;
#296 = CLOSED_SHELL ( 'NONE', ( #526, #521, #750, #1116, #885, #162, #1362, #983, #399, #1478, #1356, #756, #1224, #626, #1367, #1231, #298, #77, #1498, #64, #1483, #169 ) ) ;
#297 =( NAMED_UNIT ( * ) PLANE_ANGLE_UNIT ( ) SI_UNIT ( $, .RADIAN. ) );
#298 = ADVANCED_FACE ( 'NONE', ( #1111 ), #734, .T. ) ;
#299 = EDGE_LOOP ( 'NONE', ( #1254, #219, #1336, #500 ) ) ;
#300 = CARTESIAN_POINT ( 'NONE',  ( -1.100000000000000089, 0.5000000000000000000, -2.199999999999997957 ) ) ;
#301 = CARTESIAN_POINT ( 'NONE',  ( -4.299999999999999822, 0.000000000000000000, 5.100000000000001421 ) ) ;
#302 = ORIENTED_EDGE ( 'NONE', *, *, #1299, .T. ) ;
#303 = ORIENTED_EDGE ( 'NONE', *, *, #536, .T. ) ;
#304 = EDGE_CURVE ( 'NONE', #1235, #407, #1501, .T. ) ;
#305 = FILL_AREA_STYLE ('',( #1010 ) ) ;
#306 = LINE ( 'NONE', #241, #1282 ) ;
#307 =( LENGTH_UNIT ( ) NAMED_UNIT ( * ) SI_UNIT ( .MILLI., .METRE. ) );
#308 = LINE ( 'NONE', #1364, #1180 ) ;
#309 = VECTOR ( 'NONE', #864, 1000.000000000000000 ) ;
#310 = CARTESIAN_POINT ( 'NONE',  ( 1.250000000000000444, 0.000000000000000000, 4.599999999999999645 ) ) ;
#311 = AXIS2_PLACEMENT_3D ( 'NONE', #598, #834, #1186 ) ;
#312 =( LENGTH_UNIT ( ) NAMED_UNIT ( * ) SI_UNIT ( .MILLI., .METRE. ) );
#313 = EDGE_CURVE ( 'NONE', #408, #199, #280, .T. ) ;
#314 = CARTESIAN_POINT ( 'NONE',  ( -4.300000000000001599, 4.700000000000000178, -4.299999999999997158 ) ) ;
#315 = AXIS2_PLACEMENT_3D ( 'NONE', #378, #492, #510 ) ;
#316 = VECTOR ( 'NONE', #973, 1000.000000000000000 ) ;
#317 = CARTESIAN_POINT ( 'NONE',  ( 1.250000000000000444, 3.191292569943654733, -4.599999999999999645 ) ) ;
#318 = ORIENTED_EDGE ( 'NONE', *, *, #980, .F. ) ;
#319 = ORIENTED_EDGE ( 'NONE', *, *, #1092, .F. ) ;
#320 = FILL_AREA_STYLE ('',( #1380 ) ) ;
#321 = ORIENTED_EDGE ( 'NONE', *, *, #682, .F. ) ;
#322 = EDGE_LOOP ( 'NONE', ( #1061, #461, #1487, #1197 ) ) ;
#323 = SURFACE_SIDE_STYLE ('',( #83 ) ) ;
#324 = AXIS2_PLACEMENT_3D ( 'NONE', #1320, #129, #608 ) ;
#325 = CARTESIAN_POINT ( 'NONE',  ( 1.100000000000000089, 0.1036097637165832447, 5.199999999999998401 ) ) ;
#326 = CIRCLE ( 'NONE', #1229, 0.1999999999999996503 ) ;
#327 = SURFACE_STYLE_FILL_AREA ( #550 ) ;
#328 = CARTESIAN_POINT ( 'NONE',  ( -1.249999999999998446, -0.000000000000000000, -1.400000000000000577 ) ) ;
#329 = FACE_OUTER_BOUND ( 'NONE', #1148, .T. ) ;
#330 = CARTESIAN_POINT ( 'NONE',  ( 1.100000000000000089, -0.09639023628341819583, -4.999999999999996447 ) ) ;
#331 = CARTESIAN_POINT ( 'NONE',  ( 1.100000000000000089, -0.09639023628341797378, 4.999999999999996447 ) ) ;
#332 = MECHANICAL_DESIGN_GEOMETRIC_PRESENTATION_REPRESENTATION (  '', ( #387 ), #1359 ) ;
#333 = ORIENTED_EDGE ( 'NONE', *, *, #89, .T. ) ;
#334 = VERTEX_POINT ( 'NONE', #274 ) ;
#335 = PLANE ( 'NONE',  #485 ) ;
#336 = ORIENTED_EDGE ( 'NONE', *, *, #855, .F. ) ;
#337 = CARTESIAN_POINT ( 'NONE',  ( -4.300000000000001599, 0.000000000000000000, -4.299999999999997158 ) ) ;
#338 = DIRECTION ( 'NONE',  ( -1.000000000000000000, 0.000000000000000000, -0.000000000000000000 ) ) ;
#339 = CARTESIAN_POINT ( 'NONE',  ( -4.299999999999999822, 4.700000000000000178, 5.100000000000001421 ) ) ;
#340 = VECTOR ( 'NONE', #221, 1000.000000000000000 ) ;
#341 = DIRECTION ( 'NONE',  ( -1.000000000000000000, -0.000000000000000000, -0.000000000000000000 ) ) ;
#342 = DIRECTION ( 'NONE',  ( 0.000000000000000000, -0.000000000000000000, 1.000000000000000000 ) ) ;
#343 = FACE_OUTER_BOUND ( 'NONE', #287, .T. ) ;
#344 = STYLED_ITEM ( 'NONE', ( #563 ), #1257 ) ;
#345 = DIRECTION ( 'NONE',  ( 0.000000000000000000, 1.000000000000000000, 0.000000000000000000 ) ) ;
#346 = FACE_OUTER_BOUND ( 'NONE', #440, .T. ) ;
#347 = CARTESIAN_POINT ( 'NONE',  ( -1.100000000000000089, 2.914551592988481765, -5.199999999999998401 ) ) ;
#348 = DIRECTION ( 'NONE',  ( -0.000000000000000000, 1.000000000000000000, -3.592226981221277623E-16 ) ) ;
#349 = DIRECTION ( 'NONE',  ( -0.000000000000000000, -1.000000000000000000, -0.000000000000000000 ) ) ;
#350 = EDGE_CURVE ( 'NONE', #426, #659, #1269, .T. ) ;
#351 = FILL_AREA_STYLE_COLOUR ( '', #992 ) ;
#352 = ORIENTED_EDGE ( 'NONE', *, *, #770, .F. ) ;
#353 = ORIENTED_EDGE ( 'NONE', *, *, #1457, .T. ) ;
#354 = ORIENTED_EDGE ( 'NONE', *, *, #384, .F. ) ;
#355 = FILL_AREA_STYLE ('',( #478 ) ) ;
#356 = SURFACE_SIDE_STYLE ('',( #212 ) ) ;
#357 = ORIENTED_EDGE ( 'NONE', *, *, #375, .T. ) ;
#358 = CARTESIAN_POINT ( 'NONE',  ( -4.299999999999999822, 0.000000000000000000, 5.100000000000001421 ) ) ;
#359 = CARTESIAN_POINT ( 'NONE',  ( -1.249999999999999334, 0.5000000000000000000, 1.400000000000000577 ) ) ;
#360 = STYLED_ITEM ( 'NONE', ( #1182 ), #991 ) ;
#361 = AXIS2_PLACEMENT_3D ( 'NONE', #1270, #544, #637 ) ;
#362 = CARTESIAN_POINT ( 'NONE',  ( 1.100000000000000089, 2.914551592988479989, 5.199999999999998401 ) ) ;
#363 = CARTESIAN_POINT ( 'NONE',  ( 1.100000000000000089, -0.09639023628341819583, -2.199999999999997957 ) ) ;
#364 = VECTOR ( 'NONE', #1479, 1000.000000000000000 ) ;
#365 = DIRECTION ( 'NONE',  ( -0.000000000000000000, -0.000000000000000000, 1.000000000000000000 ) ) ;
#366 = VECTOR ( 'NONE', #890, 1000.000000000000000 ) ;
#367 = CARTESIAN_POINT ( 'NONE',  ( -1.100000000000000089, -0.09639023628341819583, -2.199999999999997957 ) ) ;
#368 = CARTESIAN_POINT ( 'NONE',  ( 1.249999999999999334, 0.000000000000000000, 1.400000000000000577 ) ) ;
#369 = LINE ( 'NONE', #1529, #1012 ) ;
#370 = DIRECTION ( 'NONE',  ( -0.000000000000000000, -1.000000000000000000, -0.000000000000000000 ) ) ;
#371 = LINE ( 'NONE', #468, #698 ) ;
#372 = CARTESIAN_POINT ( 'NONE',  ( 1.100000000000000089, 0.5000000000000000000, -4.600000000000000533 ) ) ;
#373 = DIRECTION ( 'NONE',  ( -0.000000000000000000, -0.000000000000000000, -1.000000000000000000 ) ) ;
#374 = ORIENTED_EDGE ( 'NONE', *, *, #547, .F. ) ;
#375 = EDGE_CURVE ( 'NONE', #1129, #946, #472, .T. ) ;
#376 = CARTESIAN_POINT ( 'NONE',  ( 1.100000000000000089, 0.1036097637165817875, -5.199999999999998401 ) ) ;
#377 = ORIENTED_EDGE ( 'NONE', *, *, #154, .T. ) ;
#378 = CARTESIAN_POINT ( 'NONE',  ( 0.000000000000000000, 0.000000000000000000, 0.000000000000000000 ) ) ;
#379 = VERTEX_POINT ( 'NONE', #25 ) ;
#380 =( NAMED_UNIT ( * ) PLANE_ANGLE_UNIT ( ) SI_UNIT ( $, .RADIAN. ) );
#381 = PLANE ( 'NONE',  #294 ) ;
#382 = APPLICATION_CONTEXT ( 'automotive_design' ) ;
#383 = CARTESIAN_POINT ( 'NONE',  ( -1.249999999999999334, 0.5000000000000000000, 1.400000000000000577 ) ) ;
#384 = EDGE_CURVE ( 'NONE', #1238, #122, #120, .T. ) ;
#385 = FACE_OUTER_BOUND ( 'NONE', #896, .T. ) ;
#386 = COLOUR_RGB ( '',0.9882352941176471006, 0.7372549019607843590, 0.5176470588235293491 ) ;
#387 = STYLED_ITEM ( 'NONE', ( #85 ), #279 ) ;
#388 = CARTESIAN_POINT ( 'NONE',  ( 1.250000000000000444, 3.191292569943654733, 4.599999999999999645 ) ) ;
#389 = PRESENTATION_STYLE_ASSIGNMENT (( #435 ) ) ;
#390 = DIRECTION ( 'NONE',  ( 1.000000000000000000, 0.000000000000000000, 0.000000000000000000 ) ) ;
#391 = VECTOR ( 'NONE', #640, 1000.000000000000000 ) ;
#392 = VERTEX_POINT ( 'NONE', #958 ) ;
#393 =( LENGTH_UNIT ( ) NAMED_UNIT ( * ) SI_UNIT ( .MILLI., .METRE. ) );
#394 = ADVANCED_FACE ( 'NONE', ( #493 ), #263, .F. ) ;
#395 = ORIENTED_EDGE ( 'NONE', *, *, #96, .F. ) ;
#396 = ORIENTED_EDGE ( 'NONE', *, *, #1169, .F. ) ;
#397 = CARTESIAN_POINT ( 'NONE',  ( -1.100000000000000089, 2.914551592988479989, 5.199999999999998401 ) ) ;
#398 = ORIENTED_EDGE ( 'NONE', *, *, #806, .F. ) ;
#399 = ADVANCED_FACE ( 'NONE', ( #1053 ), #86, .F. ) ;
#400 = VECTOR ( 'NONE', #1416, 1000.000000000000000 ) ;
#401 = CARTESIAN_POINT ( 'NONE',  ( 1.100000000000000089, 0.1036097637165817875, -5.199999999999998401 ) ) ;
#402 = EDGE_CURVE ( 'NONE', #19, #1129, #1422, .T. ) ;
#403 = VECTOR ( 'NONE', #348, 1000.000000000000000 ) ;
#404 = PRESENTATION_STYLE_ASSIGNMENT (( #1208 ) ) ;
#405 = DIRECTION ( 'NONE',  ( -0.000000000000000000, -0.000000000000000000, 1.000000000000000000 ) ) ;
#406 = LINE ( 'NONE', #79, #606 ) ;
#407 = VERTEX_POINT ( 'NONE', #203 ) ;
#408 = VERTEX_POINT ( 'NONE', #1131 ) ;
#409 = EDGE_LOOP ( 'NONE', ( #953, #1502, #778, #625 ) ) ;
#410 = AXIS2_PLACEMENT_3D ( 'NONE', #1510, #419, #75 ) ;
#411 = DIRECTION ( 'NONE',  ( -2.017120320903264442E-16, -0.000000000000000000, -1.000000000000000000 ) ) ;
#412 = DIRECTION ( 'NONE',  ( 1.000000000000000000, -0.000000000000000000, 0.000000000000000000 ) ) ;
#413 = LINE ( 'NONE', #1249, #239 ) ;
#414 = AXIS2_PLACEMENT_3D ( 'NONE', #727, #1213, #895 ) ;
#415 = LINE ( 'NONE', #1255, #1493 ) ;
#416 = CARTESIAN_POINT ( 'NONE',  ( -1.249999999999999556, 3.191292569943654733, -5.100000000000000533 ) ) ;
#417 = VECTOR ( 'NONE', #465, 1000.000000000000000 ) ;
#418 = UNCERTAINTY_MEASURE_WITH_UNIT (LENGTH_MEASURE( 1.000000000000000082E-05 ), #990, 'distance_accuracy_value', 'NONE');
#419 = DIRECTION ( 'NONE',  ( 0.000000000000000000, 3.592226981221275650E-16, -1.000000000000000000 ) ) ;
#420 = VERTEX_POINT ( 'NONE', #1372 ) ;
#421 = DIRECTION ( 'NONE',  ( 0.000000000000000000, 0.000000000000000000, -1.000000000000000000 ) ) ;
#422 = ORIENTED_EDGE ( 'NONE', *, *, #497, .F. ) ;
#423 = CARTESIAN_POINT ( 'NONE',  ( 4.299999999999998046, 4.700000000000000178, 5.100000000000000533 ) ) ;
#424 = ORIENTED_EDGE ( 'NONE', *, *, #1484, .F. ) ;
#425 = ORIENTED_EDGE ( 'NONE', *, *, #889, .T. ) ;
#426 = VERTEX_POINT ( 'NONE', #1494 ) ;
#427 = EDGE_CURVE ( 'NONE', #746, #334, #491, .T. ) ;
#428 = SURFACE_SIDE_STYLE ('',( #276 ) ) ;
#429 =( NAMED_UNIT ( * ) PLANE_ANGLE_UNIT ( ) SI_UNIT ( $, .RADIAN. ) );
#430 = DIRECTION ( 'NONE',  ( -1.000000000000000000, 0.000000000000000000, 0.000000000000000000 ) ) ;
#431 = LINE ( 'NONE', #810, #98 ) ;
#432 = VECTOR ( 'NONE', #158, 1000.000000000000000 ) ;
#433 = DIRECTION ( 'NONE',  ( -1.000000000000000000, -0.000000000000000000, -0.000000000000000000 ) ) ;
#434 = FACE_OUTER_BOUND ( 'NONE', #744, .T. ) ;
#435 = SURFACE_STYLE_USAGE ( .BOTH. , #1398 ) ;
#436 =( GEOMETRIC_REPRESENTATION_CONTEXT ( 3 ) GLOBAL_UNCERTAINTY_ASSIGNED_CONTEXT ( ( #715 ) ) GLOBAL_UNIT_ASSIGNED_CONTEXT ( ( #312, #545, #1530 ) ) REPRESENTATION_CONTEXT ( 'NONE', 'WORKASPACE' ) );
#437 = SURFACE_STYLE_FILL_AREA ( #1528 ) ;
#438 = AXIS2_PLACEMENT_3D ( 'NONE', #697, #345, #829 ) ;
#439 = UNCERTAINTY_MEASURE_WITH_UNIT (LENGTH_MEASURE( 1.000000000000000082E-05 ), #657, 'distance_accuracy_value', 'NONE');
#440 = EDGE_LOOP ( 'NONE', ( #1253, #53, #1117, #353 ) ) ;
#441 = DIRECTION ( 'NONE',  ( -1.000000000000000000, -0.000000000000000000, -0.000000000000000000 ) ) ;
#442 = ORIENTED_EDGE ( 'NONE', *, *, #751, .T. ) ;
#443 = ORIENTED_EDGE ( 'NONE', *, *, #167, .T. ) ;
#444 =( NAMED_UNIT ( * ) PLANE_ANGLE_UNIT ( ) SI_UNIT ( $, .RADIAN. ) );
#445 = PLANE ( 'NONE',  #78 ) ;
#446 = EDGE_CURVE ( 'NONE', #761, #197, #905, .T. ) ;
#447 = EDGE_CURVE ( 'NONE', #41, #838, #369, .T. ) ;
#448 =( NAMED_UNIT ( * ) PLANE_ANGLE_UNIT ( ) SI_UNIT ( $, .RADIAN. ) );
#449 = LINE ( 'NONE', #933, #666 ) ;
#450 =( NAMED_UNIT ( * ) SI_UNIT ( $, .STERADIAN. ) SOLID_ANGLE_UNIT ( ) );
#451 = CARTESIAN_POINT ( 'NONE',  ( -1.249999999999999556, 3.191292569943654733, -4.599999999999999645 ) ) ;
#452 = PRESENTATION_STYLE_ASSIGNMENT (( #539 ) ) ;
#453 = FACE_OUTER_BOUND ( 'NONE', #1102, .T. ) ;
#454 = CARTESIAN_POINT ( 'NONE',  ( 5.099999999999996980, 4.700000000000000178, -4.299999999999997158 ) ) ;
#455 = EDGE_CURVE ( 'NONE', #4, #1275, #1267, .T. ) ;
#456 =( GEOMETRIC_REPRESENTATION_CONTEXT ( 3 ) GLOBAL_UNCERTAINTY_ASSIGNED_CONTEXT ( ( #1261 ) ) GLOBAL_UNIT_ASSIGNED_CONTEXT ( ( #852, #1335, #1090 ) ) REPRESENTATION_CONTEXT ( 'NONE', 'WORKASPACE' ) );
#457 = ORIENTED_EDGE ( 'NONE', *, *, #22, .T. ) ;
#458 = ORIENTED_EDGE ( 'NONE', *, *, #1123, .T. ) ;
#459 = CARTESIAN_POINT ( 'NONE',  ( 1.249999999999999334, 0.5000000000000000000, 1.400000000000000577 ) ) ;
#460 = ORIENTED_EDGE ( 'NONE', *, *, #1350, .F. ) ;
#461 = ORIENTED_EDGE ( 'NONE', *, *, #558, .F. ) ;
#462 = CARTESIAN_POINT ( 'NONE',  ( -4.299999999999999822, 0.000000000000000000, 4.300000000000000711 ) ) ;
#463 = ORIENTED_EDGE ( 'NONE', *, *, #866, .F. ) ;
#464 = PRESENTATION_LAYER_ASSIGNMENT (  '', '', ( #851 ) ) ;
#465 = DIRECTION ( 'NONE',  ( -0.000000000000000000, -1.000000000000000000, -0.000000000000000000 ) ) ;
#466 = EDGE_CURVE ( 'NONE', #1392, #1127, #1125, .T. ) ;
#467 = DIRECTION ( 'NONE',  ( -0.000000000000000000, -0.000000000000000000, -1.000000000000000000 ) ) ;
#468 = CARTESIAN_POINT ( 'NONE',  ( -5.100000000000000533, 4.700000000000000178, 4.300000000000000711 ) ) ;
#469 = LINE ( 'NONE', #954, #259 ) ;
#470 = DIRECTION ( 'NONE',  ( -1.000000000000000000, -0.000000000000000000, -0.000000000000000000 ) ) ;
#471 = SURFACE_STYLE_USAGE ( .BOTH. , #1438 ) ;
#472 = LINE ( 'NONE', #721, #981 ) ;
#473 = PLANE ( 'NONE',  #919 ) ;
#474 = PRESENTATION_STYLE_ASSIGNMENT (( #1221 ) ) ;
#475 = EDGE_CURVE ( 'NONE', #746, #199, #13, .T. ) ;
#476 = ORIENTED_EDGE ( 'NONE', *, *, #1410, .F. ) ;
#477 = EDGE_LOOP ( 'NONE', ( #884, #235, #913, #457 ) ) ;
#478 = FILL_AREA_STYLE_COLOUR ( '', #1402 ) ;
#479 =( GEOMETRIC_REPRESENTATION_CONTEXT ( 3 ) GLOBAL_UNCERTAINTY_ASSIGNED_CONTEXT ( ( #439 ) ) GLOBAL_UNIT_ASSIGNED_CONTEXT ( ( #657, #81, #914 ) ) REPRESENTATION_CONTEXT ( 'NONE', 'WORKASPACE' ) );
#480 = EDGE_LOOP ( 'NONE', ( #1314, #985, #515, #1452 ) ) ;
#481 = PLANE ( 'NONE',  #634 ) ;
#482 = CARTESIAN_POINT ( 'NONE',  ( 4.299999999999997158, 4.700000000000000178, -4.299999999999997158 ) ) ;
#483 =( LENGTH_UNIT ( ) NAMED_UNIT ( * ) SI_UNIT ( .MILLI., .METRE. ) );
#484 = CARTESIAN_POINT ( 'NONE',  ( -1.100000000000000089, -0.09639023628341819583, -4.999999999999996447 ) ) ;
#485 = AXIS2_PLACEMENT_3D ( 'NONE', #555, #1166, #1394 ) ;
#486 =( LENGTH_UNIT ( ) NAMED_UNIT ( * ) SI_UNIT ( .MILLI., .METRE. ) );
#487 = SURFACE_STYLE_USAGE ( .BOTH. , #46 ) ;
#488 = LINE ( 'NONE', #1242, #1437 ) ;
#489 = LINE ( 'NONE', #206, #1073 ) ;
#490 = CARTESIAN_POINT ( 'NONE',  ( 0.000000000000000000, 0.5000000000000000000, 0.000000000000000000 ) ) ;
#491 = LINE ( 'NONE', #1019, #656 ) ;
#492 = DIRECTION ( 'NONE',  ( 0.000000000000000000, 0.000000000000000000, 1.000000000000000000 ) ) ;
#493 = FACE_OUTER_BOUND ( 'NONE', #1101, .T. ) ;
#494 = MECHANICAL_DESIGN_GEOMETRIC_PRESENTATION_REPRESENTATION (  '', ( #899 ), #578 ) ;
#495 = PLANE ( 'NONE',  #599 ) ;
#496 = ORIENTED_EDGE ( 'NONE', *, *, #1309, .T. ) ;
#497 = EDGE_CURVE ( 'NONE', #250, #819, #1518, .T. ) ;
#498 = VERTEX_POINT ( 'NONE', #680 ) ;
#499 = ORIENTED_EDGE ( 'NONE', *, *, #475, .F. ) ;
#500 = ORIENTED_EDGE ( 'NONE', *, *, #866, .T. ) ;
#501 = CARTESIAN_POINT ( 'NONE',  ( -4.300000000000001599, 4.700000000000000178, -5.099999999999997868 ) ) ;
#502 = ORIENTED_EDGE ( 'NONE', *, *, #350, .T. ) ;
#503 = DIRECTION ( 'NONE',  ( -0.000000000000000000, -0.000000000000000000, -1.000000000000000000 ) ) ;
#504 = ADVANCED_FACE ( 'NONE', ( #587 ), #335, .F. ) ;
#505 = LINE ( 'NONE', #955, #1066 ) ;
#506 = SURFACE_SIDE_STYLE ('',( #1324 ) ) ;
#507 = EDGE_CURVE ( 'NONE', #910, #392, #264, .T. ) ;
#508 = DIRECTION ( 'NONE',  ( -1.000000000000000000, -0.000000000000000000, 0.000000000000000000 ) ) ;
#509 = FACE_OUTER_BOUND ( 'NONE', #409, .T. ) ;
#510 = DIRECTION ( 'NONE',  ( 1.000000000000000000, 0.000000000000000000, 0.000000000000000000 ) ) ;
#511 = PRESENTATION_STYLE_ASSIGNMENT (( #849 ) ) ;
#512 = UNCERTAINTY_MEASURE_WITH_UNIT (LENGTH_MEASURE( 1.000000000000000082E-05 ), #29, 'distance_accuracy_value', 'NONE');
#513 = ORIENTED_EDGE ( 'NONE', *, *, #89, .F. ) ;
#514 = CARTESIAN_POINT ( 'NONE',  ( -1.249999999999999556, 3.191292569943654733, -5.100000000000000533 ) ) ;
#515 = ORIENTED_EDGE ( 'NONE', *, *, #1458, .F. ) ;
#516 = VERTEX_POINT ( 'NONE', #1517 ) ;
#517 = STYLED_ITEM ( 'NONE', ( #389 ), #504 ) ;
#518 = CARTESIAN_POINT ( 'NONE',  ( 1.250000000000000444, 0.000000000000000000, -4.599999999999999645 ) ) ;
#519 = VERTEX_POINT ( 'NONE', #230 ) ;
#520 = PRODUCT ( '744325420', '744325420', '', ( #1342 ) ) ;
#521 = ADVANCED_FACE ( 'NONE', ( #1210 ), #473, .F. ) ;
#522 = DIRECTION ( 'NONE',  ( 0.000000000000000000, 0.000000000000000000, 1.000000000000000000 ) ) ;
#523 = CIRCLE ( 'NONE', #1415, 0.7999999999999994893 ) ;
#524 = DIRECTION ( 'NONE',  ( -1.000000000000000000, -0.000000000000000000, -0.000000000000000000 ) ) ;
#525 = PRESENTATION_STYLE_ASSIGNMENT (( #95 ) ) ;
#526 = ADVANCED_FACE ( 'NONE', ( #1500 ), #788, .F. ) ;
#527 = DIRECTION ( 'NONE',  ( 0.000000000000000000, 0.000000000000000000, 1.000000000000000000 ) ) ;
#528 = EDGE_CURVE ( 'NONE', #1275, #702, #66, .T. ) ;
#529 = CARTESIAN_POINT ( 'NONE',  ( 1.100000000000000089, 0.5000000000000000000, -4.600000000000000533 ) ) ;
#530 = MECHANICAL_DESIGN_GEOMETRIC_PRESENTATION_REPRESENTATION (  '', ( #194 ), #60 ) ;
#531 = LINE ( 'NONE', #82, #135 ) ;
#532 = CARTESIAN_POINT ( 'NONE',  ( 1.250000000000000444, 3.191292569943654733, 4.599999999999999645 ) ) ;
#533 = FILL_AREA_STYLE_COLOUR ( '', #52 ) ;
#534 = VERTEX_POINT ( 'NONE', #1308 ) ;
#535 = ORIENTED_EDGE ( 'NONE', *, *, #1226, .F. ) ;
#536 = EDGE_CURVE ( 'NONE', #747, #21, #740, .T. ) ;
#537 = ORIENTED_EDGE ( 'NONE', *, *, #558, .T. ) ;
#538 = ORIENTED_EDGE ( 'NONE', *, *, #507, .F. ) ;
#539 = SURFACE_STYLE_USAGE ( .BOTH. , #1251 ) ;
#540 = MECHANICAL_DESIGN_GEOMETRIC_PRESENTATION_REPRESENTATION (  '', ( #7 ), #1109 ) ;
#541 = CARTESIAN_POINT ( 'NONE',  ( -1.249999999999998446, 0.5000000000000000000, -1.400000000000000577 ) ) ;
#542 =( NAMED_UNIT ( * ) SI_UNIT ( $, .STERADIAN. ) SOLID_ANGLE_UNIT ( ) );
#543 = CARTESIAN_POINT ( 'NONE',  ( 4.299999999999998046, 0.000000000000000000, 5.100000000000000533 ) ) ;
#544 = DIRECTION ( 'NONE',  ( 1.000000000000000000, 0.000000000000000000, 0.000000000000000000 ) ) ;
#545 =( NAMED_UNIT ( * ) PLANE_ANGLE_UNIT ( ) SI_UNIT ( $, .RADIAN. ) );
#546 = VECTOR ( 'NONE', #121, 1000.000000000000000 ) ;
#547 = EDGE_CURVE ( 'NONE', #125, #516, #1328, .T. ) ;
#548 =( LENGTH_UNIT ( ) NAMED_UNIT ( * ) SI_UNIT ( .MILLI., .METRE. ) );
#549 = LINE ( 'NONE', #301, #1466 ) ;
#550 = FILL_AREA_STYLE ('',( #780 ) ) ;
#551 = LINE ( 'NONE', #949, #1232 ) ;
#552 = UNCERTAINTY_MEASURE_WITH_UNIT (LENGTH_MEASURE( 1.000000000000000082E-05 ), #1341, 'distance_accuracy_value', 'NONE');
#553 = ORIENTED_EDGE ( 'NONE', *, *, #876, .T. ) ;
#554 = ORIENTED_EDGE ( 'NONE', *, *, #1202, .T. ) ;
#555 = CARTESIAN_POINT ( 'NONE',  ( 1.100000000000000089, 0.4999999999999995559, 4.600000000000000533 ) ) ;
#556 = ORIENTED_EDGE ( 'NONE', *, *, #547, .T. ) ;
#557 = ORIENTED_EDGE ( 'NONE', *, *, #889, .F. ) ;
#558 = EDGE_CURVE ( 'NONE', #1485, #94, #119, .T. ) ;
#559 =( NAMED_UNIT ( * ) PLANE_ANGLE_UNIT ( ) SI_UNIT ( $, .RADIAN. ) );
#560 = DIRECTION ( 'NONE',  ( -1.000000000000000000, 0.000000000000000000, -0.000000000000000000 ) ) ;
#561 = DIRECTION ( 'NONE',  ( -1.000000000000000000, -0.000000000000000000, -0.000000000000000000 ) ) ;
#562 =( NAMED_UNIT ( * ) PLANE_ANGLE_UNIT ( ) SI_UNIT ( $, .RADIAN. ) );
#563 = PRESENTATION_STYLE_ASSIGNMENT (( #900 ) ) ;
#564 = PRESENTATION_STYLE_ASSIGNMENT (( #639 ) ) ;
#565 = CARTESIAN_POINT ( 'NONE',  ( 1.250000000000000444, 0.000000000000000000, -5.100000000000000533 ) ) ;
#566 = VECTOR ( 'NONE', #683, 1000.000000000000000 ) ;
#567 = EDGE_CURVE ( 'NONE', #1525, #1127, #191, .T. ) ;
#568 = CARTESIAN_POINT ( 'NONE',  ( -1.249999999999999334, 0.5000000000000000000, 1.400000000000000577 ) ) ;
#569 = AXIS2_PLACEMENT_3D ( 'NONE', #1460, #854, #848 ) ;
#570 = DIRECTION ( 'NONE',  ( -1.000000000000000000, 0.000000000000000000, 0.000000000000000000 ) ) ;
#571 = EDGE_LOOP ( 'NONE', ( #893, #760, #352, #763, #93, #538, #283, #1024, #140, #701, #374, #1063, #968, #422, #825, #535 ) ) ;
#572 = MECHANICAL_DESIGN_GEOMETRIC_PRESENTATION_REPRESENTATION (  '', ( #1496 ), #897 ) ;
#573 = DIRECTION ( 'NONE',  ( 2.017120320903264442E-16, 0.000000000000000000, 1.000000000000000000 ) ) ;
#574 = ORIENTED_EDGE ( 'NONE', *, *, #475, .T. ) ;
#575 = ORIENTED_EDGE ( 'NONE', *, *, #806, .T. ) ;
#576 = ORIENTED_EDGE ( 'NONE', *, *, #988, .F. ) ;
#577 =( NAMED_UNIT ( * ) SI_UNIT ( $, .STERADIAN. ) SOLID_ANGLE_UNIT ( ) );
#578 =( GEOMETRIC_REPRESENTATION_CONTEXT ( 3 ) GLOBAL_UNCERTAINTY_ASSIGNED_CONTEXT ( ( #1481 ) ) GLOBAL_UNIT_ASSIGNED_CONTEXT ( ( #808, #444, #577 ) ) REPRESENTATION_CONTEXT ( 'NONE', 'WORKASPACE' ) );
#579 = EDGE_CURVE ( 'NONE', #894, #534, #963, .T. ) ;
#580 = PLANE ( 'NONE',  #243 ) ;
#581 = FILL_AREA_STYLE ('',( #136 ) ) ;
#582 = SURFACE_STYLE_FILL_AREA ( #1075 ) ;
#583 = CARTESIAN_POINT ( 'NONE',  ( 1.249999999999998446, 0.5000000000000000000, -1.400000000000000577 ) ) ;
#584 = DIRECTION ( 'NONE',  ( 1.000000000000000000, 0.000000000000000000, 0.000000000000000000 ) ) ;
#585 = DIRECTION ( 'NONE',  ( -1.000000000000000000, -0.000000000000000000, -0.000000000000000000 ) ) ;
#586 = LINE ( 'NONE', #831, #546 ) ;
#587 = FACE_OUTER_BOUND ( 'NONE', #252, .T. ) ;
#588 = CARTESIAN_POINT ( 'NONE',  ( 1.250000000000000444, 0.000000000000000000, -4.599999999999999645 ) ) ;
#589 = EDGE_CURVE ( 'NONE', #1352, #408, #1165, .T. ) ;
#590 = DIRECTION ( 'NONE',  ( 1.000000000000000000, 0.000000000000000000, -0.000000000000000000 ) ) ;
#591 = CARTESIAN_POINT ( 'NONE',  ( -1.100000000000000089, 2.914551592988481765, -4.599999999999999645 ) ) ;
#592 = PRESENTATION_LAYER_ASSIGNMENT (  '', '', ( #344 ) ) ;
#593 = VERTEX_POINT ( 'NONE', #156 ) ;
#594 = VERTEX_POINT ( 'NONE', #600 ) ;
#595 = VERTEX_POINT ( 'NONE', #367 ) ;
#596 = CARTESIAN_POINT ( 'NONE',  ( 1.100000000000000089, 0.1036097637165832447, 5.199999999999998401 ) ) ;
#597 = ORIENTED_EDGE ( 'NONE', *, *, #375, .F. ) ;
#598 = CARTESIAN_POINT ( 'NONE',  ( 1.100000000000000089, -0.09639023628341819583, -2.199999999999997957 ) ) ;
#599 = AXIS2_PLACEMENT_3D ( 'NONE', #615, #54, #1098 ) ;
#600 = CARTESIAN_POINT ( 'NONE',  ( 1.250000000000000444, 0.4999999999999997780, 4.599999999999999645 ) ) ;
#601 = DIRECTION ( 'NONE',  ( 2.017120320903264442E-16, 0.000000000000000000, 1.000000000000000000 ) ) ;
#602 = FACE_OUTER_BOUND ( 'NONE', #840, .T. ) ;
#603 = PLANE ( 'NONE',  #1132 ) ;
#604 = CARTESIAN_POINT ( 'NONE',  ( 4.299999999999997158, 0.000000000000000000, -5.099999999999997868 ) ) ;
#605 =( NAMED_UNIT ( * ) SI_UNIT ( $, .STERADIAN. ) SOLID_ANGLE_UNIT ( ) );
#606 = VECTOR ( 'NONE', #1245, 1000.000000000000000 ) ;
#607 = MECHANICAL_DESIGN_GEOMETRIC_PRESENTATION_REPRESENTATION (  '', ( #1036 ), #223 ) ;
#608 = DIRECTION ( 'NONE',  ( 0.000000000000000000, 0.000000000000000000, -1.000000000000000000 ) ) ;
#609 = DIRECTION ( 'NONE',  ( -0.000000000000000000, -1.000000000000000000, -0.000000000000000000 ) ) ;
#610 = ORIENTED_EDGE ( 'NONE', *, *, #50, .F. ) ;
#611 = ORIENTED_EDGE ( 'NONE', *, *, #272, .T. ) ;
#612 = ORIENTED_EDGE ( 'NONE', *, *, #1290, .T. ) ;
#613 = VERTEX_POINT ( 'NONE', #1337 ) ;
#614 = SURFACE_SIDE_STYLE ('',( #1330 ) ) ;
#615 = CARTESIAN_POINT ( 'NONE',  ( 1.100000000000000089, 2.914551592988479989, 5.199999999999998401 ) ) ;
#616 = EDGE_CURVE ( 'NONE', #420, #1238, #1248, .T. ) ;
#617 = SURFACE_STYLE_FILL_AREA ( #1425 ) ;
#618 = AXIS2_PLACEMENT_3D ( 'NONE', #1260, #1385, #1247 ) ;
#619 = PLANE ( 'NONE',  #1339 ) ;
#620 = LINE ( 'NONE', #68, #63 ) ;
#621 = ADVANCED_FACE ( 'NONE', ( #453 ), #1512, .F. ) ;
#622 = AXIS2_PLACEMENT_3D ( 'NONE', #665, #570, #1532 ) ;
#623 = VECTOR ( 'NONE', #503, 1000.000000000000000 ) ;
#624 = AXIS2_PLACEMENT_3D ( 'NONE', #912, #1042, #664 ) ;
#625 = ORIENTED_EDGE ( 'NONE', *, *, #1513, .T. ) ;
#626 = ADVANCED_FACE ( 'NONE', ( #211 ), #909, .F. ) ;
#627 = ORIENTED_EDGE ( 'NONE', *, *, #616, .T. ) ;
#628 = ORIENTED_EDGE ( 'NONE', *, *, #1013, .F. ) ;
#629 = DIRECTION ( 'NONE',  ( 0.000000000000000000, 0.000000000000000000, -1.000000000000000000 ) ) ;
#630 = ORIENTED_EDGE ( 'NONE', *, *, #689, .T. ) ;
#631 = FACE_OUTER_BOUND ( 'NONE', #322, .T. ) ;
#632 = DIRECTION ( 'NONE',  ( -0.000000000000000000, -1.000000000000000000, 0.000000000000000000 ) ) ;
#633 = ADVANCED_FACE ( 'NONE', ( #1420 ), #1030, .F. ) ;
#634 = AXIS2_PLACEMENT_3D ( 'NONE', #842, #139, #44 ) ;
#635 = FACE_OUTER_BOUND ( 'NONE', #1369, .T. ) ;
#636 =( NAMED_UNIT ( * ) PLANE_ANGLE_UNIT ( ) SI_UNIT ( $, .RADIAN. ) );
#637 = DIRECTION ( 'NONE',  ( 0.000000000000000000, 0.000000000000000000, -1.000000000000000000 ) ) ;
#638 = PRESENTATION_STYLE_ASSIGNMENT (( #1094 ) ) ;
#639 = SURFACE_STYLE_USAGE ( .BOTH. , #292 ) ;
#640 = DIRECTION ( 'NONE',  ( 0.000000000000000000, 0.000000000000000000, 1.000000000000000000 ) ) ;
#641 = ORIENTED_EDGE ( 'NONE', *, *, #1431, .F. ) ;
#642 = EDGE_CURVE ( 'NONE', #1473, #1486, #1093, .T. ) ;
#643 = DIRECTION ( 'NONE',  ( -0.000000000000000000, -0.000000000000000000, 1.000000000000000000 ) ) ;
#644 = ORIENTED_EDGE ( 'NONE', *, *, #1350, .T. ) ;
#645 = DIRECTION ( 'NONE',  ( 1.000000000000000000, 0.000000000000000000, 0.000000000000000000 ) ) ;
#646 = AXIS2_PLACEMENT_3D ( 'NONE', #1230, #989, #91 ) ;
#647 = ORIENTED_EDGE ( 'NONE', *, *, #642, .F. ) ;
#648 = CARTESIAN_POINT ( 'NONE',  ( -1.100000000000000089, 2.914551592988481765, -4.599999999999999645 ) ) ;
#649 = CARTESIAN_POINT ( 'NONE',  ( 1.100000000000000089, 2.914551592988479989, 5.199999999999998401 ) ) ;
#650 = COLOUR_RGB ( '',0.9882352941176471006, 0.7372549019607843590, 0.5176470588235293491 ) ;
#651 =( GEOMETRIC_REPRESENTATION_CONTEXT ( 3 ) GLOBAL_UNCERTAINTY_ASSIGNED_CONTEXT ( ( #512 ) ) GLOBAL_UNIT_ASSIGNED_CONTEXT ( ( #29, #1181, #242 ) ) REPRESENTATION_CONTEXT ( 'NONE', 'WORKASPACE' ) );
#652 = DIRECTION ( 'NONE',  ( 0.000000000000000000, 0.000000000000000000, -1.000000000000000000 ) ) ;
#653 = PRESENTATION_LAYER_ASSIGNMENT (  '', '', ( #959 ) ) ;
#654 =( LENGTH_UNIT ( ) NAMED_UNIT ( * ) SI_UNIT ( .MILLI., .METRE. ) );
#655 = PRESENTATION_LAYER_ASSIGNMENT (  '', '', ( #1041 ) ) ;
#656 = VECTOR ( 'NONE', #801, 1000.000000000000000 ) ;
#657 =( LENGTH_UNIT ( ) NAMED_UNIT ( * ) SI_UNIT ( .MILLI., .METRE. ) );
#658 = LINE ( 'NONE', #856, #836 ) ;
#659 = VERTEX_POINT ( 'NONE', #416 ) ;
#660 = EDGE_CURVE ( 'NONE', #519, #125, #293, .T. ) ;
#661 = ORIENTED_EDGE ( 'NONE', *, *, #579, .F. ) ;
#662 = VERTEX_POINT ( 'NONE', #300 ) ;
#663 = DIRECTION ( 'NONE',  ( 1.000000000000000000, 0.000000000000000000, -0.000000000000000000 ) ) ;
#664 = DIRECTION ( 'NONE',  ( 0.000000000000000000, 0.000000000000000000, 1.000000000000000000 ) ) ;
#665 = CARTESIAN_POINT ( 'NONE',  ( -1.249999999999999556, 0.000000000000000000, 4.599999999999999645 ) ) ;
#666 = VECTOR ( 'NONE', #573, 1000.000000000000000 ) ;
#667 =( GEOMETRIC_REPRESENTATION_CONTEXT ( 3 ) GLOBAL_UNCERTAINTY_ASSIGNED_CONTEXT ( ( #668 ) ) GLOBAL_UNIT_ASSIGNED_CONTEXT ( ( #393, #380, #749 ) ) REPRESENTATION_CONTEXT ( 'NONE', 'WORKASPACE' ) );
#668 = UNCERTAINTY_MEASURE_WITH_UNIT (LENGTH_MEASURE( 1.000000000000000082E-05 ), #393, 'distance_accuracy_value', 'NONE');
#669 = DIRECTION ( 'NONE',  ( -1.000000000000000000, 0.000000000000000000, -0.000000000000000000 ) ) ;
#670 = VECTOR ( 'NONE', #694, 1000.000000000000000 ) ;
#671 = MECHANICAL_DESIGN_GEOMETRIC_PRESENTATION_REPRESENTATION (  '', ( #731 ), #1279 ) ;
#672 = PLANE ( 'NONE',  #918 ) ;
#673 = SURFACE_STYLE_FILL_AREA ( #305 ) ;
#674 = VECTOR ( 'NONE', #1158, 1000.000000000000000 ) ;
#675 = COLOUR_RGB ( '',0.9882352941176471006, 0.7372549019607843590, 0.5176470588235293491 ) ;
#676 = DIRECTION ( 'NONE',  ( 0.000000000000000000, 1.000000000000000000, 0.000000000000000000 ) ) ;
#677 = ORIENTED_EDGE ( 'NONE', *, *, #50, .T. ) ;
#678 = DIRECTION ( 'NONE',  ( 0.000000000000000000, 1.000000000000000000, 0.000000000000000000 ) ) ;
#679 = EDGE_LOOP ( 'NONE', ( #861, #217, #166, #284 ) ) ;
#680 = CARTESIAN_POINT ( 'NONE',  ( 1.100000000000000089, -0.09639023628341819583, -2.199999999999997957 ) ) ;
#681 = ORIENTED_EDGE ( 'NONE', *, *, #1258, .F. ) ;
#682 = EDGE_CURVE ( 'NONE', #17, #250, #1463, .T. ) ;
#683 = DIRECTION ( 'NONE',  ( 1.000000000000000000, 0.000000000000000000, -1.008560160451632221E-16 ) ) ;
#684 = DIRECTION ( 'NONE',  ( 1.000000000000000000, 0.000000000000000000, -0.000000000000000000 ) ) ;
#685 = DIRECTION ( 'NONE',  ( 1.000000000000000000, -0.000000000000000000, 0.000000000000000000 ) ) ;
#686 = LINE ( 'NONE', #826, #255 ) ;
#687 = CARTESIAN_POINT ( 'NONE',  ( 1.100000000000000089, 0.1036097637165817875, -4.999999999999998224 ) ) ;
#688 = VECTOR ( 'NONE', #508, 1000.000000000000000 ) ;
#689 = EDGE_CURVE ( 'NONE', #841, #747, #531, .T. ) ;
#690 = UNCERTAINTY_MEASURE_WITH_UNIT (LENGTH_MEASURE( 1.000000000000000082E-05 ), #1453, 'distance_accuracy_value', 'NONE');
#691 = VECTOR ( 'NONE', #1152, 1000.000000000000000 ) ;
#692 = PLANE ( 'NONE',  #1137 ) ;
#693 = SURFACE_STYLE_FILL_AREA ( #1035 ) ;
#694 = DIRECTION ( 'NONE',  ( 0.000000000000000000, 0.000000000000000000, -1.000000000000000000 ) ) ;
#695 = DIRECTION ( 'NONE',  ( 0.000000000000000000, 0.000000000000000000, 1.000000000000000000 ) ) ;
#696 = VECTOR ( 'NONE', #1026, 1000.000000000000000 ) ;
#697 = CARTESIAN_POINT ( 'NONE',  ( -4.300000000000001599, 0.000000000000000000, -4.299999999999997158 ) ) ;
#698 = VECTOR ( 'NONE', #736, 1000.000000000000000 ) ;
#699 = CARTESIAN_POINT ( 'NONE',  ( -1.100000000000000089, -0.09639023628341814032, 2.199999999999997957 ) ) ;
#700 = ORIENTED_EDGE ( 'NONE', *, *, #1319, .T. ) ;
#701 = ORIENTED_EDGE ( 'NONE', *, *, #204, .T. ) ;
#702 = VERTEX_POINT ( 'NONE', #769 ) ;
#703 =( NAMED_UNIT ( * ) SI_UNIT ( $, .STERADIAN. ) SOLID_ANGLE_UNIT ( ) );
#704 = AXIS2_PLACEMENT_3D ( 'NONE', #1039, #1171, #560 ) ;
#705 = ORIENTED_EDGE ( 'NONE', *, *, #907, .T. ) ;
#706 = CARTESIAN_POINT ( 'NONE',  ( 4.299999999999998046, 4.700000000000000178, 5.100000000000000533 ) ) ;
#707 = EDGE_CURVE ( 'NONE', #71, #662, #489, .T. ) ;
#708 = CARTESIAN_POINT ( 'NONE',  ( -1.249999999999999556, 0.4999999999999997780, -4.599999999999999645 ) ) ;
#709 = LINE ( 'NONE', #362, #130 ) ;
#710 = AXIS2_PLACEMENT_3D ( 'NONE', #339, #224, #1421 ) ;
#711 = VECTOR ( 'NONE', #1511, 1000.000000000000000 ) ;
#712 = DIRECTION ( 'NONE',  ( -0.000000000000000000, -1.000000000000000000, -0.000000000000000000 ) ) ;
#713 = LINE ( 'NONE', #1077, #403 ) ;
#714 = CARTESIAN_POINT ( 'NONE',  ( 1.100000000000000089, 0.4999999999999995559, 2.199999999999997957 ) ) ;
#715 = UNCERTAINTY_MEASURE_WITH_UNIT (LENGTH_MEASURE( 1.000000000000000082E-05 ), #312, 'distance_accuracy_value', 'NONE');
#716 = DIRECTION ( 'NONE',  ( -0.000000000000000000, -1.000000000000000000, -0.000000000000000000 ) ) ;
#717 = EDGE_CURVE ( 'NONE', #1509, #662, #1306, .T. ) ;
#718 = FACE_OUTER_BOUND ( 'NONE', #200, .T. ) ;
#719 = DIRECTION ( 'NONE',  ( 0.000000000000000000, 1.000000000000000000, -0.000000000000000000 ) ) ;
#720 = DIRECTION ( 'NONE',  ( 0.000000000000000000, 0.000000000000000000, 1.000000000000000000 ) ) ;
#721 = CARTESIAN_POINT ( 'NONE',  ( 1.100000000000000089, 0.1036097637165832169, -5.199999999999998401 ) ) ;
#722 = VERTEX_POINT ( 'NONE', #1140 ) ;
#723 = CARTESIAN_POINT ( 'NONE',  ( -1.249999999999999556, 0.000000000000000000, 5.100000000000000533 ) ) ;
#724 = VERTEX_POINT ( 'NONE', #787 ) ;
#725 = APPLICATION_PROTOCOL_DEFINITION ( 'draft international standard', 'automotive_design', 1998, #1459 ) ;
#726 = ORIENTED_EDGE ( 'NONE', *, *, #427, .F. ) ;
#727 = CARTESIAN_POINT ( 'NONE',  ( 4.299999999999997158, 0.000000000000000000, -4.299999999999997158 ) ) ;
#728 = FILL_AREA_STYLE_COLOUR ( '', #757 ) ;
#729 = EDGE_CURVE ( 'NONE', #984, #824, #795, .T. ) ;
#730 = CARTESIAN_POINT ( 'NONE',  ( -1.100000000000000089, -0.09639023628341814032, 2.199999999999997957 ) ) ;
#731 = STYLED_ITEM ( 'NONE', ( #1291 ), #621 ) ;
#732 = FACE_OUTER_BOUND ( 'NONE', #220, .T. ) ;
#733 =( NAMED_UNIT ( * ) PLANE_ANGLE_UNIT ( ) SI_UNIT ( $, .RADIAN. ) );
#734 = PLANE ( 'NONE',  #1244 ) ;
#735 = VECTOR ( 'NONE', #643, 1000.000000000000000 ) ;
#736 = DIRECTION ( 'NONE',  ( -0.000000000000000000, -1.000000000000000000, -0.000000000000000000 ) ) ;
#737 = VECTOR ( 'NONE', #341, 1000.000000000000000 ) ;
#738 = MECHANICAL_DESIGN_GEOMETRIC_PRESENTATION_REPRESENTATION (  '', ( #997 ), #978 ) ;
#739 = CARTESIAN_POINT ( 'NONE',  ( -1.100000000000000089, 0.1036097637165832169, -5.199999999999998401 ) ) ;
#740 = LINE ( 'NONE', #588, #874 ) ;
#741 = MECHANICAL_DESIGN_GEOMETRIC_PRESENTATION_REPRESENTATION (  '', ( #959 ), #145 ) ;
#742 = ADVANCED_FACE ( 'NONE', ( #1011 ), #1417, .F. ) ;
#743 = ORIENTED_EDGE ( 'NONE', *, *, #466, .T. ) ;
#744 = EDGE_LOOP ( 'NONE', ( #39, #513, #1217, #1233 ) ) ;
#745 = FILL_AREA_STYLE ('',( #1344 ) ) ;
#746 = VERTEX_POINT ( 'NONE', #649 ) ;
#747 = VERTEX_POINT ( 'NONE', #921 ) ;
#748 = ORIENTED_EDGE ( 'NONE', *, *, #707, .T. ) ;
#749 =( NAMED_UNIT ( * ) SI_UNIT ( $, .STERADIAN. ) SOLID_ANGLE_UNIT ( ) );
#750 = ADVANCED_FACE ( 'NONE', ( #815 ), #1050, .F. ) ;
#751 = EDGE_CURVE ( 'NONE', #216, #71, #1497, .T. ) ;
#752 = LINE ( 'NONE', #1310, #131 ) ;
#753 = MECHANICAL_DESIGN_GEOMETRIC_PRESENTATION_REPRESENTATION (  '', ( #344 ), #835 ) ;
#754 = PLANE ( 'NONE',  #1164 ) ;
#755 = PRESENTATION_STYLE_ASSIGNMENT (( #1298 ) ) ;
#756 = ADVANCED_FACE ( 'NONE', ( #1163 ), #100, .F. ) ;
#757 = COLOUR_RGB ( '',0.9882352941176471006, 0.7372549019607843590, 0.5176470588235293491 ) ;
#758 = DIRECTION ( 'NONE',  ( -0.000000000000000000, 1.000000000000000000, 0.000000000000000000 ) ) ;
#759 = MECHANICAL_DESIGN_GEOMETRIC_PRESENTATION_REPRESENTATION (  '', ( #891 ), #1029 ) ;
#760 = ORIENTED_EDGE ( 'NONE', *, *, #1167, .T. ) ;
#761 = VERTEX_POINT ( 'NONE', #1413 ) ;
#762 =( NAMED_UNIT ( * ) SI_UNIT ( $, .STERADIAN. ) SOLID_ANGLE_UNIT ( ) );
#763 = ORIENTED_EDGE ( 'NONE', *, *, #1370, .F. ) ;
#764 =( NAMED_UNIT ( * ) SI_UNIT ( $, .STERADIAN. ) SOLID_ANGLE_UNIT ( ) );
#765 = UNCERTAINTY_MEASURE_WITH_UNIT (LENGTH_MEASURE( 1.000000000000000082E-05 ), #483, 'distance_accuracy_value', 'NONE');
#766 = AXIS2_PLACEMENT_3D ( 'NONE', #281, #262, #629 ) ;
#767 = DIRECTION ( 'NONE',  ( -1.000000000000000000, -0.000000000000000000, -0.000000000000000000 ) ) ;
#768 = EDGE_CURVE ( 'NONE', #516, #1272, #853, .T. ) ;
#769 = CARTESIAN_POINT ( 'NONE',  ( -1.249999999999999556, 0.000000000000000000, -5.100000000000000533 ) ) ;
#770 = EDGE_CURVE ( 'NONE', #122, #613, #118, .T. ) ;
#771 = ADVANCED_FACE ( 'NONE', ( #101 ), #672, .T. ) ;
#772 = LINE ( 'NONE', #739, #432 ) ;
#773 = CARTESIAN_POINT ( 'NONE',  ( -1.249999999999999334, 0.000000000000000000, 1.400000000000000577 ) ) ;
#774 = VECTOR ( 'NONE', #226, 1000.000000000000000 ) ;
#775 = CARTESIAN_POINT ( 'NONE',  ( 1.100000000000000089, 2.914551592988481765, -5.199999999999998401 ) ) ;
#776 = VECTOR ( 'NONE', #823, 1000.000000000000000 ) ;
#777 = COLOUR_RGB ( '',0.9882352941176471006, 0.7372549019607843590, 0.5176470588235293491 ) ;
#778 = ORIENTED_EDGE ( 'NONE', *, *, #1288, .F. ) ;
#779 = EDGE_CURVE ( 'NONE', #19, #161, #1536, .T. ) ;
#780 = FILL_AREA_STYLE_COLOUR ( '', #650 ) ;
#781 = ORIENTED_EDGE ( 'NONE', *, *, #1535, .F. ) ;
#782 = AXIS2_PLACEMENT_3D ( 'NONE', #1145, #433, #695 ) ;
#783 = ORIENTED_EDGE ( 'NONE', *, *, #660, .T. ) ;
#784 = EDGE_LOOP ( 'NONE', ( #126, #1079, #881, #557, #537, #892 ) ) ;
#785 = VERTEX_POINT ( 'NONE', #1280 ) ;
#786 = CARTESIAN_POINT ( 'NONE',  ( -1.249999999999998446, -0.000000000000000000, -1.400000000000000577 ) ) ;
#787 = CARTESIAN_POINT ( 'NONE',  ( -5.100000000000000533, 0.000000000000000000, 4.300000000000000711 ) ) ;
#788 = PLANE ( 'NONE',  #1192 ) ;
#789 = AXIS2_PLACEMENT_3D ( 'NONE', #1475, #859, #152 ) ;
#790 = PLANE ( 'NONE',  #168 ) ;
#791 = LINE ( 'NONE', #1278, #1534 ) ;
#792 = FACE_OUTER_BOUND ( 'NONE', #1216, .T. ) ;
#793 = DIRECTION ( 'NONE',  ( 0.000000000000000000, -1.000000000000000000, 0.000000000000000000 ) ) ;
#794 = COLOUR_RGB ( '',0.9882352941176471006, 0.7372549019607843590, 0.5176470588235293491 ) ;
#795 = LINE ( 'NONE', #532, #774 ) ;
#796 = SURFACE_SIDE_STYLE ('',( #327 ) ) ;
#797 = VECTOR ( 'NONE', #373, 1000.000000000000000 ) ;
#798 = DIRECTION ( 'NONE',  ( 0.000000000000000000, 1.000000000000000000, 0.000000000000000000 ) ) ;
#799 = SURFACE_STYLE_USAGE ( .BOTH. , #227 ) ;
#800 = CYLINDRICAL_SURFACE ( 'NONE', #324, 0.7999999999999999334 ) ;
#801 = DIRECTION ( 'NONE',  ( -0.000000000000000000, -1.000000000000000000, -0.000000000000000000 ) ) ;
#802 = EDGE_LOOP ( 'NONE', ( #644, #159, #56, #143 ) ) ;
#803 = ORIENTED_EDGE ( 'NONE', *, *, #1142, .T. ) ;
#804 = PLANE ( 'NONE',  #926 ) ;
#805 = ORIENTED_EDGE ( 'NONE', *, *, #936, .T. ) ;
#806 = EDGE_CURVE ( 'NONE', #1238, #17, #1183, .T. ) ;
#807 = EDGE_LOOP ( 'NONE', ( #1120, #354, #108, #247 ) ) ;
#808 =( LENGTH_UNIT ( ) NAMED_UNIT ( * ) SI_UNIT ( .MILLI., .METRE. ) );
#809 =( LENGTH_UNIT ( ) NAMED_UNIT ( * ) SI_UNIT ( .MILLI., .METRE. ) );
#810 = CARTESIAN_POINT ( 'NONE',  ( 5.099999999999996092, 4.700000000000000178, -4.299999999999997158 ) ) ;
#811 = FILL_AREA_STYLE_COLOUR ( '', #857 ) ;
#812 = PRESENTATION_STYLE_ASSIGNMENT (( #1401 ) ) ;
#813 = CARTESIAN_POINT ( 'NONE',  ( -4.300000000000001599, 4.700000000000000178, -4.299999999999997158 ) ) ;
#814 = PRESENTATION_LAYER_ASSIGNMENT (  '', '', ( #731 ) ) ;
#815 = FACE_OUTER_BOUND ( 'NONE', #571, .T. ) ;
#816 =( NAMED_UNIT ( * ) PLANE_ANGLE_UNIT ( ) SI_UNIT ( $, .RADIAN. ) );
#817 = UNCERTAINTY_MEASURE_WITH_UNIT (LENGTH_MEASURE( 1.000000000000000082E-05 ), #256, 'distance_accuracy_value', 'NONE');
#818 = CARTESIAN_POINT ( 'NONE',  ( 1.100000000000000089, 2.914551592988479989, 4.599999999999999645 ) ) ;
#819 = VERTEX_POINT ( 'NONE', #2 ) ;
#820 = DIRECTION ( 'NONE',  ( 0.000000000000000000, -0.000000000000000000, 1.000000000000000000 ) ) ;
#821 = ORIENTED_EDGE ( 'NONE', *, *, #1290, .F. ) ;
#822 = PRESENTATION_LAYER_ASSIGNMENT (  '', '', ( #899 ) ) ;
#823 = DIRECTION ( 'NONE',  ( -1.000000000000000000, -0.000000000000000000, -0.000000000000000000 ) ) ;
#824 = VERTEX_POINT ( 'NONE', #103 ) ;
#825 = ORIENTED_EDGE ( 'NONE', *, *, #257, .F. ) ;
#826 = CARTESIAN_POINT ( 'NONE',  ( 1.100000000000000089, 2.914551592988481765, -5.199999999999998401 ) ) ;
#827 = PRESENTATION_LAYER_ASSIGNMENT (  '', '', ( #194 ) ) ;
#828 = FILL_AREA_STYLE ('',( #1429 ) ) ;
#829 = DIRECTION ( 'NONE',  ( 0.000000000000000000, 0.000000000000000000, 1.000000000000000000 ) ) ;
#830 = CARTESIAN_POINT ( 'NONE',  ( -1.249999999999999556, 0.000000000000000000, 4.599999999999999645 ) ) ;
#831 = CARTESIAN_POINT ( 'NONE',  ( 1.249999999999999334, 0.5000000000000000000, 4.600000000000000533 ) ) ;
#832 = VECTOR ( 'NONE', #1354, 1000.000000000000000 ) ;
#833 = EDGE_CURVE ( 'NONE', #498, #19, #172, .T. ) ;
#834 = DIRECTION ( 'NONE',  ( -0.000000000000000000, 1.000000000000000000, 0.000000000000000000 ) ) ;
#835 =( GEOMETRIC_REPRESENTATION_CONTEXT ( 3 ) GLOBAL_UNCERTAINTY_ASSIGNED_CONTEXT ( ( #51 ) ) GLOBAL_UNIT_ASSIGNED_CONTEXT ( ( #307, #559, #102 ) ) REPRESENTATION_CONTEXT ( 'NONE', 'WORKASPACE' ) );
#836 = VECTOR ( 'NONE', #965, 1000.000000000000000 ) ;
#837 = DIRECTION ( 'NONE',  ( 0.000000000000000000, 0.000000000000000000, -1.000000000000000000 ) ) ;
#838 = VERTEX_POINT ( 'NONE', #591 ) ;
#839 = ORIENTED_EDGE ( 'NONE', *, *, #988, .T. ) ;
#840 = EDGE_LOOP ( 'NONE', ( #5, #496, #627, #575, #705, #1351, #1408, #1390 ) ) ;
#841 = VERTEX_POINT ( 'NONE', #708 ) ;
#842 = CARTESIAN_POINT ( 'NONE',  ( 0.000000000000000000, 0.000000000000000000, -4.599999999999999645 ) ) ;
#843 = MECHANICAL_DESIGN_GEOMETRIC_PRESENTATION_REPRESENTATION (  '', ( #1468 ), #999 ) ;
#844 =( NAMED_UNIT ( * ) PLANE_ANGLE_UNIT ( ) SI_UNIT ( $, .RADIAN. ) );
#845 = DIRECTION ( 'NONE',  ( 0.000000000000000000, 0.000000000000000000, 1.000000000000000000 ) ) ;
#846 = FILL_AREA_STYLE ('',( #728 ) ) ;
#847 = AXIS2_PLACEMENT_3D ( 'NONE', #198, #1014, #421 ) ;
#848 = DIRECTION ( 'NONE',  ( 0.000000000000000000, 0.000000000000000000, -1.000000000000000000 ) ) ;
#849 = SURFACE_STYLE_USAGE ( .BOTH. , #614 ) ;
#850 = LINE ( 'NONE', #1358, #1243 ) ;
#851 = STYLED_ITEM ( 'NONE', ( #1161 ), #872 ) ;
#852 =( LENGTH_UNIT ( ) NAMED_UNIT ( * ) SI_UNIT ( .MILLI., .METRE. ) );
#853 = LINE ( 'NONE', #565, #1287 ) ;
#854 = DIRECTION ( 'NONE',  ( 1.000000000000000000, 0.000000000000000000, 0.000000000000000000 ) ) ;
#855 = EDGE_CURVE ( 'NONE', #216, #1509, #1439, .T. ) ;
#856 = CARTESIAN_POINT ( 'NONE',  ( -1.249999999999999556, 3.191292569943654733, 4.599999999999999645 ) ) ;
#857 = COLOUR_RGB ( '',0.9882352941176471006, 0.7372549019607843590, 0.5176470588235293491 ) ;
#858 =( NAMED_UNIT ( * ) PLANE_ANGLE_UNIT ( ) SI_UNIT ( $, .RADIAN. ) );
#859 = DIRECTION ( 'NONE',  ( -0.000000000000000000, -1.000000000000000000, -0.000000000000000000 ) ) ;
#860 = DIRECTION ( 'NONE',  ( -0.000000000000000000, 1.000000000000000000, -0.000000000000000000 ) ) ;
#861 = ORIENTED_EDGE ( 'NONE', *, *, #455, .T. ) ;
#862 = EDGE_LOOP ( 'NONE', ( #18, #1128, #647, #1003 ) ) ;
#863 = ORIENTED_EDGE ( 'NONE', *, *, #204, .F. ) ;
#864 = DIRECTION ( 'NONE',  ( -0.000000000000000000, -1.000000000000000000, -0.000000000000000000 ) ) ;
#865 =( NAMED_UNIT ( * ) PLANE_ANGLE_UNIT ( ) SI_UNIT ( $, .RADIAN. ) );
#866 = EDGE_CURVE ( 'NONE', #498, #595, #1286, .T. ) ;
#867 = CARTESIAN_POINT ( 'NONE',  ( -1.100000000000000089, 0.1036097637165817875, -4.999999999999998224 ) ) ;
#868 = STYLED_ITEM ( 'NONE', ( #1349 ), #249 ) ;
#869 = UNCERTAINTY_MEASURE_WITH_UNIT (LENGTH_MEASURE( 1.000000000000000082E-05 ), #1447, 'distance_accuracy_value', 'NONE');
#870 = CARTESIAN_POINT ( 'NONE',  ( -1.100000000000000089, 0.1036097637165832447, 5.199999999999998401 ) ) ;
#871 = LINE ( 'NONE', #879, #1376 ) ;
#872 = ADVANCED_FACE ( 'NONE', ( #1207 ), #1177, .F. ) ;
#873 = STYLED_ITEM ( 'NONE', ( #564 ), #1126 ) ;
#874 = VECTOR ( 'NONE', #1173, 1000.000000000000000 ) ;
#875 = VECTOR ( 'NONE', #1268, 1000.000000000000000 ) ;
#876 = EDGE_CURVE ( 'NONE', #21, #1272, #469, .T. ) ;
#877 = APPLICATION_PROTOCOL_DEFINITION ( 'draft international standard', 'automotive_design', 1998, #382 ) ;
#878 = ORIENTED_EDGE ( 'NONE', *, *, #1391, .F. ) ;
#879 = CARTESIAN_POINT ( 'NONE',  ( 1.100000000000000089, -0.09639023628341814032, 2.199999999999997957 ) ) ;
#880 = ADVANCED_FACE ( 'NONE', ( #434 ), #1266, .T. ) ;
#881 = ORIENTED_EDGE ( 'NONE', *, *, #1265, .F. ) ;
#882 = ORIENTED_EDGE ( 'NONE', *, *, #447, .F. ) ;
#883 = ORIENTED_EDGE ( 'NONE', *, *, #707, .F. ) ;
#884 = ORIENTED_EDGE ( 'NONE', *, *, #1400, .F. ) ;
#885 = ADVANCED_FACE ( 'NONE', ( #346 ), #603, .F. ) ;
#886 = LINE ( 'NONE', #1395, #340 ) ;
#887 = CARTESIAN_POINT ( 'NONE',  ( -1.249999999999999556, 0.000000000000000000, 4.599999999999999645 ) ) ;
#888 = COLOUR_RGB ( '',0.9882352941176471006, 0.7372549019607843590, 0.5176470588235293491 ) ;
#889 = EDGE_CURVE ( 'NONE', #1485, #594, #586, .T. ) ;
#890 = DIRECTION ( 'NONE',  ( -0.000000000000000000, -1.000000000000000000, -0.000000000000000000 ) ) ;
#891 = STYLED_ITEM ( 'NONE', ( #452 ), #633 ) ;
#892 = ORIENTED_EDGE ( 'NONE', *, *, #1226, .T. ) ;
#893 = ORIENTED_EDGE ( 'NONE', *, *, #1204, .F. ) ;
#894 = VERTEX_POINT ( 'NONE', #1062 ) ;
#895 = DIRECTION ( 'NONE',  ( 0.000000000000000000, 0.000000000000000000, -1.000000000000000000 ) ) ;
#896 = EDGE_LOOP ( 'NONE', ( #1454, #141, #1296, #424, #878, #1488, #628 ) ) ;
#897 =( GEOMETRIC_REPRESENTATION_CONTEXT ( 3 ) GLOBAL_UNCERTAINTY_ASSIGNED_CONTEXT ( ( #178 ) ) GLOBAL_UNIT_ASSIGNED_CONTEXT ( ( #6, #562, #938 ) ) REPRESENTATION_CONTEXT ( 'NONE', 'WORKASPACE' ) );
#898 = CARTESIAN_POINT ( 'NONE',  ( -1.249999999999998446, 0.5000000000000000000, -1.400000000000000577 ) ) ;
#899 = STYLED_ITEM ( 'NONE', ( #1326 ), #771 ) ;
#900 = SURFACE_STYLE_USAGE ( .BOTH. , #796 ) ;
#901 = FACE_OUTER_BOUND ( 'NONE', #679, .T. ) ;
#902 = COLOUR_RGB ( '',0.9882352941176471006, 0.7372549019607843590, 0.5176470588235293491 ) ;
#903 = CARTESIAN_POINT ( 'NONE',  ( 1.250000000000000444, 3.191292569943654733, -5.100000000000000533 ) ) ;
#904 = DIRECTION ( 'NONE',  ( 0.000000000000000000, -0.000000000000000000, -1.000000000000000000 ) ) ;
#905 = LINE ( 'NONE', #916, #1538 ) ;
#906 = CYLINDRICAL_SURFACE ( 'NONE', #782, 0.1999999999999996503 ) ;
#907 = EDGE_CURVE ( 'NONE', #17, #722, #941, .T. ) ;
#908 = ORIENTED_EDGE ( 'NONE', *, *, #384, .T. ) ;
#909 = PLANE ( 'NONE',  #157 ) ;
#910 = VERTEX_POINT ( 'NONE', #237 ) ;
#911 = ORIENTED_EDGE ( 'NONE', *, *, #833, .T. ) ;
#912 = CARTESIAN_POINT ( 'NONE',  ( 4.299999999999998046, 0.000000000000000000, 4.300000000000000711 ) ) ;
#913 = ORIENTED_EDGE ( 'NONE', *, *, #1007, .T. ) ;
#914 =( NAMED_UNIT ( * ) SI_UNIT ( $, .STERADIAN. ) SOLID_ANGLE_UNIT ( ) );
#915 =( NAMED_UNIT ( * ) SI_UNIT ( $, .STERADIAN. ) SOLID_ANGLE_UNIT ( ) );
#916 = CARTESIAN_POINT ( 'NONE',  ( -1.100000000000000089, 0.4999999999999995559, 4.600000000000000533 ) ) ;
#917 = LINE ( 'NONE', #1444, #1201 ) ;
#918 = AXIS2_PLACEMENT_3D ( 'NONE', #687, #1285, #1403 ) ;
#919 = AXIS2_PLACEMENT_3D ( 'NONE', #943, #1318, #684 ) ;
#920 = LINE ( 'NONE', #1503, #1105 ) ;
#921 = CARTESIAN_POINT ( 'NONE',  ( 1.249999999999998446, 0.5000000000000000000, -4.600000000000000533 ) ) ;
#922 =( NAMED_UNIT ( * ) PLANE_ANGLE_UNIT ( ) SI_UNIT ( $, .RADIAN. ) );
#923 = DIRECTION ( 'NONE',  ( -2.017120320903264442E-16, -0.000000000000000000, -1.000000000000000000 ) ) ;
#924 = FILL_AREA_STYLE_COLOUR ( '', #244 ) ;
#925 = SURFACE_STYLE_FILL_AREA ( #1360 ) ;
#926 = AXIS2_PLACEMENT_3D ( 'NONE', #1519, #430, #1023 ) ;
#927 = EDGE_LOOP ( 'NONE', ( #265, #499, #163, #1082 ) ) ;
#928 = EDGE_CURVE ( 'NONE', #1256, #1275, #209, .T. ) ;
#929 = CARTESIAN_POINT ( 'NONE',  ( 1.100000000000000089, -0.09639023628341797378, 4.999999999999996447 ) ) ;
#930 = ORIENTED_EDGE ( 'NONE', *, *, #277, .T. ) ;
#931 = ORIENTED_EDGE ( 'NONE', *, *, #770, .T. ) ;
#932 = FILL_AREA_STYLE_COLOUR ( '', #962 ) ;
#933 = CARTESIAN_POINT ( 'NONE',  ( -5.100000000000001421, 4.700000000000000178, -4.299999999999997158 ) ) ;
#934 = VECTOR ( 'NONE', #232, 1000.000000000000000 ) ;
#935 = CARTESIAN_POINT ( 'NONE',  ( 1.100000000000000089, 2.914551592988479989, 4.599999999999999645 ) ) ;
#936 = EDGE_CURVE ( 'NONE', #197, #408, #713, .T. ) ;
#937 = FACE_OUTER_BOUND ( 'NONE', #181, .T. ) ;
#938 =( NAMED_UNIT ( * ) SI_UNIT ( $, .STERADIAN. ) SOLID_ANGLE_UNIT ( ) );
#939 = AXIS2_PLACEMENT_3D ( 'NONE', #867, #390, #994 ) ;
#940 = CARTESIAN_POINT ( 'NONE',  ( -5.100000000000001421, 4.700000000000000178, -4.299999999999997158 ) ) ;
#941 = CIRCLE ( 'NONE', #1223, 0.7999999999999994893 ) ;
#942 = VECTOR ( 'NONE', #105, 1000.000000000000000 ) ;
#943 = CARTESIAN_POINT ( 'NONE',  ( -4.300000000000001599, 4.700000000000000178, -5.099999999999997868 ) ) ;
#944 = SURFACE_STYLE_USAGE ( .BOTH. , #12 ) ;
#945 = CARTESIAN_POINT ( 'NONE',  ( 1.100000000000000089, 2.914551592988481765, -5.199999999999998401 ) ) ;
#946 = VERTEX_POINT ( 'NONE', #945 ) ;
#947 = STYLED_ITEM ( 'NONE', ( #525 ), #1240 ) ;
#948 = ORIENTED_EDGE ( 'NONE', *, *, #350, .F. ) ;
#949 = CARTESIAN_POINT ( 'NONE',  ( 5.099999999999997868, 4.700000000000000178, 4.300000000000000711 ) ) ;
#950 = EDGE_LOOP ( 'NONE', ( #1470, #234, #700, #502 ) ) ;
#951 = PLANE ( 'NONE',  #1507 ) ;
#952 = CLOSED_SHELL ( 'NONE', ( #991, #1246, #288, #279, #1375, #504, #1257, #1126, #1240 ) ) ;
#953 = ORIENTED_EDGE ( 'NONE', *, *, #567, .T. ) ;
#954 = CARTESIAN_POINT ( 'NONE',  ( 1.250000000000000444, 3.191292569943654733, -4.599999999999999645 ) ) ;
#955 = CARTESIAN_POINT ( 'NONE',  ( 1.100000000000000089, 2.914551592988481765, -4.599999999999999645 ) ) ;
#956 = CYLINDRICAL_SURFACE ( 'NONE', #1059, 0.7999999999999994893 ) ;
#957 = DIRECTION ( 'NONE',  ( 0.000000000000000000, 0.000000000000000000, 1.000000000000000000 ) ) ;
#958 = CARTESIAN_POINT ( 'NONE',  ( -5.100000000000001421, 0.000000000000000000, -4.299999999999997158 ) ) ;
#959 = STYLED_ITEM ( 'NONE', ( #511 ), #67 ) ;
#960 = CARTESIAN_POINT ( 'NONE',  ( 1.249999999999998446, 0.5000000000000000000, -1.400000000000000577 ) ) ;
#961 =( NAMED_UNIT ( * ) SI_UNIT ( $, .STERADIAN. ) SOLID_ANGLE_UNIT ( ) );
#962 = COLOUR_RGB ( '',0.9882352941176471006, 0.7372549019607843590, 0.5176470588235293491 ) ;
#963 = LINE ( 'NONE', #454, #417 ) ;
#964 = LINE ( 'NONE', #376, #245 ) ;
#965 = DIRECTION ( 'NONE',  ( -0.000000000000000000, -0.000000000000000000, 1.000000000000000000 ) ) ;
#966 = CARTESIAN_POINT ( 'NONE',  ( -1.100000000000000089, 0.4999999999999995559, 2.199999999999997957 ) ) ;
#967 = LINE ( 'NONE', #583, #1170 ) ;
#968 = ORIENTED_EDGE ( 'NONE', *, *, #1099, .F. ) ;
#969 = CARTESIAN_POINT ( 'NONE',  ( -1.100000000000000089, 0.1036097637165817875, -5.199999999999998401 ) ) ;
#970 = DIRECTION ( 'NONE',  ( 0.000000000000000000, 1.000000000000000000, 0.000000000000000000 ) ) ;
#971 = EDGE_CURVE ( 'NONE', #519, #1473, #996, .T. ) ;
#972 = EDGE_LOOP ( 'NONE', ( #443, #630, #612, #930 ) ) ;
#973 = DIRECTION ( 'NONE',  ( -0.000000000000000000, -0.000000000000000000, -1.000000000000000000 ) ) ;
#974 = AXIS2_PLACEMENT_3D ( 'NONE', #775, #793, #904 ) ;
#975 =( NAMED_UNIT ( * ) PLANE_ANGLE_UNIT ( ) SI_UNIT ( $, .RADIAN. ) );
#976 = ADVANCED_FACE ( 'NONE', ( #343 ), #619, .F. ) ;
#977 = UNCERTAINTY_MEASURE_WITH_UNIT (LENGTH_MEASURE( 1.000000000000000082E-05 ), #548, 'distance_accuracy_value', 'NONE');
#978 =( GEOMETRIC_REPRESENTATION_CONTEXT ( 3 ) GLOBAL_UNCERTAINTY_ASSIGNED_CONTEXT ( ( #869 ) ) GLOBAL_UNIT_ASSIGNED_CONTEXT ( ( #1447, #1305, #703 ) ) REPRESENTATION_CONTEXT ( 'NONE', 'WORKASPACE' ) );
#979 = VECTOR ( 'NONE', #20, 1000.000000000000000 ) ;
#980 = EDGE_CURVE ( 'NONE', #1384, #92, #1264, .T. ) ;
#981 = VECTOR ( 'NONE', #970, 1000.000000000000000 ) ;
#982 = CARTESIAN_POINT ( 'NONE',  ( -1.249999999999999556, 3.191292569943654733, 4.599999999999999645 ) ) ;
#983 = ADVANCED_FACE ( 'NONE', ( #792 ), #171, .T. ) ;
#984 = VERTEX_POINT ( 'NONE', #388 ) ;
#985 = ORIENTED_EDGE ( 'NONE', *, *, #660, .F. ) ;
#986 = ORIENTED_EDGE ( 'NONE', *, *, #1241, .T. ) ;
#987 = ORIENTED_EDGE ( 'NONE', *, *, #1134, .F. ) ;
#988 = EDGE_CURVE ( 'NONE', #1056, #1355, #772, .T. ) ;
#989 = DIRECTION ( 'NONE',  ( 0.000000000000000000, 1.000000000000000000, 0.000000000000000000 ) ) ;
#990 =( LENGTH_UNIT ( ) NAMED_UNIT ( * ) SI_UNIT ( .MILLI., .METRE. ) );
#991 = ADVANCED_FACE ( 'NONE', ( #1515 ), #495, .F. ) ;
#992 = COLOUR_RGB ( '',0.7921568627450980005, 0.8196078431372548767, 0.9333333333333333481 ) ;
#993 = LINE ( 'NONE', #1289, #400 ) ;
#994 = DIRECTION ( 'NONE',  ( 0.000000000000000000, 0.000000000000000000, -1.000000000000000000 ) ) ;
#995 = UNCERTAINTY_MEASURE_WITH_UNIT (LENGTH_MEASURE( 1.000000000000000082E-05 ), #1382, 'distance_accuracy_value', 'NONE');
#996 = LINE ( 'NONE', #501, #364 ) ;
#997 = STYLED_ITEM ( 'NONE', ( #228 ), #880 ) ;
#998 = FILL_AREA_STYLE ('',( #179 ) ) ;
#999 =( GEOMETRIC_REPRESENTATION_CONTEXT ( 3 ) GLOBAL_UNCERTAINTY_ASSIGNED_CONTEXT ( ( #8 ) ) GLOBAL_UNIT_ASSIGNED_CONTEXT ( ( #1157, #448, #915 ) ) REPRESENTATION_CONTEXT ( 'NONE', 'WORKASPACE' ) );
#1000 = LINE ( 'NONE', #1461, #1311 ) ;
#1001 = ORIENTED_EDGE ( 'NONE', *, *, #1215, .F. ) ;
#1002 = DIRECTION ( 'NONE',  ( 0.000000000000000000, -1.000000000000000000, -3.592226981221275650E-16 ) ) ;
#1003 = ORIENTED_EDGE ( 'NONE', *, *, #1490, .T. ) ;
#1004 = ORIENTED_EDGE ( 'NONE', *, *, #1134, .T. ) ;
#1005 = STYLED_ITEM ( 'NONE', ( #1345 ), #1022 ) ;
#1006 = EDGE_CURVE ( 'NONE', #1509, #498, #1227, .T. ) ;
#1007 = EDGE_CURVE ( 'NONE', #984, #379, #1071, .T. ) ;
#1008 = LINE ( 'NONE', #1262, #1397 ) ;
#1009 = FACE_OUTER_BOUND ( 'NONE', #802, .T. ) ;
#1010 = FILL_AREA_STYLE_COLOUR ( '', #1404 ) ;
#1011 = FACE_OUTER_BOUND ( 'NONE', #1150, .T. ) ;
#1012 = VECTOR ( 'NONE', #218, 1000.000000000000000 ) ;
#1013 = EDGE_CURVE ( 'NONE', #199, #1525, #1284, .T. ) ;
#1014 = DIRECTION ( 'NONE',  ( 1.000000000000000000, 0.000000000000000000, 0.000000000000000000 ) ) ;
#1015 = VECTOR ( 'NONE', #365, 1000.000000000000000 ) ;
#1016 =( NAMED_UNIT ( * ) PLANE_ANGLE_UNIT ( ) SI_UNIT ( $, .RADIAN. ) );
#1017 = LINE ( 'NONE', #1252, #391 ) ;
#1018 = PRODUCT_DEFINITION_SHAPE ( 'NONE', 'NONE',  #1135 ) ;
#1019 = CARTESIAN_POINT ( 'NONE',  ( 1.100000000000000089, 0.1036097637165832447, 5.199999999999998401 ) ) ;
#1020 = EDGE_LOOP ( 'NONE', ( #458, #1151, #271, #1313, #911, #1504, #357 ) ) ;
#1021 = ORIENTED_EDGE ( 'NONE', *, *, #1490, .F. ) ;
#1022 = MANIFOLD_SOLID_BREP ( 'Boss-Extrude2[1]', #952 ) ;
#1023 = DIRECTION ( 'NONE',  ( 0.000000000000000000, 0.000000000000000000, 1.000000000000000000 ) ) ;
#1024 = ORIENTED_EDGE ( 'NONE', *, *, #528, .F. ) ;
#1025 = ORIENTED_EDGE ( 'NONE', *, *, #272, .F. ) ;
#1026 = DIRECTION ( 'NONE',  ( 0.000000000000000000, -1.000000000000000000, 0.000000000000000000 ) ) ;
#1027 = AXIS2_PLACEMENT_3D ( 'NONE', #1072, #585, #845 ) ;
#1028 = DIRECTION ( 'NONE',  ( 0.000000000000000000, 0.000000000000000000, -1.000000000000000000 ) ) ;
#1029 =( GEOMETRIC_REPRESENTATION_CONTEXT ( 3 ) GLOBAL_UNCERTAINTY_ASSIGNED_CONTEXT ( ( #977 ) ) GLOBAL_UNIT_ASSIGNED_CONTEXT ( ( #548, #429, #542 ) ) REPRESENTATION_CONTEXT ( 'NONE', 'WORKASPACE' ) );
#1030 = PLANE ( 'NONE',  #1526 ) ;
#1031 = PLANE ( 'NONE',  #1209 ) ;
#1032 = VECTOR ( 'NONE', #1317, 1000.000000000000000 ) ;
#1033 = DIRECTION ( 'NONE',  ( -1.000000000000000000, -0.000000000000000000, -0.000000000000000000 ) ) ;
#1034 = SURFACE_STYLE_FILL_AREA ( #846 ) ;
#1035 = FILL_AREA_STYLE ('',( #811 ) ) ;
#1036 = STYLED_ITEM ( 'NONE', ( #474 ), #176 ) ;
#1037 = CARTESIAN_POINT ( 'NONE',  ( -1.249999999999999556, 0.000000000000000000, -4.599999999999999645 ) ) ;
#1038 = ORIENTED_EDGE ( 'NONE', *, *, #304, .F. ) ;
#1039 = CARTESIAN_POINT ( 'NONE',  ( 1.100000000000000089, 0.5000000000000000000, -2.199999999999997957 ) ) ;
#1040 = ORIENTED_EDGE ( 'NONE', *, *, #1169, .T. ) ;
#1041 = STYLED_ITEM ( 'NONE', ( #812 ), #1246 ) ;
#1042 = DIRECTION ( 'NONE',  ( 0.000000000000000000, 1.000000000000000000, 0.000000000000000000 ) ) ;
#1043 = ORIENTED_EDGE ( 'NONE', *, *, #1013, .T. ) ;
#1044 = CARTESIAN_POINT ( 'NONE',  ( -4.300000000000001599, 4.700000000000000178, -5.099999999999997868 ) ) ;
#1045 = CARTESIAN_POINT ( 'NONE',  ( -4.299999999999999822, 0.000000000000000000, 5.100000000000001421 ) ) ;
#1046 = EDGE_CURVE ( 'NONE', #534, #125, #1107, .T. ) ;
#1047 = COLOUR_RGB ( '',0.9882352941176471006, 0.7372549019607843590, 0.5176470588235293491 ) ;
#1048 = PRESENTATION_LAYER_ASSIGNMENT (  '', '', ( #891 ) ) ;
#1049 = VECTOR ( 'NONE', #1119, 1000.000000000000000 ) ;
#1050 = PLANE ( 'NONE',  #267 ) ;
#1051 = CARTESIAN_POINT ( 'NONE',  ( -4.300000000000001599, 0.000000000000000000, -5.099999999999997868 ) ) ;
#1052 = PLANE ( 'NONE',  #1220 ) ;
#1053 = FACE_OUTER_BOUND ( 'NONE', #1277, .T. ) ;
#1054 = CARTESIAN_POINT ( 'NONE',  ( 1.100000000000000089, 0.5000000000000000000, -4.600000000000000533 ) ) ;
#1055 = DIRECTION ( 'NONE',  ( 0.000000000000000000, 1.000000000000000000, 0.000000000000000000 ) ) ;
#1056 = VERTEX_POINT ( 'NONE', #969 ) ;
#1057 = CARTESIAN_POINT ( 'NONE',  ( 1.100000000000000089, 0.4999999999999995559, 2.199999999999997957 ) ) ;
#1058 = CLOSED_SHELL ( 'NONE', ( #621, #394, #976, #742, #872, #880, #633, #771, #176 ) ) ;
#1059 = AXIS2_PLACEMENT_3D ( 'NONE', #482, #712, #24 ) ;
#1060 = ORIENTED_EDGE ( 'NONE', *, *, #1178, .F. ) ;
#1061 = ORIENTED_EDGE ( 'NONE', *, *, #1204, .T. ) ;
#1062 = CARTESIAN_POINT ( 'NONE',  ( 5.099999999999996980, 4.700000000000000178, -4.299999999999997158 ) ) ;
#1063 = ORIENTED_EDGE ( 'NONE', *, *, #1046, .F. ) ;
#1064 = DIRECTION ( 'NONE',  ( -1.000000000000000000, 0.000000000000000000, -0.000000000000000000 ) ) ;
#1065 =( LENGTH_UNIT ( ) NAMED_UNIT ( * ) SI_UNIT ( .MILLI., .METRE. ) );
#1066 = VECTOR ( 'NONE', #1332, 1000.000000000000000 ) ;
#1067 = EDGE_CURVE ( 'NONE', #1272, #659, #188, .T. ) ;
#1068 = DIRECTION ( 'NONE',  ( 0.000000000000000000, 0.000000000000000000, -1.000000000000000000 ) ) ;
#1069 = LINE ( 'NONE', #699, #170 ) ;
#1070 = DIRECTION ( 'NONE',  ( 0.000000000000000000, 0.000000000000000000, -1.000000000000000000 ) ) ;
#1071 = LINE ( 'NONE', #982, #832 ) ;
#1072 = CARTESIAN_POINT ( 'NONE',  ( 1.100000000000000089, 0.1036097637165817875, -4.999999999999998224 ) ) ;
#1073 = VECTOR ( 'NONE', #189, 1000.000000000000000 ) ;
#1074 = CARTESIAN_POINT ( 'NONE',  ( 1.100000000000000089, 2.914551592988481765, -4.599999999999999645 ) ) ;
#1075 = FILL_AREA_STYLE ('',( #351 ) ) ;
#1076 = FACE_OUTER_BOUND ( 'NONE', #1, .T. ) ;
#1077 = CARTESIAN_POINT ( 'NONE',  ( -1.100000000000000089, 2.914551592988479989, 4.599999999999999645 ) ) ;
#1078 = DIRECTION ( 'NONE',  ( 0.000000000000000000, -0.000000000000000000, -1.000000000000000000 ) ) ;
#1079 = ORIENTED_EDGE ( 'NONE', *, *, #729, .F. ) ;
#1080 =( GEOMETRIC_REPRESENTATION_CONTEXT ( 3 ) GLOBAL_UNCERTAINTY_ASSIGNED_CONTEXT ( ( #765 ) ) GLOBAL_UNIT_ASSIGNED_CONTEXT ( ( #483, #733, #605 ) ) REPRESENTATION_CONTEXT ( 'NONE', 'WORKASPACE' ) );
#1081 = CARTESIAN_POINT ( 'NONE',  ( -1.249999999999999334, 0.000000000000000000, 1.400000000000000577 ) ) ;
#1082 = ORIENTED_EDGE ( 'NONE', *, *, #589, .T. ) ;
#1083 = MECHANICAL_DESIGN_GEOMETRIC_PRESENTATION_REPRESENTATION (  '', ( #868 ), #1492 ) ;
#1084 = ORIENTED_EDGE ( 'NONE', *, *, #1329, .F. ) ;
#1085 = DIRECTION ( 'NONE',  ( 0.000000000000000000, 1.000000000000000000, 0.000000000000000000 ) ) ;
#1086 = CARTESIAN_POINT ( 'NONE',  ( -1.100000000000000089, 0.5000000000000000000, -4.600000000000000533 ) ) ;
#1087 = CARTESIAN_POINT ( 'NONE',  ( -5.100000000000001421, 4.700000000000000178, -4.299999999999997158 ) ) ;
#1088 = PRESENTATION_STYLE_ASSIGNMENT (( #944 ) ) ;
#1089 = MECHANICAL_DESIGN_GEOMETRIC_PRESENTATION_REPRESENTATION (  '', ( #873 ), #1474 ) ;
#1090 =( NAMED_UNIT ( * ) SI_UNIT ( $, .STERADIAN. ) SOLID_ANGLE_UNIT ( ) );
#1091 = COLOUR_RGB ( '',0.9882352941176471006, 0.7372549019607843590, 0.5176470588235293491 ) ;
#1092 = EDGE_CURVE ( 'NONE', #1235, #106, #488, .T. ) ;
#1093 = CIRCLE ( 'NONE', #1378, 0.7999999999999999334 ) ;
#1094 = SURFACE_STYLE_USAGE ( .BOTH. , #506 ) ;
#1095 = CARTESIAN_POINT ( 'NONE',  ( -1.249999999999999556, 3.191292569943654733, -4.599999999999999645 ) ) ;
#1096 = LINE ( 'NONE', #38, #1448 ) ;
#1097 = ORIENTED_EDGE ( 'NONE', *, *, #589, .F. ) ;
#1098 = DIRECTION ( 'NONE',  ( 0.000000000000000000, -0.000000000000000000, -1.000000000000000000 ) ) ;
#1099 = EDGE_CURVE ( 'NONE', #819, #534, #620, .T. ) ;
#1100 = EDGE_LOOP ( 'NONE', ( #1172, #1333, #1472, #1312 ) ) ;
#1101 = EDGE_LOOP ( 'NONE', ( #1004, #1147, #781, #57 ) ) ;
#1102 = EDGE_LOOP ( 'NONE', ( #246, #882, #1297, #302 ) ) ;
#1103 = DIRECTION ( 'NONE',  ( -0.000000000000000000, -1.000000000000000000, -0.000000000000000000 ) ) ;
#1104 = LINE ( 'NONE', #596, #1222 ) ;
#1105 = VECTOR ( 'NONE', #632, 1000.000000000000000 ) ;
#1106 = PRESENTATION_LAYER_ASSIGNMENT (  '', '', ( #360 ) ) ;
#1107 = CIRCLE ( 'NONE', #414, 0.7999999999999994893 ) ;
#1108 = VECTOR ( 'NONE', #720, 1000.000000000000000 ) ;
#1109 =( GEOMETRIC_REPRESENTATION_CONTEXT ( 3 ) GLOBAL_UNCERTAINTY_ASSIGNED_CONTEXT ( ( #817 ) ) GLOBAL_UNIT_ASSIGNED_CONTEXT ( ( #256, #865, #47 ) ) REPRESENTATION_CONTEXT ( 'NONE', 'WORKASPACE' ) );
#1110 = PLANE ( 'NONE',  #939 ) ;
#1111 = FACE_OUTER_BOUND ( 'NONE', #950, .T. ) ;
#1112 = CARTESIAN_POINT ( 'NONE',  ( 1.100000000000000089, -0.09639023628341814032, 2.199999999999997957 ) ) ;
#1113 = VECTOR ( 'NONE', #146, 1000.000000000000000 ) ;
#1114 = CARTESIAN_POINT ( 'NONE',  ( -1.249999999999999334, 0.5000000000000000000, 1.400000000000000577 ) ) ;
#1115 = ORIENTED_EDGE ( 'NONE', *, *, #167, .F. ) ;
#1116 = ADVANCED_FACE ( 'NONE', ( #99 ), #48, .T. ) ;
#1117 = ORIENTED_EDGE ( 'NONE', *, *, #1309, .F. ) ;
#1118 = ORIENTED_EDGE ( 'NONE', *, *, #124, .T. ) ;
#1119 = DIRECTION ( 'NONE',  ( -0.000000000000000000, -0.000000000000000000, 1.000000000000000000 ) ) ;
#1120 = ORIENTED_EDGE ( 'NONE', *, *, #1370, .T. ) ;
#1121 = CARTESIAN_POINT ( 'NONE',  ( -1.249999999999999556, 3.191292569943654733, 4.599999999999999645 ) ) ;
#1122 = FILL_AREA_STYLE_COLOUR ( '', #1347 ) ;
#1123 = EDGE_CURVE ( 'NONE', #946, #41, #415, .T. ) ;
#1124 = VECTOR ( 'NONE', #193, 1000.000000000000000 ) ;
#1125 = LINE ( 'NONE', #331, #1379 ) ;
#1126 = ADVANCED_FACE ( 'NONE', ( #937 ), #754, .T. ) ;
#1127 = VERTEX_POINT ( 'NONE', #1366 ) ;
#1128 = ORIENTED_EDGE ( 'NONE', *, *, #1457, .F. ) ;
#1129 = VERTEX_POINT ( 'NONE', #401 ) ;
#1130 = ORIENTED_EDGE ( 'NONE', *, *, #1006, .F. ) ;
#1131 = CARTESIAN_POINT ( 'NONE',  ( -1.100000000000000089, 2.914551592988479989, 4.599999999999999645 ) ) ;
#1132 = AXIS2_PLACEMENT_3D ( 'NONE', #940, #142, #1322 ) ;
#1133 = DIRECTION ( 'NONE',  ( 0.000000000000000000, 0.000000000000000000, -1.000000000000000000 ) ) ;
#1134 = EDGE_CURVE ( 'NONE', #838, #71, #151, .T. ) ;
#1135 = PRODUCT_DEFINITION ( 'UNKNOWN', '', #1259, #1141 ) ;
#1136 = SHAPE_DEFINITION_REPRESENTATION ( #1018, #160 ) ;
#1137 = AXIS2_PLACEMENT_3D ( 'NONE', #1057, #127, #584 ) ;
#1138 = DIRECTION ( 'NONE',  ( -0.000000000000000000, 3.592226981221277623E-16, 1.000000000000000000 ) ) ;
#1139 = SURFACE_STYLE_FILL_AREA ( #998 ) ;
#1140 = CARTESIAN_POINT ( 'NONE',  ( 5.099999999999997868, 4.700000000000000178, 4.300000000000000711 ) ) ;
#1141 = PRODUCT_DEFINITION_CONTEXT ( 'detailed design', #382, 'design' ) ;
#1142 = EDGE_CURVE ( 'NONE', #73, #197, #308, .T. ) ;
#1143 = CARTESIAN_POINT ( 'NONE',  ( 1.100000000000000089, 2.914551592988479989, 4.599999999999999645 ) ) ;
#1144 = FILL_AREA_STYLE ('',( #1122 ) ) ;
#1145 = CARTESIAN_POINT ( 'NONE',  ( 1.100000000000000089, 0.1036097637165818430, 4.999999999999998224 ) ) ;
#1146 = COLOUR_RGB ( '',0.7921568627450980005, 0.8196078431372548767, 0.9333333333333333481 ) ;
#1147 = ORIENTED_EDGE ( 'NONE', *, *, #751, .F. ) ;
#1148 = EDGE_LOOP ( 'NONE', ( #1043, #1371, #726, #574 ) ) ;
#1149 = CARTESIAN_POINT ( 'NONE',  ( 1.100000000000000089, 2.914551592988479989, 4.599999999999999645 ) ) ;
#1150 = EDGE_LOOP ( 'NONE', ( #611, #463, #1130, #1427 ) ) ;
#1151 = ORIENTED_EDGE ( 'NONE', *, *, #1535, .T. ) ;
#1152 = DIRECTION ( 'NONE',  ( 1.000000000000000000, 0.000000000000000000, -1.008560160451632221E-16 ) ) ;
#1153 = PRESENTATION_LAYER_ASSIGNMENT (  '', '', ( #997 ) ) ;
#1154 = DIRECTION ( 'NONE',  ( -1.000000000000000000, -0.000000000000000000, 0.000000000000000000 ) ) ;
#1155 = PRESENTATION_LAYER_ASSIGNMENT (  '', '', ( #387 ) ) ;
#1156 = CIRCLE ( 'NONE', #1449, 0.7999999999999994893 ) ;
#1157 =( LENGTH_UNIT ( ) NAMED_UNIT ( * ) SI_UNIT ( .MILLI., .METRE. ) );
#1158 = DIRECTION ( 'NONE',  ( -1.000000000000000000, -0.000000000000000000, -0.000000000000000000 ) ) ;
#1159 = LINE ( 'NONE', #290, #1049 ) ;
#1160 = DIRECTION ( 'NONE',  ( 0.000000000000000000, 0.000000000000000000, 1.000000000000000000 ) ) ;
#1161 = PRESENTATION_STYLE_ASSIGNMENT (( #1433 ) ) ;
#1162 = FILL_AREA_STYLE ('',( #932 ) ) ;
#1163 = FACE_OUTER_BOUND ( 'NONE', #270, .T. ) ;
#1164 = AXIS2_PLACEMENT_3D ( 'NONE', #1234, #173, #1373 ) ;
#1165 = LINE ( 'NONE', #935, #1465 ) ;
#1166 = DIRECTION ( 'NONE',  ( 0.000000000000000000, -1.000000000000000000, 0.000000000000000000 ) ) ;
#1167 = EDGE_CURVE ( 'NONE', #92, #613, #1435, .T. ) ;
#1168 = DIRECTION ( 'NONE',  ( 0.000000000000000000, -0.000000000000000000, 1.000000000000000000 ) ) ;
#1169 = EDGE_CURVE ( 'NONE', #407, #761, #413, .T. ) ;
#1170 = VECTOR ( 'NONE', #1432, 1000.000000000000000 ) ;
#1171 = DIRECTION ( 'NONE',  ( 0.000000000000000000, 0.000000000000000000, -1.000000000000000000 ) ) ;
#1172 = ORIENTED_EDGE ( 'NONE', *, *, #536, .F. ) ;
#1173 = DIRECTION ( 'NONE',  ( 0.000000000000000000, 1.000000000000000000, 0.000000000000000000 ) ) ;
#1174 = EDGE_LOOP ( 'NONE', ( #931, #1428, #460, #1084, #196, #321, #398, #908 ) ) ;
#1175 = ORIENTED_EDGE ( 'NONE', *, *, #1215, .T. ) ;
#1176 = DIRECTION ( 'NONE',  ( 0.000000000000000000, 0.000000000000000000, -1.000000000000000000 ) ) ;
#1177 = PLANE ( 'NONE',  #311 ) ;
#1178 = EDGE_CURVE ( 'NONE', #407, #73, #850, .T. ) ;
#1179 = VECTOR ( 'NONE', #254, 1000.000000000000000 ) ;
#1180 = VECTOR ( 'NONE', #767, 1000.000000000000000 ) ;
#1181 =( NAMED_UNIT ( * ) PLANE_ANGLE_UNIT ( ) SI_UNIT ( $, .RADIAN. ) );
#1182 = PRESENTATION_STYLE_ASSIGNMENT (( #487 ) ) ;
#1183 = LINE ( 'NONE', #1537, #566 ) ;
#1184 = CARTESIAN_POINT ( 'NONE',  ( -1.100000000000000089, 0.1036097637165817875, -4.999999999999998224 ) ) ;
#1185 = UNCERTAINTY_MEASURE_WITH_UNIT (LENGTH_MEASURE( 1.000000000000000082E-05 ), #486, 'distance_accuracy_value', 'NONE');
#1186 = DIRECTION ( 'NONE',  ( 0.000000000000000000, -0.000000000000000000, 1.000000000000000000 ) ) ;
#1187 = SURFACE_STYLE_USAGE ( .BOTH. , #356 ) ;
#1188 = LINE ( 'NONE', #898, #875 ) ;
#1189 = PRESENTATION_LAYER_ASSIGNMENT (  '', '', ( #873 ) ) ;
#1190 = LINE ( 'NONE', #723, #1113 ) ;
#1191 = CARTESIAN_POINT ( 'NONE',  ( 0.000000000000000000, 0.5000000000000000000, 0.000000000000000000 ) ) ;
#1192 = AXIS2_PLACEMENT_3D ( 'NONE', #123, #1419, #338 ) ;
#1193 = CARTESIAN_POINT ( 'NONE',  ( -1.249999999999998446, 0.5000000000000000000, -1.400000000000000577 ) ) ;
#1194 = ORIENTED_EDGE ( 'NONE', *, *, #528, .T. ) ;
#1195 = ORIENTED_EDGE ( 'NONE', *, *, #768, .T. ) ;
#1196 = DIRECTION ( 'NONE',  ( -0.000000000000000000, -0.000000000000000000, -1.000000000000000000 ) ) ;
#1197 = ORIENTED_EDGE ( 'NONE', *, *, #980, .T. ) ;
#1198 = ORIENTED_EDGE ( 'NONE', *, *, #682, .T. ) ;
#1199 = CARTESIAN_POINT ( 'NONE',  ( 1.100000000000000089, 0.5000000000000000000, -2.199999999999997957 ) ) ;
#1200 = CARTESIAN_POINT ( 'NONE',  ( -1.249999999999998446, 0.5000000000000000000, -1.400000000000000577 ) ) ;
#1201 = VECTOR ( 'NONE', #609, 1000.000000000000000 ) ;
#1202 = EDGE_CURVE ( 'NONE', #659, #702, #920, .T. ) ;
#1203 = DIRECTION ( 'NONE',  ( 0.000000000000000000, 1.000000000000000000, 0.000000000000000000 ) ) ;
#1204 = EDGE_CURVE ( 'NONE', #92, #94, #116, .T. ) ;
#1205 = DIRECTION ( 'NONE',  ( 1.000000000000000000, 0.000000000000000000, 0.000000000000000000 ) ) ;
#1206 = SURFACE_STYLE_USAGE ( .BOTH. , #1340 ) ;
#1207 = FACE_OUTER_BOUND ( 'NONE', #299, .T. ) ;
#1208 = SURFACE_STYLE_USAGE ( .BOTH. , #31 ) ;
#1209 = AXIS2_PLACEMENT_3D ( 'NONE', #325, #652, #669 ) ;
#1210 = FACE_OUTER_BOUND ( 'NONE', #195, .T. ) ;
#1211 = UNCERTAINTY_MEASURE_WITH_UNIT (LENGTH_MEASURE( 1.000000000000000082E-05 ), #42, 'distance_accuracy_value', 'NONE');
#1212 = FACE_OUTER_BOUND ( 'NONE', #807, .T. ) ;
#1213 = DIRECTION ( 'NONE',  ( 0.000000000000000000, 1.000000000000000000, -0.000000000000000000 ) ) ;
#1214 = EDGE_LOOP ( 'NONE', ( #90, #863, #215, #821, #303, #553 ) ) ;
#1215 = EDGE_CURVE ( 'NONE', #1392, #1235, #871, .T. ) ;
#1216 = EDGE_LOOP ( 'NONE', ( #1489, #610, #1237, #1198 ) ) ;
#1217 = ORIENTED_EDGE ( 'NONE', *, *, #402, .F. ) ;
#1218 = ORIENTED_EDGE ( 'NONE', *, *, #1484, .T. ) ;
#1219 = FILL_AREA_STYLE_COLOUR ( '', #794 ) ;
#1220 = AXIS2_PLACEMENT_3D ( 'NONE', #813, #1540, #1168 ) ;
#1221 = SURFACE_STYLE_USAGE ( .BOTH. , #275 ) ;
#1222 = VECTOR ( 'NONE', #470, 1000.000000000000000 ) ;
#1223 = AXIS2_PLACEMENT_3D ( 'NONE', #15, #1085, #957 ) ;
#1224 = ADVANCED_FACE ( 'NONE', ( #1009 ), #1239, .F. ) ;
#1225 = VECTOR ( 'NONE', #1002, 1000.000000000000000 ) ;
#1226 = EDGE_CURVE ( 'NONE', #94, #785, #1159, .T. ) ;
#1227 = LINE ( 'NONE', #148, #1399 ) ;
#1228 = FILL_AREA_STYLE ('',( #1219 ) ) ;
#1229 = AXIS2_PLACEMENT_3D ( 'NONE', #1184, #1205, #837 ) ;
#1230 = CARTESIAN_POINT ( 'NONE',  ( -4.299999999999999822, 4.700000000000000178, 4.300000000000000711 ) ) ;
#1231 = ADVANCED_FACE ( 'NONE', ( #80 ), #804, .T. ) ;
#1232 = VECTOR ( 'NONE', #716, 1000.000000000000000 ) ;
#1233 = ORIENTED_EDGE ( 'NONE', *, *, #779, .T. ) ;
#1234 = CARTESIAN_POINT ( 'NONE',  ( 1.100000000000000089, 0.1036097637165818430, 4.999999999999998224 ) ) ;
#1235 = VERTEX_POINT ( 'NONE', #1112 ) ;
#1236 = ORIENTED_EDGE ( 'NONE', *, *, #1142, .F. ) ;
#1237 = ORIENTED_EDGE ( 'NONE', *, *, #907, .F. ) ;
#1238 = VERTEX_POINT ( 'NONE', #97 ) ;
#1239 = PLANE ( 'NONE',  #213 ) ;
#1240 = ADVANCED_FACE ( 'NONE', ( #385 ), #1514, .F. ) ;
#1241 = EDGE_CURVE ( 'NONE', #1469, #1384, #791, .T. ) ;
#1242 = CARTESIAN_POINT ( 'NONE',  ( 1.100000000000000089, -0.09639023628341814032, 2.199999999999997957 ) ) ;
#1243 = VECTOR ( 'NONE', #405, 1000.000000000000000 ) ;
#1244 = AXIS2_PLACEMENT_3D ( 'NONE', #1327, #43, #1078 ) ;
#1245 = DIRECTION ( 'NONE',  ( -0.000000000000000000, -1.000000000000000000, 0.000000000000000000 ) ) ;
#1246 = ADVANCED_FACE ( 'NONE', ( #329 ), #1031, .F. ) ;
#1247 = DIRECTION ( 'NONE',  ( 2.017120320903264195E-16, 0.000000000000000000, 1.000000000000000000 ) ) ;
#1248 = CIRCLE ( 'NONE', #646, 0.7999999999999994893 ) ;
#1249 = CARTESIAN_POINT ( 'NONE',  ( 1.100000000000000089, 0.4999999999999995559, 2.199999999999997957 ) ) ;
#1250 = LINE ( 'NONE', #149, #316 ) ;
#1251 = SURFACE_SIDE_STYLE ('',( #673 ) ) ;
#1252 = CARTESIAN_POINT ( 'NONE',  ( -1.100000000000000089, 2.914551592988481765, -5.199999999999998401 ) ) ;
#1253 = ORIENTED_EDGE ( 'NONE', *, *, #32, .T. ) ;
#1254 = ORIENTED_EDGE ( 'NONE', *, *, #96, .T. ) ;
#1255 = CARTESIAN_POINT ( 'NONE',  ( 1.100000000000000089, 2.914551592988481765, -5.199999999999998401 ) ) ;
#1256 = VERTEX_POINT ( 'NONE', #541 ) ;
#1257 = ADVANCED_FACE ( 'NONE', ( #635 ), #790, .F. ) ;
#1258 = EDGE_CURVE ( 'NONE', #73, #1352, #45, .T. ) ;
#1259 = PRODUCT_DEFINITION_FORMATION_WITH_SPECIFIED_SOURCE ( 'ANY', '', #520, .NOT_KNOWN. ) ;
#1260 = CARTESIAN_POINT ( 'NONE',  ( 5.099999999999996092, 4.700000000000000178, -4.299999999999997158 ) ) ;
#1261 = UNCERTAINTY_MEASURE_WITH_UNIT (LENGTH_MEASURE( 1.000000000000000082E-05 ), #852, 'distance_accuracy_value', 'NONE');
#1262 = CARTESIAN_POINT ( 'NONE',  ( 1.249999999999998446, 0.5000000000000000000, -4.600000000000000533 ) ) ;
#1263 = VECTOR ( 'NONE', #1154, 1000.000000000000000 ) ;
#1264 = LINE ( 'NONE', #383, #309 ) ;
#1265 = EDGE_CURVE ( 'NONE', #594, #984, #886, .T. ) ;
#1266 = CYLINDRICAL_SURFACE ( 'NONE', #1027, 0.1999999999999996503 ) ;
#1267 = LINE ( 'NONE', #328, #942 ) ;
#1268 = DIRECTION ( 'NONE',  ( -1.000000000000000000, -0.000000000000000000, -0.000000000000000000 ) ) ;
#1269 = LINE ( 'NONE', #1095, #797 ) ;
#1270 = CARTESIAN_POINT ( 'NONE',  ( 1.100000000000000089, 0.1036097637165817875, -4.999999999999998224 ) ) ;
#1271 = DIRECTION ( 'NONE',  ( 0.000000000000000000, -1.000000000000000000, 3.592226981221277623E-16 ) ) ;
#1272 = VERTEX_POINT ( 'NONE', #903 ) ;
#1273 = DIRECTION ( 'NONE',  ( 0.000000000000000000, 0.000000000000000000, 1.000000000000000000 ) ) ;
#1274 = ORIENTED_EDGE ( 'NONE', *, *, #22, .F. ) ;
#1275 = VERTEX_POINT ( 'NONE', #786 ) ;
#1276 = MECHANICAL_DESIGN_GEOMETRIC_PRESENTATION_REPRESENTATION (  '', ( #851 ), #651 ) ;
#1277 = EDGE_LOOP ( 'NONE', ( #1430, #661, #476, #677 ) ) ;
#1278 = CARTESIAN_POINT ( 'NONE',  ( -1.249999999999999334, 0.5000000000000000000, 4.600000000000000533 ) ) ;
#1279 =( GEOMETRIC_REPRESENTATION_CONTEXT ( 3 ) GLOBAL_UNCERTAINTY_ASSIGNED_CONTEXT ( ( #995 ) ) GLOBAL_UNIT_ASSIGNED_CONTEXT ( ( #1382, #1016, #210 ) ) REPRESENTATION_CONTEXT ( 'NONE', 'WORKASPACE' ) );
#1280 = CARTESIAN_POINT ( 'NONE',  ( 1.250000000000000444, 0.000000000000000000, 5.100000000000000533 ) ) ;
#1281 = DIRECTION ( 'NONE',  ( 1.000000000000000000, 0.000000000000000000, -1.008560160451632221E-16 ) ) ;
#1282 = VECTOR ( 'NONE', #370, 1000.000000000000000 ) ;
#1283 = UNCERTAINTY_MEASURE_WITH_UNIT (LENGTH_MEASURE( 1.000000000000000082E-05 ), #186, 'distance_accuracy_value', 'NONE');
#1284 = LINE ( 'NONE', #870, #1361 ) ;
#1285 = DIRECTION ( 'NONE',  ( 1.000000000000000000, 0.000000000000000000, 0.000000000000000000 ) ) ;
#1286 = LINE ( 'NONE', #9, #979 ) ;
#1287 = VECTOR ( 'NONE', #678, 1000.000000000000000 ) ;
#1288 = EDGE_CURVE ( 'NONE', #334, #1392, #1533, .T. ) ;
#1289 = CARTESIAN_POINT ( 'NONE',  ( -1.249999999999999556, 3.191292569943654733, 5.100000000000000533 ) ) ;
#1290 = EDGE_CURVE ( 'NONE', #747, #128, #1008, .T. ) ;
#1291 = PRESENTATION_STYLE_ASSIGNMENT (( #201 ) ) ;
#1292 = FILL_AREA_STYLE ('',( #1499 ) ) ;
#1293 = VECTOR ( 'NONE', #1477, 1000.000000000000000 ) ;
#1294 = ORIENTED_EDGE ( 'NONE', *, *, #928, .T. ) ;
#1295 = DIRECTION ( 'NONE',  ( -0.000000000000000000, -0.000000000000000000, -1.000000000000000000 ) ) ;
#1296 = ORIENTED_EDGE ( 'NONE', *, *, #446, .F. ) ;
#1297 = ORIENTED_EDGE ( 'NONE', *, *, #1123, .F. ) ;
#1298 = SURFACE_STYLE_USAGE ( .BOTH. , #111 ) ;
#1299 = EDGE_CURVE ( 'NONE', #946, #1355, #686, .T. ) ;
#1300 = FILL_AREA_STYLE_COLOUR ( '', #1047 ) ;
#1301 = PRESENTATION_LAYER_ASSIGNMENT (  '', '', ( #7 ) ) ;
#1302 = SURFACE_SIDE_STYLE ('',( #190 ) ) ;
#1303 = COLOUR_RGB ( '',0.9882352941176471006, 0.7372549019607843590, 0.5176470588235293491 ) ;
#1304 = PLANE ( 'NONE',  #710 ) ;
#1305 =( NAMED_UNIT ( * ) PLANE_ANGLE_UNIT ( ) SI_UNIT ( $, .RADIAN. ) );
#1306 = LINE ( 'NONE', #1393, #1124 ) ;
#1307 = PRESENTATION_LAYER_ASSIGNMENT (  '', '', ( #87 ) ) ;
#1308 = CARTESIAN_POINT ( 'NONE',  ( 5.099999999999996980, 0.000000000000000000, -4.299999999999997158 ) ) ;
#1309 = EDGE_CURVE ( 'NONE', #1486, #420, #449, .T. ) ;
#1310 = CARTESIAN_POINT ( 'NONE',  ( -1.249999999999999334, 0.5000000000000000000, 4.600000000000000533 ) ) ;
#1311 = VECTOR ( 'NONE', #1068, 1000.000000000000000 ) ;
#1312 = ORIENTED_EDGE ( 'NONE', *, *, #1319, .F. ) ;
#1313 = ORIENTED_EDGE ( 'NONE', *, *, #1006, .T. ) ;
#1314 = ORIENTED_EDGE ( 'NONE', *, *, #1046, .T. ) ;
#1315 = CARTESIAN_POINT ( 'NONE',  ( -1.100000000000000089, 0.1036097637165832447, 5.199999999999998401 ) ) ;
#1316 = ORIENTED_EDGE ( 'NONE', *, *, #1067, .T. ) ;
#1317 = DIRECTION ( 'NONE',  ( -0.000000000000000000, -1.000000000000000000, -0.000000000000000000 ) ) ;
#1318 = DIRECTION ( 'NONE',  ( 0.000000000000000000, 0.000000000000000000, 1.000000000000000000 ) ) ;
#1319 = EDGE_CURVE ( 'NONE', #21, #426, #1321, .T. ) ;
#1320 = CARTESIAN_POINT ( 'NONE',  ( -4.299999999999999822, 4.700000000000000178, 4.300000000000000711 ) ) ;
#1321 = LINE ( 'NONE', #451, #1263 ) ;
#1322 = DIRECTION ( 'NONE',  ( -2.017120320903264195E-16, 0.000000000000000000, -1.000000000000000000 ) ) ;
#1323 = CARTESIAN_POINT ( 'NONE',  ( -4.300000000000001599, 0.000000000000000000, -5.099999999999997868 ) ) ;
#1324 = SURFACE_STYLE_FILL_AREA ( #1228 ) ;
#1325 = DIRECTION ( 'NONE',  ( 0.000000000000000000, 0.000000000000000000, 1.000000000000000000 ) ) ;
#1326 = PRESENTATION_STYLE_ASSIGNMENT (( #222 ) ) ;
#1327 = CARTESIAN_POINT ( 'NONE',  ( -1.249999999999999556, 3.191292569943654733, -4.599999999999999645 ) ) ;
#1328 = LINE ( 'NONE', #1051, #776 ) ;
#1329 = EDGE_CURVE ( 'NONE', #785, #824, #61, .T. ) ;
#1330 = SURFACE_STYLE_FILL_AREA ( #33 ) ;
#1331 = PRESENTATION_LAYER_ASSIGNMENT (  '', '', ( #260 ) ) ;
#1332 = DIRECTION ( 'NONE',  ( 0.000000000000000000, -1.000000000000000000, -3.592226981221275650E-16 ) ) ;
#1333 = ORIENTED_EDGE ( 'NONE', *, *, #689, .F. ) ;
#1334 = ORIENTED_EDGE ( 'NONE', *, *, #1241, .F. ) ;
#1335 =( NAMED_UNIT ( * ) PLANE_ANGLE_UNIT ( ) SI_UNIT ( $, .RADIAN. ) );
#1336 = ORIENTED_EDGE ( 'NONE', *, *, #833, .F. ) ;
#1337 = CARTESIAN_POINT ( 'NONE',  ( -1.249999999999999556, 0.000000000000000000, 5.100000000000000533 ) ) ;
#1338 =( NAMED_UNIT ( * ) SI_UNIT ( $, .STERADIAN. ) SOLID_ANGLE_UNIT ( ) );
#1339 = AXIS2_PLACEMENT_3D ( 'NONE', #372, #1471, #1348 ) ;
#1340 = SURFACE_SIDE_STYLE ('',( #1418 ) ) ;
#1341 =( LENGTH_UNIT ( ) NAMED_UNIT ( * ) SI_UNIT ( .MILLI., .METRE. ) );
#1342 = PRODUCT_CONTEXT ( 'NONE', #1459, 'mechanical' ) ;
#1343 = VECTOR ( 'NONE', #192, 1000.000000000000000 ) ;
#1344 = FILL_AREA_STYLE_COLOUR ( '', #386 ) ;
#1345 = PRESENTATION_STYLE_ASSIGNMENT (( #1206 ) ) ;
#1346 = DIRECTION ( 'NONE',  ( 0.000000000000000000, -0.000000000000000000, -1.000000000000000000 ) ) ;
#1347 = COLOUR_RGB ( '',0.9882352941176471006, 0.7372549019607843590, 0.5176470588235293491 ) ;
#1348 = DIRECTION ( 'NONE',  ( 0.000000000000000000, -0.000000000000000000, -1.000000000000000000 ) ) ;
#1349 = PRESENTATION_STYLE_ASSIGNMENT (( #291 ) ) ;
#1350 = EDGE_CURVE ( 'NONE', #824, #593, #993, .T. ) ;
#1351 = ORIENTED_EDGE ( 'NONE', *, *, #1410, .T. ) ;
#1352 = VERTEX_POINT ( 'NONE', #818 ) ;
#1353 = EDGE_LOOP ( 'NONE', ( #180, #948, #1508, #1115, #1294, #1194 ) ) ;
#1354 = DIRECTION ( 'NONE',  ( -1.000000000000000000, -0.000000000000000000, -0.000000000000000000 ) ) ;
#1355 = VERTEX_POINT ( 'NONE', #347 ) ;
#1356 = ADVANCED_FACE ( 'NONE', ( #602 ), #1052, .T. ) ;
#1357 =( GEOMETRIC_REPRESENTATION_CONTEXT ( 3 ) GLOBAL_UNCERTAINTY_ASSIGNED_CONTEXT ( ( #1211 ) ) GLOBAL_UNIT_ASSIGNED_CONTEXT ( ( #42, #975, #268 ) ) REPRESENTATION_CONTEXT ( 'NONE', 'WORKASPACE' ) );
#1358 = CARTESIAN_POINT ( 'NONE',  ( 1.100000000000000089, 0.4999999999999995559, 4.600000000000000533 ) ) ;
#1359 =( GEOMETRIC_REPRESENTATION_CONTEXT ( 3 ) GLOBAL_UNCERTAINTY_ASSIGNED_CONTEXT ( ( #113 ) ) GLOBAL_UNIT_ASSIGNED_CONTEXT ( ( #1065, #816, #114 ) ) REPRESENTATION_CONTEXT ( 'NONE', 'WORKASPACE' ) );
#1360 = FILL_AREA_STYLE ('',( #258 ) ) ;
#1361 = VECTOR ( 'NONE', #1103, 1000.000000000000000 ) ;
#1362 = ADVANCED_FACE ( 'NONE', ( #1491 ), #1304, .F. ) ;
#1363 = SURFACE_STYLE_FILL_AREA ( #581 ) ;
#1364 = CARTESIAN_POINT ( 'NONE',  ( 1.100000000000000089, 0.4999999999999995559, 4.600000000000000533 ) ) ;
#1365 = ORIENTED_EDGE ( 'NONE', *, *, #1288, .T. ) ;
#1366 = CARTESIAN_POINT ( 'NONE',  ( -1.100000000000000089, -0.09639023628341797378, 4.999999999999996447 ) ) ;
#1367 = ADVANCED_FACE ( 'NONE', ( #185 ), #580, .T. ) ;
#1368 = PRESENTATION_LAYER_ASSIGNMENT (  '', '', ( #1036 ) ) ;
#1369 = EDGE_LOOP ( 'NONE', ( #805, #1097, #681, #803 ) ) ;
#1370 = EDGE_CURVE ( 'NONE', #724, #122, #523, .T. ) ;
#1371 = ORIENTED_EDGE ( 'NONE', *, *, #1513, .F. ) ;
#1372 = CARTESIAN_POINT ( 'NONE',  ( -5.100000000000000533, 4.700000000000000178, 4.300000000000000711 ) ) ;
#1373 = DIRECTION ( 'NONE',  ( 0.000000000000000000, 0.000000000000000000, -1.000000000000000000 ) ) ;
#1374 = DIRECTION ( 'NONE',  ( -0.000000000000000000, -1.000000000000000000, -0.000000000000000000 ) ) ;
#1375 = ADVANCED_FACE ( 'NONE', ( #732 ), #692, .F. ) ;
#1376 = VECTOR ( 'NONE', #286, 1000.000000000000000 ) ;
#1377 = DIRECTION ( 'NONE',  ( 0.000000000000000000, 0.000000000000000000, -1.000000000000000000 ) ) ;
#1378 = AXIS2_PLACEMENT_3D ( 'NONE', #314, #74, #527 ) ;
#1379 = VECTOR ( 'NONE', #561, 1000.000000000000000 ) ;
#1380 = FILL_AREA_STYLE_COLOUR ( '', #1303 ) ;
#1381 = LINE ( 'NONE', #112, #696 ) ;
#1382 =( LENGTH_UNIT ( ) NAMED_UNIT ( * ) SI_UNIT ( .MILLI., .METRE. ) );
#1383 = FILL_AREA_STYLE ('',( #533 ) ) ;
#1384 = VERTEX_POINT ( 'NONE', #568 ) ;
#1385 = DIRECTION ( 'NONE',  ( -1.000000000000000000, 0.000000000000000000, 2.017120320903264195E-16 ) ) ;
#1386 = ORIENTED_EDGE ( 'NONE', *, *, #971, .F. ) ;
#1387 = MECHANICAL_DESIGN_GEOMETRIC_PRESENTATION_REPRESENTATION (  '', ( #1005 ), #1080 ) ;
#1388 = ORIENTED_EDGE ( 'NONE', *, *, #1299, .F. ) ;
#1389 = DIRECTION ( 'NONE',  ( 1.000000000000000000, 0.000000000000000000, 0.000000000000000000 ) ) ;
#1390 = ORIENTED_EDGE ( 'NONE', *, *, #971, .T. ) ;
#1391 = EDGE_CURVE ( 'NONE', #1127, #106, #1069, .T. ) ;
#1392 = VERTEX_POINT ( 'NONE', #929 ) ;
#1393 = CARTESIAN_POINT ( 'NONE',  ( 1.100000000000000089, 0.5000000000000000000, -2.199999999999997957 ) ) ;
#1394 = DIRECTION ( 'NONE',  ( 0.000000000000000000, -0.000000000000000000, -1.000000000000000000 ) ) ;
#1395 = CARTESIAN_POINT ( 'NONE',  ( 1.250000000000000444, 0.000000000000000000, 4.599999999999999645 ) ) ;
#1396 = CARTESIAN_POINT ( 'NONE',  ( 4.299999999999997158, 4.700000000000000178, -5.099999999999997868 ) ) ;
#1397 = VECTOR ( 'NONE', #205, 1000.000000000000000 ) ;
#1398 = SURFACE_SIDE_STYLE ('',( #693 ) ) ;
#1399 = VECTOR ( 'NONE', #165, 1000.000000000000000 ) ;
#1400 = EDGE_CURVE ( 'NONE', #594, #1469, #752, .T. ) ;
#1401 = SURFACE_STYLE_USAGE ( .BOTH. , #428 ) ;
#1402 = COLOUR_RGB ( '',0.9882352941176471006, 0.7372549019607843590, 0.5176470588235293491 ) ;
#1403 = DIRECTION ( 'NONE',  ( 0.000000000000000000, 0.000000000000000000, -1.000000000000000000 ) ) ;
#1404 = COLOUR_RGB ( '',0.9882352941176471006, 0.7372549019607843590, 0.5176470588235293491 ) ;
#1405 = VECTOR ( 'NONE', #1456, 1000.000000000000000 ) ;
#1406 = LINE ( 'NONE', #1323, #295 ) ;
#1407 = CARTESIAN_POINT ( 'NONE',  ( -1.100000000000000089, 0.1036097637165818430, 4.999999999999998224 ) ) ;
#1408 = ORIENTED_EDGE ( 'NONE', *, *, #1458, .T. ) ;
#1409 = ORIENTED_EDGE ( 'NONE', *, *, #1092, .T. ) ;
#1410 = EDGE_CURVE ( 'NONE', #722, #894, #431, .T. ) ;
#1411 = ORIENTED_EDGE ( 'NONE', *, *, #446, .T. ) ;
#1412 = MECHANICAL_DESIGN_GEOMETRIC_PRESENTATION_REPRESENTATION (  '', ( #517 ), #1443 ) ;
#1413 = CARTESIAN_POINT ( 'NONE',  ( -1.100000000000000089, 0.4999999999999995559, 2.199999999999997957 ) ) ;
#1414 = CARTESIAN_POINT ( 'NONE',  ( 1.100000000000000089, 2.914551592988479989, 5.199999999999998401 ) ) ;
#1415 = AXIS2_PLACEMENT_3D ( 'NONE', #462, #676, #1160 ) ;
#1416 = DIRECTION ( 'NONE',  ( -1.000000000000000000, -0.000000000000000000, -0.000000000000000000 ) ) ;
#1417 = PLANE ( 'NONE',  #704 ) ;
#1418 = SURFACE_STYLE_FILL_AREA ( #36 ) ;
#1419 = DIRECTION ( 'NONE',  ( 0.000000000000000000, 0.000000000000000000, -1.000000000000000000 ) ) ;
#1420 = FACE_OUTER_BOUND ( 'NONE', #1426, .T. ) ;
#1421 = DIRECTION ( 'NONE',  ( -1.000000000000000000, 0.000000000000000000, 1.008560160451632098E-16 ) ) ;
#1422 = CIRCLE ( 'NONE', #361, 0.1999999999999996503 ) ;
#1423 = MECHANICAL_DESIGN_GEOMETRIC_PRESENTATION_REPRESENTATION (  '', ( #1041 ), #479 ) ;
#1424 = ORIENTED_EDGE ( 'NONE', *, *, #240, .F. ) ;
#1425 = FILL_AREA_STYLE ('',( #1300 ) ) ;
#1426 = EDGE_LOOP ( 'NONE', ( #839, #1388, #597, #333 ) ) ;
#1427 = ORIENTED_EDGE ( 'NONE', *, *, #717, .T. ) ;
#1428 = ORIENTED_EDGE ( 'NONE', *, *, #124, .F. ) ;
#1429 = FILL_AREA_STYLE_COLOUR ( '', #777 ) ;
#1430 = ORIENTED_EDGE ( 'NONE', *, *, #1099, .T. ) ;
#1431 = EDGE_CURVE ( 'NONE', #161, #1056, #326, .T. ) ;
#1432 = DIRECTION ( 'NONE',  ( -0.000000000000000000, -1.000000000000000000, -0.000000000000000000 ) ) ;
#1433 = SURFACE_STYLE_USAGE ( .BOTH. , #132 ) ;
#1434 = LINE ( 'NONE', #966, #1179 ) ;
#1435 = LINE ( 'NONE', #887, #735 ) ;
#1436 = DIRECTION ( 'NONE',  ( -0.000000000000000000, -0.000000000000000000, 1.000000000000000000 ) ) ;
#1437 = VECTOR ( 'NONE', #524, 1000.000000000000000 ) ;
#1438 = SURFACE_SIDE_STYLE ('',( #1363 ) ) ;
#1439 = LINE ( 'NONE', #1455, #1108 ) ;
#1440 = PRESENTATION_LAYER_ASSIGNMENT (  '', '', ( #1005 ) ) ;
#1441 = DIRECTION ( 'NONE',  ( -1.000000000000000000, -0.000000000000000000, -0.000000000000000000 ) ) ;
#1442 = VECTOR ( 'NONE', #860, 1000.000000000000000 ) ;
#1443 =( GEOMETRIC_REPRESENTATION_CONTEXT ( 3 ) GLOBAL_UNCERTAINTY_ASSIGNED_CONTEXT ( ( #225 ) ) GLOBAL_UNIT_ASSIGNED_CONTEXT ( ( #809, #922, #450 ) ) REPRESENTATION_CONTEXT ( 'NONE', 'WORKASPACE' ) );
#1444 = CARTESIAN_POINT ( 'NONE',  ( -5.100000000000001421, 4.700000000000000178, -4.299999999999997158 ) ) ;
#1445 = AXIS2_PLACEMENT_3D ( 'NONE', #1193, #1325, #590 ) ;
#1446 = FACE_OUTER_BOUND ( 'NONE', #1100, .T. ) ;
#1447 =( LENGTH_UNIT ( ) NAMED_UNIT ( * ) SI_UNIT ( .MILLI., .METRE. ) );
#1448 = VECTOR ( 'NONE', #601, 1000.000000000000000 ) ;
#1449 = AXIS2_PLACEMENT_3D ( 'NONE', #1462, #719, #147 ) ;
#1450 = ORIENTED_EDGE ( 'NONE', *, *, #304, .T. ) ;
#1451 =( NAMED_UNIT ( * ) PLANE_ANGLE_UNIT ( ) SI_UNIT ( $, .RADIAN. ) );
#1452 = ORIENTED_EDGE ( 'NONE', *, *, #579, .T. ) ;
#1453 =( LENGTH_UNIT ( ) NAMED_UNIT ( * ) SI_UNIT ( .MILLI., .METRE. ) );
#1454 = ORIENTED_EDGE ( 'NONE', *, *, #313, .F. ) ;
#1455 = CARTESIAN_POINT ( 'NONE',  ( 1.100000000000000089, 0.5000000000000000000, -4.600000000000000533 ) ) ;
#1456 = DIRECTION ( 'NONE',  ( -0.000000000000000000, -1.000000000000000000, -0.000000000000000000 ) ) ;
#1457 = EDGE_CURVE ( 'NONE', #1486, #392, #917, .T. ) ;
#1458 = EDGE_CURVE ( 'NONE', #894, #519, #1156, .T. ) ;
#1459 = APPLICATION_CONTEXT ( 'automotive_design' ) ;
#1460 = CARTESIAN_POINT ( 'NONE',  ( -1.100000000000000089, 0.1036097637165818430, 4.999999999999998224 ) ) ;
#1461 = CARTESIAN_POINT ( 'NONE',  ( -1.100000000000000089, -0.09639023628341819583, -2.199999999999997957 ) ) ;
#1462 = CARTESIAN_POINT ( 'NONE',  ( 4.299999999999997158, 4.700000000000000178, -4.299999999999997158 ) ) ;
#1463 = LINE ( 'NONE', #423, #366 ) ;
#1464 = FILL_AREA_STYLE_COLOUR ( '', #153 ) ;
#1465 = VECTOR ( 'NONE', #144, 1000.000000000000000 ) ;
#1466 = VECTOR ( 'NONE', #1281, 1000.000000000000000 ) ;
#1467 = PLANE ( 'NONE',  #175 ) ;
#1468 = STYLED_ITEM ( 'NONE', ( #755 ), #742 ) ;
#1469 = VERTEX_POINT ( 'NONE', #28 ) ;
#1470 = ORIENTED_EDGE ( 'NONE', *, *, #1067, .F. ) ;
#1471 = DIRECTION ( 'NONE',  ( 0.000000000000000000, -1.000000000000000000, 0.000000000000000000 ) ) ;
#1472 = ORIENTED_EDGE ( 'NONE', *, *, #231, .F. ) ;
#1473 = VERTEX_POINT ( 'NONE', #1044 ) ;
#1474 =( GEOMETRIC_REPRESENTATION_CONTEXT ( 3 ) GLOBAL_UNCERTAINTY_ASSIGNED_CONTEXT ( ( #1283 ) ) GLOBAL_UNIT_ASSIGNED_CONTEXT ( ( #186, #297, #762 ) ) REPRESENTATION_CONTEXT ( 'NONE', 'WORKASPACE' ) );
#1475 = CARTESIAN_POINT ( 'NONE',  ( 4.299999999999998046, 4.700000000000000178, 4.300000000000000711 ) ) ;
#1476 = EDGE_CURVE ( 'NONE', #1352, #746, #709, .T. ) ;
#1477 = DIRECTION ( 'NONE',  ( 1.000000000000000000, 0.000000000000000000, 0.000000000000000000 ) ) ;
#1478 = ADVANCED_FACE ( 'NONE', ( #59 ), #956, .T. ) ;
#1479 = DIRECTION ( 'NONE',  ( -1.000000000000000000, -0.000000000000000000, -0.000000000000000000 ) ) ;
#1480 = SURFACE_STYLE_FILL_AREA ( #745 ) ;
#1481 = UNCERTAINTY_MEASURE_WITH_UNIT (LENGTH_MEASURE( 1.000000000000000082E-05 ), #808, 'distance_accuracy_value', 'NONE');
#1482 = VECTOR ( 'NONE', #349, 1000.000000000000000 ) ;
#1483 = ADVANCED_FACE ( 'NONE', ( #631 ), #951, .F. ) ;
#1484 = EDGE_CURVE ( 'NONE', #106, #761, #1434, .T. ) ;
#1485 = VERTEX_POINT ( 'NONE', #40 ) ;
#1486 = VERTEX_POINT ( 'NONE', #1087 ) ;
#1487 = ORIENTED_EDGE ( 'NONE', *, *, #182, .F. ) ;
#1488 = ORIENTED_EDGE ( 'NONE', *, *, #567, .F. ) ;
#1489 = ORIENTED_EDGE ( 'NONE', *, *, #497, .T. ) ;
#1490 = EDGE_CURVE ( 'NONE', #1473, #910, #306, .T. ) ;
#1491 = FACE_OUTER_BOUND ( 'NONE', #1174, .T. ) ;
#1492 =( GEOMETRIC_REPRESENTATION_CONTEXT ( 3 ) GLOBAL_UNCERTAINTY_ASSIGNED_CONTEXT ( ( #207 ) ) GLOBAL_UNIT_ASSIGNED_CONTEXT ( ( #654, #84, #764 ) ) REPRESENTATION_CONTEXT ( 'NONE', 'WORKASPACE' ) );
#1493 = VECTOR ( 'NONE', #522, 1000.000000000000000 ) ;
#1494 = CARTESIAN_POINT ( 'NONE',  ( -1.249999999999999556, 3.191292569943654733, -4.599999999999999645 ) ) ;
#1495 = FILL_AREA_STYLE ('',( #183 ) ) ;
#1496 = STYLED_ITEM ( 'NONE', ( #1088 ), #1375 ) ;
#1497 = LINE ( 'NONE', #1054, #737 ) ;
#1498 = ADVANCED_FACE ( 'NONE', ( #901 ), #251, .F. ) ;
#1499 = FILL_AREA_STYLE_COLOUR ( '', #65 ) ;
#1500 = FACE_OUTER_BOUND ( 'NONE', #477, .T. ) ;
#1501 = LINE ( 'NONE', #714, #1442 ) ;
#1502 = ORIENTED_EDGE ( 'NONE', *, *, #466, .F. ) ;
#1503 = CARTESIAN_POINT ( 'NONE',  ( -1.249999999999999556, 0.000000000000000000, -5.100000000000000533 ) ) ;
#1504 = ORIENTED_EDGE ( 'NONE', *, *, #402, .T. ) ;
#1505 = CARTESIAN_POINT ( 'NONE',  ( 1.100000000000000089, 0.1036097637165832169, -5.199999999999998401 ) ) ;
#1506 = SURFACE_SIDE_STYLE ('',( #1539 ) ) ;
#1507 = AXIS2_PLACEMENT_3D ( 'NONE', #359, #1070, #1064 ) ;
#1508 = ORIENTED_EDGE ( 'NONE', *, *, #231, .T. ) ;
#1509 = VERTEX_POINT ( 'NONE', #1199 ) ;
#1510 = CARTESIAN_POINT ( 'NONE',  ( 1.100000000000000089, 2.914551592988481765, -4.599999999999999645 ) ) ;
#1511 = DIRECTION ( 'NONE',  ( -0.000000000000000000, 1.000000000000000000, -3.592226981221277623E-16 ) ) ;
#1512 = PLANE ( 'NONE',  #974 ) ;
#1513 = EDGE_CURVE ( 'NONE', #334, #1525, #1104, .T. ) ;
#1514 = PLANE ( 'NONE',  #26 ) ;
#1515 = FACE_OUTER_BOUND ( 'NONE', #927, .T. ) ;
#1516 = SURFACE_STYLE_FILL_AREA ( #355 ) ;
#1517 = CARTESIAN_POINT ( 'NONE',  ( 1.250000000000000444, 0.000000000000000000, -5.100000000000000533 ) ) ;
#1518 = CIRCLE ( 'NONE', #624, 0.7999999999999994893 ) ;
#1519 = CARTESIAN_POINT ( 'NONE',  ( 1.250000000000000444, 0.000000000000000000, -4.599999999999999645 ) ) ;
#1520 = PRESENTATION_STYLE_ASSIGNMENT (( #1187 ) ) ;
#1521 = DIRECTION ( 'NONE',  ( -0.000000000000000000, -0.000000000000000000, 1.000000000000000000 ) ) ;
#1522 = ORIENTED_EDGE ( 'NONE', *, *, #1476, .T. ) ;
#1523 = PRESENTATION_LAYER_ASSIGNMENT (  '', '', ( #947 ) ) ;
#1524 = ORIENTED_EDGE ( 'NONE', *, *, #1400, .T. ) ;
#1525 = VERTEX_POINT ( 'NONE', #1315 ) ;
#1526 = AXIS2_PLACEMENT_3D ( 'NONE', #1505, #1273, #663 ) ;
#1527 = ORIENTED_EDGE ( 'NONE', *, *, #1178, .T. ) ;
#1528 = FILL_AREA_STYLE ('',( #924 ) ) ;
#1529 = CARTESIAN_POINT ( 'NONE',  ( 1.100000000000000089, 2.914551592988481765, -4.599999999999999645 ) ) ;
#1530 =( NAMED_UNIT ( * ) SI_UNIT ( $, .STERADIAN. ) SOLID_ANGLE_UNIT ( ) );
#1531 = PRESENTATION_STYLE_ASSIGNMENT (( #261 ) ) ;
#1532 = DIRECTION ( 'NONE',  ( 0.000000000000000000, 0.000000000000000000, 1.000000000000000000 ) ) ;
#1533 = CIRCLE ( 'NONE', #847, 0.1999999999999996503 ) ;
#1534 = VECTOR ( 'NONE', #1028, 1000.000000000000000 ) ;
#1535 = EDGE_CURVE ( 'NONE', #41, #216, #505, .T. ) ;
#1536 = LINE ( 'NONE', #330, #30 ) ;
#1537 = CARTESIAN_POINT ( 'NONE',  ( -4.299999999999999822, 4.700000000000000178, 5.100000000000001421 ) ) ;
#1538 = VECTOR ( 'NONE', #1521, 1000.000000000000000 ) ;
#1539 = SURFACE_STYLE_FILL_AREA ( #1383 ) ;
#1540 = DIRECTION ( 'NONE',  ( 0.000000000000000000, 1.000000000000000000, 0.000000000000000000 ) ) ;
ENDSEC;
END-ISO-10303-21;
