ISO-10303-21;
HEADER;
FILE_DESCRIPTION((''),'2;1');
FILE_NAME('532610571','2019-05-09T',('gga'),(''),
'PRO/ENGINEER BY PARAMETRIC TECHNOLOGY CORPORATION, 2016010',
'PRO/ENGINEER BY PARAMETRIC TECHNOLOGY CORPORATION, 2016010','');
FILE_SCHEMA(('CONFIG_CONTROL_DESIGN'));
ENDSEC;
DATA;
#1=DIRECTION('',(-1.E0,0.E0,0.E0));
#2=VECTOR('',#1,5.E-1);
#3=CARTESIAN_POINT('',(3.8E0,-2.225E0,-1.8E0));
#4=LINE('',#3,#2);
#5=DIRECTION('',(0.E0,1.E0,0.E0));
#6=VECTOR('',#5,1.E0);
#7=CARTESIAN_POINT('',(3.3E0,-3.225E0,-1.8E0));
#8=LINE('',#7,#6);
#9=DIRECTION('',(1.E0,0.E0,0.E0));
#10=VECTOR('',#9,5.E-1);
#11=CARTESIAN_POINT('',(3.3E0,-3.225E0,-1.8E0));
#12=LINE('',#11,#10);
#13=DIRECTION('',(0.E0,1.E0,0.E0));
#14=VECTOR('',#13,1.E0);
#15=CARTESIAN_POINT('',(3.8E0,-3.225E0,-1.8E0));
#16=LINE('',#15,#14);
#17=DIRECTION('',(-1.E0,0.E0,0.E0));
#18=VECTOR('',#17,5.E-1);
#19=CARTESIAN_POINT('',(3.8E0,-2.5E-2,-1.8E0));
#20=LINE('',#19,#18);
#21=DIRECTION('',(0.E0,1.E0,0.E0));
#22=VECTOR('',#21,1.E0);
#23=CARTESIAN_POINT('',(3.8E0,-2.5E-2,-1.8E0));
#24=LINE('',#23,#22);
#25=DIRECTION('',(-1.E0,0.E0,0.E0));
#26=VECTOR('',#25,5.E-1);
#27=CARTESIAN_POINT('',(3.8E0,9.75E-1,-1.8E0));
#28=LINE('',#27,#26);
#29=DIRECTION('',(0.E0,1.E0,0.E0));
#30=VECTOR('',#29,1.E0);
#31=CARTESIAN_POINT('',(3.3E0,-2.5E-2,-1.8E0));
#32=LINE('',#31,#30);
#33=DIRECTION('',(1.E0,0.E0,0.E0));
#34=VECTOR('',#33,5.E-1);
#35=CARTESIAN_POINT('',(-3.8E0,-2.5E-2,-1.8E0));
#36=LINE('',#35,#34);
#37=DIRECTION('',(0.E0,1.E0,0.E0));
#38=VECTOR('',#37,1.E0);
#39=CARTESIAN_POINT('',(-3.3E0,-2.5E-2,-1.8E0));
#40=LINE('',#39,#38);
#41=DIRECTION('',(-1.E0,0.E0,0.E0));
#42=VECTOR('',#41,5.E-1);
#43=CARTESIAN_POINT('',(-3.3E0,9.75E-1,-1.8E0));
#44=LINE('',#43,#42);
#45=DIRECTION('',(0.E0,1.E0,0.E0));
#46=VECTOR('',#45,1.E0);
#47=CARTESIAN_POINT('',(-3.8E0,-2.5E-2,-1.8E0));
#48=LINE('',#47,#46);
#49=DIRECTION('',(1.E0,0.E0,0.E0));
#50=VECTOR('',#49,5.E-1);
#51=CARTESIAN_POINT('',(-3.8E0,-2.225E0,-1.8E0));
#52=LINE('',#51,#50);
#53=DIRECTION('',(0.E0,1.E0,0.E0));
#54=VECTOR('',#53,1.E0);
#55=CARTESIAN_POINT('',(-3.8E0,-3.225E0,-1.8E0));
#56=LINE('',#55,#54);
#57=DIRECTION('',(1.E0,0.E0,0.E0));
#58=VECTOR('',#57,5.E-1);
#59=CARTESIAN_POINT('',(-3.8E0,-3.225E0,-1.8E0));
#60=LINE('',#59,#58);
#61=DIRECTION('',(0.E0,1.E0,0.E0));
#62=VECTOR('',#61,1.E0);
#63=CARTESIAN_POINT('',(-3.3E0,-3.225E0,-1.8E0));
#64=LINE('',#63,#62);
#65=DIRECTION('',(0.E0,0.E0,1.E0));
#66=VECTOR('',#65,2.E-1);
#67=CARTESIAN_POINT('',(3.8E0,-2.225E0,-1.8E0));
#68=LINE('',#67,#66);
#69=DIRECTION('',(0.E0,0.E0,1.E0));
#70=VECTOR('',#69,2.E-1);
#71=CARTESIAN_POINT('',(3.8E0,-2.5E-2,-1.8E0));
#72=LINE('',#71,#70);
#73=DIRECTION('',(1.E0,0.E0,0.E0));
#74=VECTOR('',#73,8.E0);
#75=CARTESIAN_POINT('',(-4.E0,-3.225E0,-1.3E0));
#76=LINE('',#75,#74);
#77=DIRECTION('',(-1.E0,0.E0,0.E0));
#78=VECTOR('',#77,2.E-1);
#79=CARTESIAN_POINT('',(4.E0,-3.225E0,-1.6E0));
#80=LINE('',#79,#78);
#81=DIRECTION('',(0.E0,0.E0,1.E0));
#82=VECTOR('',#81,2.E-1);
#83=CARTESIAN_POINT('',(3.8E0,-3.225E0,-1.8E0));
#84=LINE('',#83,#82);
#85=DIRECTION('',(0.E0,0.E0,-1.E0));
#86=VECTOR('',#85,2.E-1);
#87=CARTESIAN_POINT('',(3.3E0,-3.225E0,-1.6E0));
#88=LINE('',#87,#86);
#89=DIRECTION('',(1.E0,0.E0,0.E0));
#90=VECTOR('',#89,6.6E0);
#91=CARTESIAN_POINT('',(-3.3E0,-3.225E0,-1.6E0));
#92=LINE('',#91,#90);
#93=DIRECTION('',(0.E0,0.E0,-1.E0));
#94=VECTOR('',#93,2.E-1);
#95=CARTESIAN_POINT('',(-3.3E0,-3.225E0,-1.6E0));
#96=LINE('',#95,#94);
#97=DIRECTION('',(0.E0,0.E0,1.E0));
#98=VECTOR('',#97,2.E-1);
#99=CARTESIAN_POINT('',(-3.8E0,-3.225E0,-1.8E0));
#100=LINE('',#99,#98);
#101=DIRECTION('',(1.E0,0.E0,0.E0));
#102=VECTOR('',#101,2.E-1);
#103=CARTESIAN_POINT('',(-4.E0,-3.225E0,-1.6E0));
#104=LINE('',#103,#102);
#105=DIRECTION('',(0.E0,0.E0,1.E0));
#106=VECTOR('',#105,3.E-1);
#107=CARTESIAN_POINT('',(-4.E0,-3.225E0,-1.6E0));
#108=LINE('',#107,#106);
#109=DIRECTION('',(1.E0,0.E0,0.E0));
#110=VECTOR('',#109,5.E-1);
#111=CARTESIAN_POINT('',(-4.E0,-3.225E0,1.1E0));
#112=LINE('',#111,#110);
#113=DIRECTION('',(0.E0,0.E0,-1.E0));
#114=VECTOR('',#113,5.E-1);
#115=CARTESIAN_POINT('',(-3.5E0,-3.225E0,1.6E0));
#116=LINE('',#115,#114);
#117=DIRECTION('',(0.E0,0.E0,-1.E0));
#118=VECTOR('',#117,5.E-1);
#119=CARTESIAN_POINT('',(-2.75E0,-3.225E0,1.6E0));
#120=LINE('',#119,#118);
#121=DIRECTION('',(1.E0,0.E0,0.E0));
#122=VECTOR('',#121,5.E-1);
#123=CARTESIAN_POINT('',(-2.75E0,-3.225E0,1.1E0));
#124=LINE('',#123,#122);
#125=DIRECTION('',(0.E0,0.E0,-1.E0));
#126=VECTOR('',#125,5.E-1);
#127=CARTESIAN_POINT('',(-2.25E0,-3.225E0,1.6E0));
#128=LINE('',#127,#126);
#129=DIRECTION('',(0.E0,0.E0,-1.E0));
#130=VECTOR('',#129,5.E-1);
#131=CARTESIAN_POINT('',(-1.5E0,-3.225E0,1.6E0));
#132=LINE('',#131,#130);
#133=DIRECTION('',(1.E0,0.E0,0.E0));
#134=VECTOR('',#133,5.E-1);
#135=CARTESIAN_POINT('',(-1.5E0,-3.225E0,1.1E0));
#136=LINE('',#135,#134);
#137=DIRECTION('',(0.E0,0.E0,-1.E0));
#138=VECTOR('',#137,5.E-1);
#139=CARTESIAN_POINT('',(-1.E0,-3.225E0,1.6E0));
#140=LINE('',#139,#138);
#141=DIRECTION('',(0.E0,0.E0,-1.E0));
#142=VECTOR('',#141,5.E-1);
#143=CARTESIAN_POINT('',(-2.5E-1,-3.225E0,1.6E0));
#144=LINE('',#143,#142);
#145=DIRECTION('',(1.E0,0.E0,0.E0));
#146=VECTOR('',#145,5.E-1);
#147=CARTESIAN_POINT('',(-2.5E-1,-3.225E0,1.1E0));
#148=LINE('',#147,#146);
#149=DIRECTION('',(0.E0,0.E0,-1.E0));
#150=VECTOR('',#149,5.E-1);
#151=CARTESIAN_POINT('',(2.5E-1,-3.225E0,1.6E0));
#152=LINE('',#151,#150);
#153=DIRECTION('',(0.E0,0.E0,-1.E0));
#154=VECTOR('',#153,5.E-1);
#155=CARTESIAN_POINT('',(1.E0,-3.225E0,1.6E0));
#156=LINE('',#155,#154);
#157=DIRECTION('',(1.E0,0.E0,0.E0));
#158=VECTOR('',#157,5.E-1);
#159=CARTESIAN_POINT('',(1.E0,-3.225E0,1.1E0));
#160=LINE('',#159,#158);
#161=DIRECTION('',(0.E0,0.E0,-1.E0));
#162=VECTOR('',#161,5.E-1);
#163=CARTESIAN_POINT('',(1.5E0,-3.225E0,1.6E0));
#164=LINE('',#163,#162);
#165=DIRECTION('',(0.E0,0.E0,-1.E0));
#166=VECTOR('',#165,5.E-1);
#167=CARTESIAN_POINT('',(2.25E0,-3.225E0,1.6E0));
#168=LINE('',#167,#166);
#169=DIRECTION('',(1.E0,0.E0,0.E0));
#170=VECTOR('',#169,5.E-1);
#171=CARTESIAN_POINT('',(2.25E0,-3.225E0,1.1E0));
#172=LINE('',#171,#170);
#173=DIRECTION('',(0.E0,0.E0,-1.E0));
#174=VECTOR('',#173,5.E-1);
#175=CARTESIAN_POINT('',(2.75E0,-3.225E0,1.6E0));
#176=LINE('',#175,#174);
#177=DIRECTION('',(0.E0,0.E0,-1.E0));
#178=VECTOR('',#177,5.E-1);
#179=CARTESIAN_POINT('',(3.5E0,-3.225E0,1.6E0));
#180=LINE('',#179,#178);
#181=DIRECTION('',(1.E0,0.E0,0.E0));
#182=VECTOR('',#181,5.E-1);
#183=CARTESIAN_POINT('',(3.5E0,-3.225E0,1.1E0));
#184=LINE('',#183,#182);
#185=DIRECTION('',(1.E0,0.E0,0.E0));
#186=VECTOR('',#185,8.E0);
#187=CARTESIAN_POINT('',(-4.E0,-3.225E0,7.E-1));
#188=LINE('',#187,#186);
#189=DIRECTION('',(0.E0,0.E0,1.E0));
#190=VECTOR('',#189,4.E-1);
#191=CARTESIAN_POINT('',(-4.E0,-3.225E0,7.E-1));
#192=LINE('',#191,#190);
#193=DIRECTION('',(0.E0,0.E0,1.E0));
#194=VECTOR('',#193,2.4E0);
#195=CARTESIAN_POINT('',(-4.E0,-2.225E0,-1.5E0));
#196=LINE('',#195,#194);
#197=DIRECTION('',(0.E0,-1.E0,0.E0));
#198=VECTOR('',#197,2.8E0);
#199=CARTESIAN_POINT('',(-4.E0,5.75E-1,9.E-1));
#200=LINE('',#199,#198);
#201=DIRECTION('',(0.E0,0.E0,1.E0));
#202=VECTOR('',#201,2.4E0);
#203=CARTESIAN_POINT('',(-4.E0,5.75E-1,-1.5E0));
#204=LINE('',#203,#202);
#205=DIRECTION('',(0.E0,-1.E0,0.E0));
#206=VECTOR('',#205,2.8E0);
#207=CARTESIAN_POINT('',(-4.E0,5.75E-1,-1.5E0));
#208=LINE('',#207,#206);
#209=DIRECTION('',(0.E0,1.E0,0.E0));
#210=VECTOR('',#209,6.E-1);
#211=CARTESIAN_POINT('',(-4.E0,-3.225E0,1.1E0));
#212=LINE('',#211,#210);
#213=DIRECTION('',(0.E0,1.E0,0.E0));
#214=VECTOR('',#213,1.E-1);
#215=CARTESIAN_POINT('',(-4.E0,-3.225E0,7.E-1));
#216=LINE('',#215,#214);
#217=DIRECTION('',(0.E0,0.E0,1.E0));
#218=VECTOR('',#217,2.E0);
#219=CARTESIAN_POINT('',(-4.E0,-3.125E0,-1.3E0));
#220=LINE('',#219,#218);
#221=DIRECTION('',(0.E0,1.E0,0.E0));
#222=VECTOR('',#221,1.E-1);
#223=CARTESIAN_POINT('',(-4.E0,-3.225E0,-1.3E0));
#224=LINE('',#223,#222);
#225=DIRECTION('',(0.E0,-1.E0,0.E0));
#226=VECTOR('',#225,4.2E0);
#227=CARTESIAN_POINT('',(-4.E0,9.75E-1,-1.6E0));
#228=LINE('',#227,#226);
#229=DIRECTION('',(0.E0,0.E0,1.E0));
#230=VECTOR('',#229,2.8E0);
#231=CARTESIAN_POINT('',(-4.E0,9.75E-1,-1.6E0));
#232=LINE('',#231,#230);
#233=DIRECTION('',(0.E0,-1.E0,0.E0));
#234=VECTOR('',#233,1.15E0);
#235=CARTESIAN_POINT('',(-4.E0,9.75E-1,1.2E0));
#236=LINE('',#235,#234);
#237=DIRECTION('',(0.E0,0.E0,-1.E0));
#238=VECTOR('',#237,4.E-1);
#239=CARTESIAN_POINT('',(-4.E0,-1.75E-1,1.6E0));
#240=LINE('',#239,#238);
#241=DIRECTION('',(0.E0,0.E0,-1.E0));
#242=VECTOR('',#241,5.E-1);
#243=CARTESIAN_POINT('',(-4.E0,-2.625E0,1.6E0));
#244=LINE('',#243,#242);
#245=DIRECTION('',(1.E0,0.E0,0.E0));
#246=VECTOR('',#245,5.35E-1);
#247=CARTESIAN_POINT('',(-5.2E0,-2.225E0,-1.3E0));
#248=LINE('',#247,#246);
#249=DIRECTION('',(7.071067811865E-1,0.E0,-7.071067811865E-1));
#250=VECTOR('',#249,4.242640687119E-1);
#251=CARTESIAN_POINT('',(-5.5E0,-2.225E0,-1.E0));
#252=LINE('',#251,#250);
#253=DIRECTION('',(0.E0,0.E0,-1.E0));
#254=VECTOR('',#253,1.1E0);
#255=CARTESIAN_POINT('',(-5.5E0,-2.225E0,1.E-1));
#256=LINE('',#255,#254);
#257=DIRECTION('',(-7.071067811865E-1,0.E0,-7.071067811865E-1));
#258=VECTOR('',#257,4.242640687119E-1);
#259=CARTESIAN_POINT('',(-5.2E0,-2.225E0,4.E-1));
#260=LINE('',#259,#258);
#261=DIRECTION('',(-1.E0,0.E0,0.E0));
#262=VECTOR('',#261,7.E-1);
#263=CARTESIAN_POINT('',(-4.5E0,-2.225E0,4.E-1));
#264=LINE('',#263,#262);
#265=DIRECTION('',(-7.071067811865E-1,0.E0,-7.071067811865E-1));
#266=VECTOR('',#265,7.071067811865E-1);
#267=CARTESIAN_POINT('',(-4.E0,-2.225E0,9.E-1));
#268=LINE('',#267,#266);
#269=DIRECTION('',(1.E0,0.E0,0.E0));
#270=VECTOR('',#269,3.5E-2);
#271=CARTESIAN_POINT('',(-4.035E0,-2.225E0,-1.5E0));
#272=LINE('',#271,#270);
#273=DIRECTION('',(0.E0,0.E0,-1.E0));
#274=VECTOR('',#273,1.43E0);
#275=CARTESIAN_POINT('',(-4.035E0,-2.225E0,-7.E-2));
#276=LINE('',#275,#274);
#277=DIRECTION('',(1.E0,0.E0,0.E0));
#278=VECTOR('',#277,1.16E0);
#279=CARTESIAN_POINT('',(-5.195E0,-2.225E0,-7.E-2));
#280=LINE('',#279,#278);
#281=DIRECTION('',(0.E0,0.E0,1.E0));
#282=VECTOR('',#281,7.E-1);
#283=CARTESIAN_POINT('',(-5.195E0,-2.225E0,-7.7E-1));
#284=LINE('',#283,#282);
#285=DIRECTION('',(-1.E0,0.E0,0.E0));
#286=VECTOR('',#285,5.3E-1);
#287=CARTESIAN_POINT('',(-4.665E0,-2.225E0,-7.7E-1));
#288=LINE('',#287,#286);
#289=DIRECTION('',(0.E0,0.E0,1.E0));
#290=VECTOR('',#289,5.3E-1);
#291=CARTESIAN_POINT('',(-4.665E0,-2.225E0,-1.3E0));
#292=LINE('',#291,#290);
#293=DIRECTION('',(1.E0,0.E0,0.E0));
#294=VECTOR('',#293,5.35E-1);
#295=CARTESIAN_POINT('',(4.665E0,-2.225E0,-1.3E0));
#296=LINE('',#295,#294);
#297=DIRECTION('',(0.E0,0.E0,-1.E0));
#298=VECTOR('',#297,5.3E-1);
#299=CARTESIAN_POINT('',(4.665E0,-2.225E0,-7.7E-1));
#300=LINE('',#299,#298);
#301=DIRECTION('',(-1.E0,0.E0,0.E0));
#302=VECTOR('',#301,5.3E-1);
#303=CARTESIAN_POINT('',(5.195E0,-2.225E0,-7.7E-1));
#304=LINE('',#303,#302);
#305=DIRECTION('',(0.E0,0.E0,-1.E0));
#306=VECTOR('',#305,7.E-1);
#307=CARTESIAN_POINT('',(5.195E0,-2.225E0,-7.E-2));
#308=LINE('',#307,#306);
#309=DIRECTION('',(1.E0,0.E0,0.E0));
#310=VECTOR('',#309,1.16E0);
#311=CARTESIAN_POINT('',(4.035E0,-2.225E0,-7.E-2));
#312=LINE('',#311,#310);
#313=DIRECTION('',(0.E0,0.E0,1.E0));
#314=VECTOR('',#313,1.43E0);
#315=CARTESIAN_POINT('',(4.035E0,-2.225E0,-1.5E0));
#316=LINE('',#315,#314);
#317=DIRECTION('',(1.E0,1.268826313857E-14,0.E0));
#318=VECTOR('',#317,3.5E-2);
#319=CARTESIAN_POINT('',(4.E0,-2.225E0,-1.5E0));
#320=LINE('',#319,#318);
#321=DIRECTION('',(-7.071067811865E-1,0.E0,7.071067811865E-1));
#322=VECTOR('',#321,7.071067811865E-1);
#323=CARTESIAN_POINT('',(4.5E0,-2.225E0,4.E-1));
#324=LINE('',#323,#322);
#325=DIRECTION('',(-1.E0,0.E0,0.E0));
#326=VECTOR('',#325,7.E-1);
#327=CARTESIAN_POINT('',(5.2E0,-2.225E0,4.E-1));
#328=LINE('',#327,#326);
#329=DIRECTION('',(-7.071067811865E-1,0.E0,7.071067811865E-1));
#330=VECTOR('',#329,4.242640687119E-1);
#331=CARTESIAN_POINT('',(5.5E0,-2.225E0,1.E-1));
#332=LINE('',#331,#330);
#333=DIRECTION('',(0.E0,0.E0,1.E0));
#334=VECTOR('',#333,1.1E0);
#335=CARTESIAN_POINT('',(5.5E0,-2.225E0,-1.E0));
#336=LINE('',#335,#334);
#337=DIRECTION('',(7.071067811865E-1,0.E0,7.071067811865E-1));
#338=VECTOR('',#337,4.242640687119E-1);
#339=CARTESIAN_POINT('',(5.2E0,-2.225E0,-1.3E0));
#340=LINE('',#339,#338);
#341=DIRECTION('',(-5.773502691896E-1,5.773502691896E-1,-5.773502691896E-1));
#342=VECTOR('',#341,1.732050807569E-1);
#343=CARTESIAN_POINT('',(-4.565E0,-2.125E0,-1.4E0));
#344=LINE('',#343,#342);
#345=DIRECTION('',(-5.773502691896E-1,-5.773502691896E-1,5.773502691896E-1));
#346=VECTOR('',#345,3.464101615138E-1);
#347=CARTESIAN_POINT('',(-5.E0,-2.025E0,-1.5E0));
#348=LINE('',#347,#346);
#349=DIRECTION('',(0.E0,-1.E0,0.E0));
#350=VECTOR('',#349,2.8E0);
#351=CARTESIAN_POINT('',(-5.5E0,5.75E-1,-1.E0));
#352=LINE('',#351,#350);
#353=DIRECTION('',(1.E0,0.E0,0.E0));
#354=VECTOR('',#353,3.35E-1);
#355=CARTESIAN_POINT('',(-5.E0,-2.025E0,-1.5E0));
#356=LINE('',#355,#354);
#357=DIRECTION('',(0.E0,-1.E0,0.E0));
#358=VECTOR('',#357,2.1E0);
#359=CARTESIAN_POINT('',(-4.665E0,7.5E-2,-1.5E0));
#360=LINE('',#359,#358);
#361=DIRECTION('',(0.E0,1.E0,0.E0));
#362=VECTOR('',#361,2.3E0);
#363=CARTESIAN_POINT('',(-4.035E0,-2.225E0,-1.5E0));
#364=LINE('',#363,#362);
#365=DIRECTION('',(0.E0,-1.E0,0.E0));
#366=VECTOR('',#365,2.6E0);
#367=CARTESIAN_POINT('',(-5.E0,5.75E-1,-1.5E0));
#368=LINE('',#367,#366);
#369=DIRECTION('',(7.071067811865E-1,0.E0,7.071067811865E-1));
#370=VECTOR('',#369,1.414213562373E-2);
#371=CARTESIAN_POINT('',(-4.475E0,-2.5E-2,-1.31E0));
#372=LINE('',#371,#370);
#373=DIRECTION('',(-7.071067811865E-1,0.E0,-7.071067811865E-1));
#374=VECTOR('',#373,2.828427124746E-1);
#375=CARTESIAN_POINT('',(-4.465E0,7.5E-2,-1.3E0));
#376=LINE('',#375,#374);
#377=DIRECTION('',(-5.773502691896E-1,-5.773502691896E-1,-5.773502691896E-1));
#378=VECTOR('',#377,1.558845726812E-1);
#379=CARTESIAN_POINT('',(-4.475E0,-2.035E0,-1.31E0));
#380=LINE('',#379,#378);
#381=DIRECTION('',(0.E0,1.E0,0.E0));
#382=VECTOR('',#381,2.01E0);
#383=CARTESIAN_POINT('',(-4.475E0,-2.035E0,-1.31E0));
#384=LINE('',#383,#382);
#385=DIRECTION('',(-2.220446049250E-14,-1.110223024625E-14,-1.E0));
#386=VECTOR('',#385,4.E-2);
#387=CARTESIAN_POINT('',(4.225E0,-2.5E-2,-1.31E0));
#388=LINE('',#387,#386);
#389=CARTESIAN_POINT('',(4.675E0,-2.5E-2,-1.35E0));
#390=DIRECTION('',(0.E0,-1.E0,0.E0));
#391=DIRECTION('',(-1.E0,0.E0,-2.861908241256E-14));
#392=AXIS2_PLACEMENT_3D('',#389,#390,#391);
#394=DIRECTION('',(1.E0,0.E0,0.E0));
#395=VECTOR('',#394,8.25E-1);
#396=CARTESIAN_POINT('',(4.675E0,-2.5E-2,-1.8E0));
#397=LINE('',#396,#395);
#398=DIRECTION('',(-1.E0,0.E0,0.E0));
#399=VECTOR('',#398,8.25E-1);
#400=CARTESIAN_POINT('',(5.5E0,-2.5E-2,-1.55E0));
#401=LINE('',#400,#399);
#402=CARTESIAN_POINT('',(4.675E0,-2.5E-2,-1.35E0));
#403=DIRECTION('',(0.E0,1.E0,0.E0));
#404=DIRECTION('',(0.E0,0.E0,-1.E0));
#405=AXIS2_PLACEMENT_3D('',#402,#403,#404);
#407=DIRECTION('',(0.E0,0.E0,1.E0));
#408=VECTOR('',#407,4.E-2);
#409=CARTESIAN_POINT('',(4.475E0,-2.5E-2,-1.35E0));
#410=LINE('',#409,#408);
#411=DIRECTION('',(0.E0,0.E0,1.E0));
#412=VECTOR('',#411,1.15E-1);
#413=CARTESIAN_POINT('',(4.475E0,-2.5E-2,-7.6E-1));
#414=LINE('',#413,#412);
#415=CARTESIAN_POINT('',(4.575E0,-2.5E-2,-6.45E-1));
#416=DIRECTION('',(0.E0,1.E0,0.E0));
#417=DIRECTION('',(-1.E0,0.E0,0.E0));
#418=AXIS2_PLACEMENT_3D('',#415,#416,#417);
#420=DIRECTION('',(1.E0,0.E0,0.E0));
#421=VECTOR('',#420,4.2E-1);
#422=CARTESIAN_POINT('',(4.575E0,-2.5E-2,-5.45E-1));
#423=LINE('',#422,#421);
#424=DIRECTION('',(-1.E0,0.E0,0.E0));
#425=VECTOR('',#424,4.2E-1);
#426=CARTESIAN_POINT('',(4.995E0,-2.5E-2,-2.95E-1));
#427=LINE('',#426,#425);
#428=CARTESIAN_POINT('',(4.575E0,-2.5E-2,-6.45E-1));
#429=DIRECTION('',(0.E0,-1.E0,0.E0));
#430=DIRECTION('',(0.E0,0.E0,1.E0));
#431=AXIS2_PLACEMENT_3D('',#428,#429,#430);
#433=DIRECTION('',(2.220446049250E-14,0.E0,1.E0));
#434=VECTOR('',#433,4.E-2);
#435=CARTESIAN_POINT('',(-4.225E0,-2.5E-2,-1.35E0));
#436=LINE('',#435,#434);
#437=CARTESIAN_POINT('',(-4.575E0,-2.5E-2,-6.45E-1));
#438=DIRECTION('',(0.E0,-1.E0,0.E0));
#439=DIRECTION('',(9.714285714286E-1,0.E0,2.373321103691E-1));
#440=AXIS2_PLACEMENT_3D('',#437,#438,#439);
#442=DIRECTION('',(-1.E0,0.E0,0.E0));
#443=VECTOR('',#442,4.2E-1);
#444=CARTESIAN_POINT('',(-4.575E0,-2.5E-2,-2.95E-1));
#445=LINE('',#444,#443);
#446=DIRECTION('',(1.E0,0.E0,0.E0));
#447=VECTOR('',#446,4.2E-1);
#448=CARTESIAN_POINT('',(-4.995E0,-2.5E-2,-5.45E-1));
#449=LINE('',#448,#447);
#450=CARTESIAN_POINT('',(-4.575E0,-2.5E-2,-6.45E-1));
#451=DIRECTION('',(0.E0,1.E0,0.E0));
#452=DIRECTION('',(0.E0,0.E0,1.E0));
#453=AXIS2_PLACEMENT_3D('',#450,#451,#452);
#455=DIRECTION('',(0.E0,0.E0,-1.E0));
#456=VECTOR('',#455,1.15E-1);
#457=CARTESIAN_POINT('',(-4.475E0,-2.5E-2,-6.45E-1));
#458=LINE('',#457,#456);
#459=DIRECTION('',(0.E0,0.E0,-1.E0));
#460=VECTOR('',#459,4.E-2);
#461=CARTESIAN_POINT('',(-4.475E0,-2.5E-2,-1.31E0));
#462=LINE('',#461,#460);
#463=CARTESIAN_POINT('',(-4.675E0,-2.5E-2,-1.35E0));
#464=DIRECTION('',(0.E0,1.E0,0.E0));
#465=DIRECTION('',(1.E0,0.E0,0.E0));
#466=AXIS2_PLACEMENT_3D('',#463,#464,#465);
#468=DIRECTION('',(-1.E0,0.E0,0.E0));
#469=VECTOR('',#468,8.25E-1);
#470=CARTESIAN_POINT('',(-4.675E0,-2.5E-2,-1.55E0));
#471=LINE('',#470,#469);
#472=DIRECTION('',(1.E0,0.E0,0.E0));
#473=VECTOR('',#472,8.25E-1);
#474=CARTESIAN_POINT('',(-5.5E0,-2.5E-2,-1.8E0));
#475=LINE('',#474,#473);
#476=CARTESIAN_POINT('',(-4.675E0,-2.5E-2,-1.35E0));
#477=DIRECTION('',(0.E0,-1.E0,0.E0));
#478=DIRECTION('',(0.E0,0.E0,-1.E0));
#479=AXIS2_PLACEMENT_3D('',#476,#477,#478);
#481=DIRECTION('',(0.E0,1.E0,0.E0));
#482=VECTOR('',#481,1.9E-1);
#483=CARTESIAN_POINT('',(4.225E0,-2.225E0,-6.45E-1));
#484=LINE('',#483,#482);
#485=DIRECTION('',(0.E0,1.E0,0.E0));
#486=VECTOR('',#485,2.2E0);
#487=CARTESIAN_POINT('',(4.575E0,-2.225E0,-2.95E-1));
#488=LINE('',#487,#486);
#489=DIRECTION('',(0.E0,-1.E0,0.E0));
#490=VECTOR('',#489,2.E0);
#491=CARTESIAN_POINT('',(4.235E0,-2.5E-2,-5.619337613708E-1));
#492=LINE('',#491,#490);
#493=DIRECTION('',(0.E0,0.E0,1.E0));
#494=VECTOR('',#493,2.919337613708E-1);
#495=CARTESIAN_POINT('',(4.235E0,-2.025E0,-5.619337613708E-1));
#496=LINE('',#495,#494);
#497=DIRECTION('',(0.E0,-1.E0,0.E0));
#498=VECTOR('',#497,1.E-1);
#499=CARTESIAN_POINT('',(4.235E0,7.5E-2,-1.3E0));
#500=LINE('',#499,#498);
#501=DIRECTION('',(0.E0,0.E0,1.E0));
#502=VECTOR('',#501,7.380662386292E-1);
#503=CARTESIAN_POINT('',(4.235E0,-2.5E-2,-1.3E0));
#504=LINE('',#503,#502);
#505=CARTESIAN_POINT('',(4.235E0,-2.025E0,-5.619337613708E-1));
#506=CARTESIAN_POINT('',(4.228423422456E0,-2.031576577544E0,
-5.888524759016E-1));
#507=CARTESIAN_POINT('',(4.225E0,-2.035E0,-6.165198325784E-1));
#508=CARTESIAN_POINT('',(4.225E0,-2.035E0,-6.45E-1));
#510=DIRECTION('',(0.E0,0.E0,-1.E0));
#511=VECTOR('',#510,6.65E-1);
#512=CARTESIAN_POINT('',(4.225E0,-2.035E0,-6.45E-1));
#513=LINE('',#512,#511);
#514=DIRECTION('',(-5.773502691896E-1,-5.773502691896E-1,5.773502691896E-1));
#515=VECTOR('',#514,3.464101615138E-1);
#516=CARTESIAN_POINT('',(4.235E0,-2.025E0,-2.7E-1));
#517=LINE('',#516,#515);
#518=DIRECTION('',(0.E0,-1.E0,0.E0));
#519=VECTOR('',#518,2.01E0);
#520=CARTESIAN_POINT('',(4.225E0,-2.5E-2,-1.31E0));
#521=LINE('',#520,#519);
#522=DIRECTION('',(7.071067811865E-1,0.E0,7.071067811865E-1));
#523=VECTOR('',#522,1.414213562373E-2);
#524=CARTESIAN_POINT('',(4.225E0,-2.5E-2,-1.31E0));
#525=LINE('',#524,#523);
#526=DIRECTION('',(-7.071067811865E-1,0.E0,-7.071067811865E-1));
#527=VECTOR('',#526,2.828427124746E-1);
#528=CARTESIAN_POINT('',(4.235E0,7.5E-2,-1.3E0));
#529=LINE('',#528,#527);
#530=DIRECTION('',(-5.773502691896E-1,-5.773502691896E-1,-5.773502691896E-1));
#531=VECTOR('',#530,3.290896534381E-1);
#532=CARTESIAN_POINT('',(4.225E0,-2.035E0,-1.31E0));
#533=LINE('',#532,#531);
#534=DIRECTION('',(0.E0,0.E0,1.E0));
#535=VECTOR('',#534,5.3E-1);
#536=CARTESIAN_POINT('',(-4.465E0,7.5E-2,-1.3E0));
#537=LINE('',#536,#535);
#538=DIRECTION('',(-1.E0,0.E0,0.E0));
#539=VECTOR('',#538,3.3E-1);
#540=CARTESIAN_POINT('',(-4.665E0,7.5E-2,-5.7E-1));
#541=LINE('',#540,#539);
#542=DIRECTION('',(0.E0,0.E0,1.E0));
#543=VECTOR('',#542,3.E-1);
#544=CARTESIAN_POINT('',(-4.995E0,7.5E-2,-5.7E-1));
#545=LINE('',#544,#543);
#546=DIRECTION('',(1.E0,0.E0,0.E0));
#547=VECTOR('',#546,7.6E-1);
#548=CARTESIAN_POINT('',(-4.995E0,7.5E-2,-2.7E-1));
#549=LINE('',#548,#547);
#550=DIRECTION('',(0.E0,0.E0,-1.E0));
#551=VECTOR('',#550,1.03E0);
#552=CARTESIAN_POINT('',(-4.235E0,7.5E-2,-2.7E-1));
#553=LINE('',#552,#551);
#554=DIRECTION('',(-1.E0,0.E0,0.E0));
#555=VECTOR('',#554,6.3E-1);
#556=CARTESIAN_POINT('',(-4.035E0,7.5E-2,-1.5E0));
#557=LINE('',#556,#555);
#558=DIRECTION('',(-1.E0,0.E0,0.E0));
#559=VECTOR('',#558,6.3E-1);
#560=CARTESIAN_POINT('',(4.665E0,7.5E-2,-1.5E0));
#561=LINE('',#560,#559);
#562=DIRECTION('',(0.E0,0.E0,1.E0));
#563=VECTOR('',#562,1.03E0);
#564=CARTESIAN_POINT('',(4.235E0,7.5E-2,-1.3E0));
#565=LINE('',#564,#563);
#566=DIRECTION('',(1.E0,0.E0,0.E0));
#567=VECTOR('',#566,7.6E-1);
#568=CARTESIAN_POINT('',(4.235E0,7.5E-2,-2.7E-1));
#569=LINE('',#568,#567);
#570=DIRECTION('',(0.E0,0.E0,-1.E0));
#571=VECTOR('',#570,3.E-1);
#572=CARTESIAN_POINT('',(4.995E0,7.5E-2,-2.7E-1));
#573=LINE('',#572,#571);
#574=DIRECTION('',(-1.E0,0.E0,0.E0));
#575=VECTOR('',#574,3.3E-1);
#576=CARTESIAN_POINT('',(4.995E0,7.5E-2,-5.7E-1));
#577=LINE('',#576,#575);
#578=DIRECTION('',(0.E0,0.E0,-1.E0));
#579=VECTOR('',#578,5.3E-1);
#580=CARTESIAN_POINT('',(4.465E0,7.5E-2,-7.7E-1));
#581=LINE('',#580,#579);
#582=DIRECTION('',(0.E0,0.E0,1.E0));
#583=VECTOR('',#582,5.3E-1);
#584=CARTESIAN_POINT('',(-4.465E0,-2.5E-2,-1.3E0));
#585=LINE('',#584,#583);
#586=DIRECTION('',(0.E0,1.E0,0.E0));
#587=VECTOR('',#586,1.E-1);
#588=CARTESIAN_POINT('',(-4.465E0,-2.5E-2,-7.7E-1));
#589=LINE('',#588,#587);
#590=DIRECTION('',(0.E0,-1.E0,0.E0));
#591=VECTOR('',#590,1.E-1);
#592=CARTESIAN_POINT('',(-4.465E0,7.5E-2,-1.3E0));
#593=LINE('',#592,#591);
#594=DIRECTION('',(7.071067811865E-1,0.E0,-7.071067811866E-1));
#595=VECTOR('',#594,1.414213562373E-2);
#596=CARTESIAN_POINT('',(-4.475E0,-2.5E-2,-7.6E-1));
#597=LINE('',#596,#595);
#598=DIRECTION('',(0.E0,1.E0,0.E0));
#599=VECTOR('',#598,2.01E0);
#600=CARTESIAN_POINT('',(-4.475E0,-2.035E0,-7.6E-1));
#601=LINE('',#600,#599);
#602=DIRECTION('',(5.773502691896E-1,-5.773502691896E-1,-5.773502691896E-1));
#603=VECTOR('',#602,1.732050807569E-1);
#604=CARTESIAN_POINT('',(-4.665E0,-2.025E0,-5.7E-1));
#605=LINE('',#604,#603);
#606=DIRECTION('',(7.071067811865E-1,0.E0,-7.071067811865E-1));
#607=VECTOR('',#606,2.828427124746E-1);
#608=CARTESIAN_POINT('',(-4.665E0,7.5E-2,-5.7E-1));
#609=LINE('',#608,#607);
#610=DIRECTION('',(0.E0,1.E0,0.E0));
#611=VECTOR('',#610,2.2E0);
#612=CARTESIAN_POINT('',(-4.475E0,-2.225E0,-6.45E-1));
#613=LINE('',#612,#611);
#614=DIRECTION('',(0.E0,1.E0,0.E0));
#615=VECTOR('',#614,2.2E0);
#616=CARTESIAN_POINT('',(-4.575E0,-2.225E0,-5.45E-1));
#617=LINE('',#616,#615);
#618=CARTESIAN_POINT('',(4.575E0,-2.225E0,-6.45E-1));
#619=DIRECTION('',(0.E0,1.E0,0.E0));
#620=DIRECTION('',(-1.E0,0.E0,0.E0));
#621=AXIS2_PLACEMENT_3D('',#618,#619,#620);
#623=DIRECTION('',(0.E0,0.E0,1.E0));
#624=VECTOR('',#623,7.05E-1);
#625=CARTESIAN_POINT('',(4.475E0,-2.225E0,-1.35E0));
#626=LINE('',#625,#624);
#627=CARTESIAN_POINT('',(4.675E0,-2.225E0,-1.35E0));
#628=DIRECTION('',(0.E0,1.E0,0.E0));
#629=DIRECTION('',(0.E0,0.E0,-1.E0));
#630=AXIS2_PLACEMENT_3D('',#627,#628,#629);
#632=DIRECTION('',(-1.E0,0.E0,0.E0));
#633=VECTOR('',#632,8.25E-1);
#634=CARTESIAN_POINT('',(5.5E0,-2.225E0,-1.55E0));
#635=LINE('',#634,#633);
#636=DIRECTION('',(1.E0,0.E0,0.E0));
#637=VECTOR('',#636,8.25E-1);
#638=CARTESIAN_POINT('',(4.675E0,-2.225E0,-1.8E0));
#639=LINE('',#638,#637);
#640=CARTESIAN_POINT('',(4.675E0,-2.225E0,-1.35E0));
#641=DIRECTION('',(0.E0,-1.E0,0.E0));
#642=DIRECTION('',(-1.E0,0.E0,-2.861908241256E-14));
#643=AXIS2_PLACEMENT_3D('',#640,#641,#642);
#645=DIRECTION('',(0.E0,0.E0,-1.E0));
#646=VECTOR('',#645,7.05E-1);
#647=CARTESIAN_POINT('',(4.225E0,-2.225E0,-6.45E-1));
#648=LINE('',#647,#646);
#649=CARTESIAN_POINT('',(4.575E0,-2.225E0,-6.45E-1));
#650=DIRECTION('',(0.E0,-1.E0,0.E0));
#651=DIRECTION('',(0.E0,0.E0,1.E0));
#652=AXIS2_PLACEMENT_3D('',#649,#650,#651);
#654=DIRECTION('',(-1.E0,0.E0,0.E0));
#655=VECTOR('',#654,4.2E-1);
#656=CARTESIAN_POINT('',(4.995E0,-2.225E0,-2.95E-1));
#657=LINE('',#656,#655);
#658=DIRECTION('',(0.E0,0.E0,1.E0));
#659=VECTOR('',#658,2.5E-1);
#660=CARTESIAN_POINT('',(4.995E0,-2.225E0,-5.45E-1));
#661=LINE('',#660,#659);
#662=DIRECTION('',(1.E0,0.E0,0.E0));
#663=VECTOR('',#662,4.2E-1);
#664=CARTESIAN_POINT('',(4.575E0,-2.225E0,-5.45E-1));
#665=LINE('',#664,#663);
#666=DIRECTION('',(0.E0,0.E0,-1.E0));
#667=VECTOR('',#666,7.05E-1);
#668=CARTESIAN_POINT('',(-4.475E0,-2.225E0,-6.45E-1));
#669=LINE('',#668,#667);
#670=CARTESIAN_POINT('',(-4.575E0,-2.225E0,-6.45E-1));
#671=DIRECTION('',(0.E0,1.E0,0.E0));
#672=DIRECTION('',(0.E0,0.E0,1.E0));
#673=AXIS2_PLACEMENT_3D('',#670,#671,#672);
#675=DIRECTION('',(1.E0,0.E0,0.E0));
#676=VECTOR('',#675,4.2E-1);
#677=CARTESIAN_POINT('',(-4.995E0,-2.225E0,-5.45E-1));
#678=LINE('',#677,#676);
#679=DIRECTION('',(0.E0,0.E0,-1.E0));
#680=VECTOR('',#679,2.5E-1);
#681=CARTESIAN_POINT('',(-4.995E0,-2.225E0,-2.95E-1));
#682=LINE('',#681,#680);
#683=DIRECTION('',(-1.E0,0.E0,0.E0));
#684=VECTOR('',#683,4.2E-1);
#685=CARTESIAN_POINT('',(-4.575E0,-2.225E0,-2.95E-1));
#686=LINE('',#685,#684);
#687=CARTESIAN_POINT('',(-4.575E0,-2.225E0,-6.45E-1));
#688=DIRECTION('',(0.E0,-1.E0,0.E0));
#689=DIRECTION('',(1.E0,0.E0,0.E0));
#690=AXIS2_PLACEMENT_3D('',#687,#688,#689);
#692=DIRECTION('',(0.E0,0.E0,1.E0));
#693=VECTOR('',#692,7.05E-1);
#694=CARTESIAN_POINT('',(-4.225E0,-2.225E0,-1.35E0));
#695=LINE('',#694,#693);
#696=CARTESIAN_POINT('',(-4.675E0,-2.225E0,-1.35E0));
#697=DIRECTION('',(0.E0,-1.E0,0.E0));
#698=DIRECTION('',(0.E0,0.E0,-1.E0));
#699=AXIS2_PLACEMENT_3D('',#696,#697,#698);
#701=DIRECTION('',(1.E0,0.E0,0.E0));
#702=VECTOR('',#701,8.25E-1);
#703=CARTESIAN_POINT('',(-5.5E0,-2.225E0,-1.8E0));
#704=LINE('',#703,#702);
#705=DIRECTION('',(-1.E0,0.E0,0.E0));
#706=VECTOR('',#705,8.25E-1);
#707=CARTESIAN_POINT('',(-4.675E0,-2.225E0,-1.55E0));
#708=LINE('',#707,#706);
#709=CARTESIAN_POINT('',(-4.675E0,-2.225E0,-1.35E0));
#710=DIRECTION('',(0.E0,1.E0,0.E0));
#711=DIRECTION('',(1.E0,0.E0,0.E0));
#712=AXIS2_PLACEMENT_3D('',#709,#710,#711);
#714=DIRECTION('',(0.E0,1.E0,0.E0));
#715=VECTOR('',#714,2.2E0);
#716=CARTESIAN_POINT('',(4.475E0,-2.225E0,-6.45E-1));
#717=LINE('',#716,#715);
#718=DIRECTION('',(0.E0,1.E0,0.E0));
#719=VECTOR('',#718,2.2E0);
#720=CARTESIAN_POINT('',(4.575E0,-2.225E0,-5.45E-1));
#721=LINE('',#720,#719);
#722=DIRECTION('',(0.E0,1.E0,0.E0));
#723=VECTOR('',#722,2.E-1);
#724=CARTESIAN_POINT('',(4.995E0,-2.225E0,-5.45E-1));
#725=LINE('',#724,#723);
#726=DIRECTION('',(0.E0,1.E0,0.E0));
#727=VECTOR('',#726,2.E-1);
#728=CARTESIAN_POINT('',(4.995E0,-2.225E0,-2.95E-1));
#729=LINE('',#728,#727);
#730=DIRECTION('',(0.E0,1.E0,0.E0));
#731=VECTOR('',#730,2.E0);
#732=CARTESIAN_POINT('',(4.995E0,-2.025E0,-5.45E-1));
#733=LINE('',#732,#731);
#734=DIRECTION('',(0.E0,3.552713678801E-14,-1.E0));
#735=VECTOR('',#734,2.5E-2);
#736=CARTESIAN_POINT('',(4.995E0,-2.025E0,-5.45E-1));
#737=LINE('',#736,#735);
#738=DIRECTION('',(0.E0,1.E0,0.E0));
#739=VECTOR('',#738,2.1E0);
#740=CARTESIAN_POINT('',(4.995E0,-2.025E0,-2.7E-1));
#741=LINE('',#740,#739);
#742=DIRECTION('',(0.E0,-3.552713678801E-14,-1.E0));
#743=VECTOR('',#742,2.5E-2);
#744=CARTESIAN_POINT('',(4.995E0,-2.025E0,-2.7E-1));
#745=LINE('',#744,#743);
#746=DIRECTION('',(0.E0,1.E0,0.E0));
#747=VECTOR('',#746,2.E0);
#748=CARTESIAN_POINT('',(4.995E0,-2.025E0,-2.95E-1));
#749=LINE('',#748,#747);
#750=DIRECTION('',(0.E0,0.E0,1.E0));
#751=VECTOR('',#750,2.5E-1);
#752=CARTESIAN_POINT('',(4.995E0,-2.5E-2,-5.45E-1));
#753=LINE('',#752,#751);
#754=DIRECTION('',(0.E0,0.E0,1.E0));
#755=VECTOR('',#754,2.5E-1);
#756=CARTESIAN_POINT('',(4.995E0,-2.025E0,-5.45E-1));
#757=LINE('',#756,#755);
#758=DIRECTION('',(5.773502691896E-1,-5.773502691896E-1,-5.773502691896E-1));
#759=VECTOR('',#758,3.464101615138E-1);
#760=CARTESIAN_POINT('',(4.995E0,-2.025E0,-5.7E-1));
#761=LINE('',#760,#759);
#762=DIRECTION('',(5.773502691896E-1,-5.773502691896E-1,5.773502691896E-1));
#763=VECTOR('',#762,3.464101615138E-1);
#764=CARTESIAN_POINT('',(4.995E0,-2.025E0,-2.7E-1));
#765=LINE('',#764,#763);
#766=DIRECTION('',(1.E0,0.E0,0.E0));
#767=VECTOR('',#766,7.6E-1);
#768=CARTESIAN_POINT('',(4.235E0,-2.025E0,-2.7E-1));
#769=LINE('',#768,#767);
#770=DIRECTION('',(0.E0,1.E0,0.E0));
#771=VECTOR('',#770,2.1E0);
#772=CARTESIAN_POINT('',(4.235E0,-2.025E0,-2.7E-1));
#773=LINE('',#772,#771);
#774=DIRECTION('',(5.773502691896E-1,5.773502691896E-1,5.773502691896E-1));
#775=VECTOR('',#774,1.732050807569E-1);
#776=CARTESIAN_POINT('',(4.565E0,-2.125E0,-6.7E-1));
#777=LINE('',#776,#775);
#778=DIRECTION('',(-1.E0,0.E0,0.E0));
#779=VECTOR('',#778,3.3E-1);
#780=CARTESIAN_POINT('',(4.995E0,-2.025E0,-5.7E-1));
#781=LINE('',#780,#779);
#782=DIRECTION('',(0.E0,1.E0,0.E0));
#783=VECTOR('',#782,2.1E0);
#784=CARTESIAN_POINT('',(4.665E0,-2.025E0,-5.7E-1));
#785=LINE('',#784,#783);
#786=DIRECTION('',(0.E0,1.E0,0.E0));
#787=VECTOR('',#786,2.1E0);
#788=CARTESIAN_POINT('',(4.995E0,-2.025E0,-5.7E-1));
#789=LINE('',#788,#787);
#790=DIRECTION('',(7.071067811865E-1,0.E0,7.071067811865E-1));
#791=VECTOR('',#790,1.414213562373E-2);
#792=CARTESIAN_POINT('',(4.465E0,-2.5E-2,-7.7E-1));
#793=LINE('',#792,#791);
#794=DIRECTION('',(7.071067811865E-1,0.E0,7.071067811865E-1));
#795=VECTOR('',#794,2.828427124746E-1);
#796=CARTESIAN_POINT('',(4.465E0,7.5E-2,-7.7E-1));
#797=LINE('',#796,#795);
#798=DIRECTION('',(5.773502691896E-1,-5.773502691896E-1,5.773502691896E-1));
#799=VECTOR('',#798,1.558845726812E-1);
#800=CARTESIAN_POINT('',(4.475E0,-2.035E0,-7.6E-1));
#801=LINE('',#800,#799);
#802=DIRECTION('',(0.E0,1.E0,0.E0));
#803=VECTOR('',#802,2.01E0);
#804=CARTESIAN_POINT('',(4.475E0,-2.035E0,-7.6E-1));
#805=LINE('',#804,#803);
#806=DIRECTION('',(0.E0,0.E0,-1.E0));
#807=VECTOR('',#806,5.3E-1);
#808=CARTESIAN_POINT('',(4.465E0,-2.5E-2,-7.7E-1));
#809=LINE('',#808,#807);
#810=DIRECTION('',(0.E0,1.E0,0.E0));
#811=VECTOR('',#810,1.E-1);
#812=CARTESIAN_POINT('',(4.465E0,-2.5E-2,-1.3E0));
#813=LINE('',#812,#811);
#814=DIRECTION('',(0.E0,1.E0,0.E0));
#815=VECTOR('',#814,1.E-1);
#816=CARTESIAN_POINT('',(4.465E0,-2.5E-2,-7.7E-1));
#817=LINE('',#816,#815);
#818=DIRECTION('',(-7.071067811865E-1,0.E0,7.071067811865E-1));
#819=VECTOR('',#818,1.414213562373E-2);
#820=CARTESIAN_POINT('',(4.475E0,-2.5E-2,-1.31E0));
#821=LINE('',#820,#819);
#822=DIRECTION('',(0.E0,1.E0,0.E0));
#823=VECTOR('',#822,2.01E0);
#824=CARTESIAN_POINT('',(4.475E0,-2.035E0,-1.31E0));
#825=LINE('',#824,#823);
#826=DIRECTION('',(-5.773502691896E-1,-5.773502691896E-1,5.773502691896E-1));
#827=VECTOR('',#826,1.732050807569E-1);
#828=CARTESIAN_POINT('',(4.665E0,-2.025E0,-1.5E0));
#829=LINE('',#828,#827);
#830=DIRECTION('',(-7.071067811865E-1,0.E0,7.071067811865E-1));
#831=VECTOR('',#830,2.828427124746E-1);
#832=CARTESIAN_POINT('',(4.665E0,7.5E-2,-1.5E0));
#833=LINE('',#832,#831);
#834=DIRECTION('',(0.E0,1.E0,0.E0));
#835=VECTOR('',#834,2.2E0);
#836=CARTESIAN_POINT('',(4.475E0,-2.225E0,-1.35E0));
#837=LINE('',#836,#835);
#838=DIRECTION('',(0.E0,1.E0,0.E0));
#839=VECTOR('',#838,2.2E0);
#840=CARTESIAN_POINT('',(4.675E0,-2.225E0,-1.55E0));
#841=LINE('',#840,#839);
#842=DIRECTION('',(0.E0,1.E0,0.E0));
#843=VECTOR('',#842,1.8E0);
#844=CARTESIAN_POINT('',(5.7E0,-2.025E0,-1.55E0));
#845=LINE('',#844,#843);
#846=DIRECTION('',(0.E0,0.E0,1.E0));
#847=VECTOR('',#846,2.5E-1);
#848=CARTESIAN_POINT('',(5.5E0,-2.5E-2,-1.8E0));
#849=LINE('',#848,#847);
#850=DIRECTION('',(7.071067811865E-1,-7.071067811865E-1,0.E0));
#851=VECTOR('',#850,2.828427124746E-1);
#852=CARTESIAN_POINT('',(5.5E0,-2.5E-2,-1.8E0));
#853=LINE('',#852,#851);
#854=DIRECTION('',(0.E0,0.E0,1.E0));
#855=VECTOR('',#854,2.5E-1);
#856=CARTESIAN_POINT('',(5.7E0,-2.25E-1,-1.8E0));
#857=LINE('',#856,#855);
#858=DIRECTION('',(7.071067811865E-1,-7.071067811865E-1,0.E0));
#859=VECTOR('',#858,2.828427124746E-1);
#860=CARTESIAN_POINT('',(5.5E0,-2.5E-2,-1.55E0));
#861=LINE('',#860,#859);
#862=DIRECTION('',(0.E0,1.E0,0.E0));
#863=VECTOR('',#862,2.2E0);
#864=CARTESIAN_POINT('',(4.675E0,-2.225E0,-1.8E0));
#865=LINE('',#864,#863);
#866=DIRECTION('',(0.E0,0.E0,1.E0));
#867=VECTOR('',#866,2.5E-1);
#868=CARTESIAN_POINT('',(5.5E0,-2.225E0,-1.8E0));
#869=LINE('',#868,#867);
#870=DIRECTION('',(7.071067811865E-1,7.071067811865E-1,0.E0));
#871=VECTOR('',#870,2.828427124746E-1);
#872=CARTESIAN_POINT('',(5.5E0,-2.225E0,-1.55E0));
#873=LINE('',#872,#871);
#874=DIRECTION('',(0.E0,0.E0,1.E0));
#875=VECTOR('',#874,2.5E-1);
#876=CARTESIAN_POINT('',(5.7E0,-2.025E0,-1.8E0));
#877=LINE('',#876,#875);
#878=DIRECTION('',(7.071067811865E-1,7.071067811865E-1,0.E0));
#879=VECTOR('',#878,2.828427124746E-1);
#880=CARTESIAN_POINT('',(5.5E0,-2.225E0,-1.8E0));
#881=LINE('',#880,#879);
#882=DIRECTION('',(0.E0,1.E0,0.E0));
#883=VECTOR('',#882,1.8E0);
#884=CARTESIAN_POINT('',(5.7E0,-2.025E0,-1.8E0));
#885=LINE('',#884,#883);
#886=DIRECTION('',(0.E0,1.E0,0.E0));
#887=VECTOR('',#886,2.2E0);
#888=CARTESIAN_POINT('',(4.225E0,-2.225E0,-1.35E0));
#889=LINE('',#888,#887);
#890=DIRECTION('',(0.E0,0.E0,-1.E0));
#891=VECTOR('',#890,5.5E-1);
#892=CARTESIAN_POINT('',(4.475E0,-2.035E0,-7.6E-1));
#893=LINE('',#892,#891);
#894=DIRECTION('',(-5.773502691896E-1,5.773502691896E-1,5.773502691896E-1));
#895=VECTOR('',#894,1.732050807569E-1);
#896=CARTESIAN_POINT('',(4.665E0,-2.225E0,-7.7E-1));
#897=LINE('',#896,#895);
#898=DIRECTION('',(5.773502691896E-1,-5.773502691896E-1,-5.773502691896E-1));
#899=VECTOR('',#898,1.558845726812E-1);
#900=CARTESIAN_POINT('',(4.475E0,-2.035E0,-1.31E0));
#901=LINE('',#900,#899);
#902=DIRECTION('',(5.773502691896E-1,-5.773502691896E-1,5.773502691896E-1));
#903=VECTOR('',#902,1.732050807569E-1);
#904=CARTESIAN_POINT('',(4.565E0,-2.125E0,-1.4E0));
#905=LINE('',#904,#903);
#906=DIRECTION('',(-5.773502691896E-1,5.773502691896E-1,-5.773502691896E-1));
#907=VECTOR('',#906,3.464101615138E-1);
#908=CARTESIAN_POINT('',(5.2E0,-2.225E0,-1.3E0));
#909=LINE('',#908,#907);
#910=DIRECTION('',(0.E0,-1.E0,0.E0));
#911=VECTOR('',#910,2.6E0);
#912=CARTESIAN_POINT('',(5.E0,5.75E-1,-1.5E0));
#913=LINE('',#912,#911);
#914=DIRECTION('',(0.E0,-1.E0,0.E0));
#915=VECTOR('',#914,2.8E0);
#916=CARTESIAN_POINT('',(5.5E0,5.75E-1,-1.E0));
#917=LINE('',#916,#915);
#918=DIRECTION('',(-7.071067811865E-1,0.E0,-7.071067811865E-1));
#919=VECTOR('',#918,7.071067811865E-1);
#920=CARTESIAN_POINT('',(-4.E0,5.75E-1,9.E-1));
#921=LINE('',#920,#919);
#922=DIRECTION('',(-1.E0,0.E0,0.E0));
#923=VECTOR('',#922,7.E-1);
#924=CARTESIAN_POINT('',(-4.5E0,5.75E-1,4.E-1));
#925=LINE('',#924,#923);
#926=DIRECTION('',(-7.071067811865E-1,0.E0,-7.071067811865E-1));
#927=VECTOR('',#926,4.242640687119E-1);
#928=CARTESIAN_POINT('',(-5.2E0,5.75E-1,4.E-1));
#929=LINE('',#928,#927);
#930=DIRECTION('',(0.E0,0.E0,-1.E0));
#931=VECTOR('',#930,1.1E0);
#932=CARTESIAN_POINT('',(-5.5E0,5.75E-1,1.E-1));
#933=LINE('',#932,#931);
#934=DIRECTION('',(7.071067811865E-1,0.E0,-7.071067811865E-1));
#935=VECTOR('',#934,7.071067811865E-1);
#936=CARTESIAN_POINT('',(-5.5E0,5.75E-1,-1.E0));
#937=LINE('',#936,#935);
#938=DIRECTION('',(1.E0,0.E0,0.E0));
#939=VECTOR('',#938,1.E0);
#940=CARTESIAN_POINT('',(-5.E0,5.75E-1,-1.5E0));
#941=LINE('',#940,#939);
#942=DIRECTION('',(1.E0,0.E0,0.E0));
#943=VECTOR('',#942,1.E0);
#944=CARTESIAN_POINT('',(4.E0,5.75E-1,-1.5E0));
#945=LINE('',#944,#943);
#946=DIRECTION('',(7.071067811865E-1,0.E0,7.071067811865E-1));
#947=VECTOR('',#946,7.071067811865E-1);
#948=CARTESIAN_POINT('',(5.E0,5.75E-1,-1.5E0));
#949=LINE('',#948,#947);
#950=DIRECTION('',(0.E0,0.E0,1.E0));
#951=VECTOR('',#950,1.1E0);
#952=CARTESIAN_POINT('',(5.5E0,5.75E-1,-1.E0));
#953=LINE('',#952,#951);
#954=DIRECTION('',(-7.071067811865E-1,0.E0,7.071067811865E-1));
#955=VECTOR('',#954,4.242640687119E-1);
#956=CARTESIAN_POINT('',(5.5E0,5.75E-1,1.E-1));
#957=LINE('',#956,#955);
#958=DIRECTION('',(-1.E0,0.E0,0.E0));
#959=VECTOR('',#958,7.E-1);
#960=CARTESIAN_POINT('',(5.2E0,5.75E-1,4.E-1));
#961=LINE('',#960,#959);
#962=DIRECTION('',(-7.071067811865E-1,0.E0,7.071067811865E-1));
#963=VECTOR('',#962,7.071067811865E-1);
#964=CARTESIAN_POINT('',(4.5E0,5.75E-1,4.E-1));
#965=LINE('',#964,#963);
#966=DIRECTION('',(0.E0,-1.E0,0.E0));
#967=VECTOR('',#966,2.8E0);
#968=CARTESIAN_POINT('',(-4.5E0,5.75E-1,4.E-1));
#969=LINE('',#968,#967);
#970=DIRECTION('',(0.E0,-1.E0,0.E0));
#971=VECTOR('',#970,2.8E0);
#972=CARTESIAN_POINT('',(-5.2E0,5.75E-1,4.E-1));
#973=LINE('',#972,#971);
#974=DIRECTION('',(0.E0,-1.E0,0.E0));
#975=VECTOR('',#974,2.8E0);
#976=CARTESIAN_POINT('',(-5.5E0,5.75E-1,1.E-1));
#977=LINE('',#976,#975);
#978=DIRECTION('',(0.E0,0.E0,1.E0));
#979=VECTOR('',#978,2.4E0);
#980=CARTESIAN_POINT('',(4.E0,-2.225E0,-1.5E0));
#981=LINE('',#980,#979);
#982=DIRECTION('',(0.E0,-1.E0,0.E0));
#983=VECTOR('',#982,2.8E0);
#984=CARTESIAN_POINT('',(4.E0,5.75E-1,-1.5E0));
#985=LINE('',#984,#983);
#986=DIRECTION('',(0.E0,0.E0,1.E0));
#987=VECTOR('',#986,2.4E0);
#988=CARTESIAN_POINT('',(4.E0,5.75E-1,-1.5E0));
#989=LINE('',#988,#987);
#990=DIRECTION('',(0.E0,-1.E0,0.E0));
#991=VECTOR('',#990,2.8E0);
#992=CARTESIAN_POINT('',(4.E0,5.75E-1,9.E-1));
#993=LINE('',#992,#991);
#994=DIRECTION('',(0.E0,1.E0,0.E0));
#995=VECTOR('',#994,6.E-1);
#996=CARTESIAN_POINT('',(4.E0,-3.225E0,1.1E0));
#997=LINE('',#996,#995);
#998=DIRECTION('',(0.E0,0.E0,-1.E0));
#999=VECTOR('',#998,5.E-1);
#1000=CARTESIAN_POINT('',(4.E0,-2.625E0,1.6E0));
#1001=LINE('',#1000,#999);
#1002=DIRECTION('',(0.E0,0.E0,-1.E0));
#1003=VECTOR('',#1002,4.E-1);
#1004=CARTESIAN_POINT('',(4.E0,-1.75E-1,1.6E0));
#1005=LINE('',#1004,#1003);
#1006=DIRECTION('',(0.E0,-1.E0,0.E0));
#1007=VECTOR('',#1006,1.15E0);
#1008=CARTESIAN_POINT('',(4.E0,9.75E-1,1.2E0));
#1009=LINE('',#1008,#1007);
#1010=DIRECTION('',(0.E0,1.E0,0.E0));
#1011=VECTOR('',#1010,4.2E0);
#1012=CARTESIAN_POINT('',(4.E0,-3.225E0,-1.6E0));
#1013=LINE('',#1012,#1011);
#1014=DIRECTION('',(0.E0,0.E0,1.E0));
#1015=VECTOR('',#1014,3.E-1);
#1016=CARTESIAN_POINT('',(4.E0,-3.225E0,-1.6E0));
#1017=LINE('',#1016,#1015);
#1018=DIRECTION('',(0.E0,1.E0,0.E0));
#1019=VECTOR('',#1018,1.E-1);
#1020=CARTESIAN_POINT('',(4.E0,-3.225E0,-1.3E0));
#1021=LINE('',#1020,#1019);
#1022=DIRECTION('',(0.E0,0.E0,1.E0));
#1023=VECTOR('',#1022,2.E0);
#1024=CARTESIAN_POINT('',(4.E0,-3.125E0,-1.3E0));
#1025=LINE('',#1024,#1023);
#1026=DIRECTION('',(0.E0,1.E0,0.E0));
#1027=VECTOR('',#1026,1.E-1);
#1028=CARTESIAN_POINT('',(4.E0,-3.225E0,7.E-1));
#1029=LINE('',#1028,#1027);
#1030=DIRECTION('',(0.E0,0.E0,1.E0));
#1031=VECTOR('',#1030,4.E-1);
#1032=CARTESIAN_POINT('',(4.E0,-3.225E0,7.E-1));
#1033=LINE('',#1032,#1031);
#1034=DIRECTION('',(1.E0,0.E0,0.E0));
#1035=VECTOR('',#1034,3.35E-1);
#1036=CARTESIAN_POINT('',(4.665E0,-2.025E0,-1.5E0));
#1037=LINE('',#1036,#1035);
#1038=DIRECTION('',(0.E0,-1.E0,0.E0));
#1039=VECTOR('',#1038,2.3E0);
#1040=CARTESIAN_POINT('',(4.035E0,7.5E-2,-1.5E0));
#1041=LINE('',#1040,#1039);
#1042=DIRECTION('',(0.E0,1.E0,0.E0));
#1043=VECTOR('',#1042,2.1E0);
#1044=CARTESIAN_POINT('',(4.665E0,-2.025E0,-1.5E0));
#1045=LINE('',#1044,#1043);
#1046=DIRECTION('',(0.E0,-1.E0,0.E0));
#1047=VECTOR('',#1046,2.8E0);
#1048=CARTESIAN_POINT('',(4.5E0,5.75E-1,4.E-1));
#1049=LINE('',#1048,#1047);
#1050=DIRECTION('',(0.E0,-1.E0,0.E0));
#1051=VECTOR('',#1050,2.8E0);
#1052=CARTESIAN_POINT('',(5.2E0,5.75E-1,4.E-1));
#1053=LINE('',#1052,#1051);
#1054=DIRECTION('',(0.E0,-1.E0,0.E0));
#1055=VECTOR('',#1054,2.8E0);
#1056=CARTESIAN_POINT('',(5.5E0,5.75E-1,1.E-1));
#1057=LINE('',#1056,#1055);
#1058=DIRECTION('',(-1.E0,0.E0,0.E0));
#1059=VECTOR('',#1058,5.E-1);
#1060=CARTESIAN_POINT('',(-3.5E0,-2.625E0,1.1E0));
#1061=LINE('',#1060,#1059);
#1062=DIRECTION('',(0.E0,1.E0,0.E0));
#1063=VECTOR('',#1062,6.E-1);
#1064=CARTESIAN_POINT('',(-3.5E0,-3.225E0,1.1E0));
#1065=LINE('',#1064,#1063);
#1066=DIRECTION('',(0.E0,-1.E0,0.E0));
#1067=VECTOR('',#1066,6.E-1);
#1068=CARTESIAN_POINT('',(3.5E0,-2.625E0,1.1E0));
#1069=LINE('',#1068,#1067);
#1070=DIRECTION('',(-1.E0,0.E0,0.E0));
#1071=VECTOR('',#1070,5.E-1);
#1072=CARTESIAN_POINT('',(4.E0,-2.625E0,1.1E0));
#1073=LINE('',#1072,#1071);
#1074=DIRECTION('',(0.E0,0.E0,-1.E0));
#1075=VECTOR('',#1074,5.E-1);
#1076=CARTESIAN_POINT('',(-3.5E0,-2.625E0,1.6E0));
#1077=LINE('',#1076,#1075);
#1078=DIRECTION('',(-1.E0,0.E0,0.E0));
#1079=VECTOR('',#1078,5.E-1);
#1080=CARTESIAN_POINT('',(4.E0,-2.625E0,1.6E0));
#1081=LINE('',#1080,#1079);
#1082=DIRECTION('',(0.E0,1.E0,0.E0));
#1083=VECTOR('',#1082,6.E-1);
#1084=CARTESIAN_POINT('',(3.5E0,-3.225E0,1.6E0));
#1085=LINE('',#1084,#1083);
#1086=DIRECTION('',(1.E0,0.E0,0.E0));
#1087=VECTOR('',#1086,7.5E-1);
#1088=CARTESIAN_POINT('',(2.75E0,-3.225E0,1.6E0));
#1089=LINE('',#1088,#1087);
#1090=DIRECTION('',(0.E0,1.E0,0.E0));
#1091=VECTOR('',#1090,6.E-1);
#1092=CARTESIAN_POINT('',(2.75E0,-3.225E0,1.6E0));
#1093=LINE('',#1092,#1091);
#1094=DIRECTION('',(-1.E0,0.E0,0.E0));
#1095=VECTOR('',#1094,5.E-1);
#1096=CARTESIAN_POINT('',(2.75E0,-2.625E0,1.6E0));
#1097=LINE('',#1096,#1095);
#1098=DIRECTION('',(0.E0,1.E0,0.E0));
#1099=VECTOR('',#1098,6.E-1);
#1100=CARTESIAN_POINT('',(2.25E0,-3.225E0,1.6E0));
#1101=LINE('',#1100,#1099);
#1102=DIRECTION('',(1.E0,0.E0,0.E0));
#1103=VECTOR('',#1102,7.5E-1);
#1104=CARTESIAN_POINT('',(1.5E0,-3.225E0,1.6E0));
#1105=LINE('',#1104,#1103);
#1106=DIRECTION('',(0.E0,1.E0,0.E0));
#1107=VECTOR('',#1106,6.E-1);
#1108=CARTESIAN_POINT('',(1.5E0,-3.225E0,1.6E0));
#1109=LINE('',#1108,#1107);
#1110=DIRECTION('',(-1.E0,0.E0,0.E0));
#1111=VECTOR('',#1110,5.E-1);
#1112=CARTESIAN_POINT('',(1.5E0,-2.625E0,1.6E0));
#1113=LINE('',#1112,#1111);
#1114=DIRECTION('',(0.E0,1.E0,0.E0));
#1115=VECTOR('',#1114,6.E-1);
#1116=CARTESIAN_POINT('',(1.E0,-3.225E0,1.6E0));
#1117=LINE('',#1116,#1115);
#1118=DIRECTION('',(1.E0,0.E0,0.E0));
#1119=VECTOR('',#1118,7.5E-1);
#1120=CARTESIAN_POINT('',(2.5E-1,-3.225E0,1.6E0));
#1121=LINE('',#1120,#1119);
#1122=DIRECTION('',(0.E0,1.E0,0.E0));
#1123=VECTOR('',#1122,6.E-1);
#1124=CARTESIAN_POINT('',(2.5E-1,-3.225E0,1.6E0));
#1125=LINE('',#1124,#1123);
#1126=DIRECTION('',(-1.E0,0.E0,0.E0));
#1127=VECTOR('',#1126,5.E-1);
#1128=CARTESIAN_POINT('',(2.5E-1,-2.625E0,1.6E0));
#1129=LINE('',#1128,#1127);
#1130=DIRECTION('',(0.E0,1.E0,0.E0));
#1131=VECTOR('',#1130,6.E-1);
#1132=CARTESIAN_POINT('',(-2.5E-1,-3.225E0,1.6E0));
#1133=LINE('',#1132,#1131);
#1134=DIRECTION('',(1.E0,0.E0,0.E0));
#1135=VECTOR('',#1134,7.5E-1);
#1136=CARTESIAN_POINT('',(-1.E0,-3.225E0,1.6E0));
#1137=LINE('',#1136,#1135);
#1138=DIRECTION('',(0.E0,1.E0,0.E0));
#1139=VECTOR('',#1138,6.E-1);
#1140=CARTESIAN_POINT('',(-1.E0,-3.225E0,1.6E0));
#1141=LINE('',#1140,#1139);
#1142=DIRECTION('',(-1.E0,0.E0,0.E0));
#1143=VECTOR('',#1142,5.E-1);
#1144=CARTESIAN_POINT('',(-1.E0,-2.625E0,1.6E0));
#1145=LINE('',#1144,#1143);
#1146=DIRECTION('',(0.E0,1.E0,0.E0));
#1147=VECTOR('',#1146,6.E-1);
#1148=CARTESIAN_POINT('',(-1.5E0,-3.225E0,1.6E0));
#1149=LINE('',#1148,#1147);
#1150=DIRECTION('',(1.E0,0.E0,0.E0));
#1151=VECTOR('',#1150,7.5E-1);
#1152=CARTESIAN_POINT('',(-2.25E0,-3.225E0,1.6E0));
#1153=LINE('',#1152,#1151);
#1154=DIRECTION('',(0.E0,1.E0,0.E0));
#1155=VECTOR('',#1154,6.E-1);
#1156=CARTESIAN_POINT('',(-2.25E0,-3.225E0,1.6E0));
#1157=LINE('',#1156,#1155);
#1158=DIRECTION('',(-1.E0,0.E0,0.E0));
#1159=VECTOR('',#1158,5.E-1);
#1160=CARTESIAN_POINT('',(-2.25E0,-2.625E0,1.6E0));
#1161=LINE('',#1160,#1159);
#1162=DIRECTION('',(0.E0,1.E0,0.E0));
#1163=VECTOR('',#1162,6.E-1);
#1164=CARTESIAN_POINT('',(-2.75E0,-3.225E0,1.6E0));
#1165=LINE('',#1164,#1163);
#1166=DIRECTION('',(1.E0,0.E0,0.E0));
#1167=VECTOR('',#1166,7.5E-1);
#1168=CARTESIAN_POINT('',(-3.5E0,-3.225E0,1.6E0));
#1169=LINE('',#1168,#1167);
#1170=DIRECTION('',(0.E0,1.E0,0.E0));
#1171=VECTOR('',#1170,6.E-1);
#1172=CARTESIAN_POINT('',(-3.5E0,-3.225E0,1.6E0));
#1173=LINE('',#1172,#1171);
#1174=DIRECTION('',(1.E0,0.E0,0.E0));
#1175=VECTOR('',#1174,5.E-1);
#1176=CARTESIAN_POINT('',(-4.E0,-2.625E0,1.6E0));
#1177=LINE('',#1176,#1175);
#1178=DIRECTION('',(0.E0,-1.E0,0.E0));
#1179=VECTOR('',#1178,2.45E0);
#1180=CARTESIAN_POINT('',(-4.E0,-1.75E-1,1.6E0));
#1181=LINE('',#1180,#1179);
#1182=DIRECTION('',(1.E0,0.E0,0.E0));
#1183=VECTOR('',#1182,9.5E-1);
#1184=CARTESIAN_POINT('',(-4.E0,-1.75E-1,1.6E0));
#1185=LINE('',#1184,#1183);
#1186=DIRECTION('',(0.E0,-1.E0,0.E0));
#1187=VECTOR('',#1186,4.5E-1);
#1188=CARTESIAN_POINT('',(-3.05E0,-1.75E-1,1.6E0));
#1189=LINE('',#1188,#1187);
#1190=DIRECTION('',(1.E0,0.E0,0.E0));
#1191=VECTOR('',#1190,6.1E0);
#1192=CARTESIAN_POINT('',(-3.05E0,-6.25E-1,1.6E0));
#1193=LINE('',#1192,#1191);
#1194=DIRECTION('',(0.E0,1.E0,0.E0));
#1195=VECTOR('',#1194,4.5E-1);
#1196=CARTESIAN_POINT('',(3.05E0,-6.25E-1,1.6E0));
#1197=LINE('',#1196,#1195);
#1198=DIRECTION('',(-1.E0,0.E0,0.E0));
#1199=VECTOR('',#1198,9.5E-1);
#1200=CARTESIAN_POINT('',(4.E0,-1.75E-1,1.6E0));
#1201=LINE('',#1200,#1199);
#1202=DIRECTION('',(0.E0,1.E0,0.E0));
#1203=VECTOR('',#1202,2.45E0);
#1204=CARTESIAN_POINT('',(4.E0,-2.625E0,1.6E0));
#1205=LINE('',#1204,#1203);
#1206=DIRECTION('',(0.E0,0.E0,-1.E0));
#1207=VECTOR('',#1206,5.E-1);
#1208=CARTESIAN_POINT('',(3.5E0,-2.625E0,1.6E0));
#1209=LINE('',#1208,#1207);
#1210=DIRECTION('',(0.E0,-1.E0,0.E0));
#1211=VECTOR('',#1210,6.E-1);
#1212=CARTESIAN_POINT('',(2.25E0,-2.625E0,1.1E0));
#1213=LINE('',#1212,#1211);
#1214=DIRECTION('',(-1.E0,0.E0,0.E0));
#1215=VECTOR('',#1214,5.E-1);
#1216=CARTESIAN_POINT('',(2.75E0,-2.625E0,1.1E0));
#1217=LINE('',#1216,#1215);
#1218=DIRECTION('',(0.E0,1.E0,0.E0));
#1219=VECTOR('',#1218,6.E-1);
#1220=CARTESIAN_POINT('',(2.75E0,-3.225E0,1.1E0));
#1221=LINE('',#1220,#1219);
#1222=DIRECTION('',(0.E0,0.E0,-1.E0));
#1223=VECTOR('',#1222,5.E-1);
#1224=CARTESIAN_POINT('',(2.25E0,-2.625E0,1.6E0));
#1225=LINE('',#1224,#1223);
#1226=DIRECTION('',(0.E0,0.E0,-1.E0));
#1227=VECTOR('',#1226,5.E-1);
#1228=CARTESIAN_POINT('',(2.75E0,-2.625E0,1.6E0));
#1229=LINE('',#1228,#1227);
#1230=DIRECTION('',(0.E0,-1.E0,0.E0));
#1231=VECTOR('',#1230,6.E-1);
#1232=CARTESIAN_POINT('',(1.E0,-2.625E0,1.1E0));
#1233=LINE('',#1232,#1231);
#1234=DIRECTION('',(-1.E0,0.E0,0.E0));
#1235=VECTOR('',#1234,5.E-1);
#1236=CARTESIAN_POINT('',(1.5E0,-2.625E0,1.1E0));
#1237=LINE('',#1236,#1235);
#1238=DIRECTION('',(0.E0,1.E0,0.E0));
#1239=VECTOR('',#1238,6.E-1);
#1240=CARTESIAN_POINT('',(1.5E0,-3.225E0,1.1E0));
#1241=LINE('',#1240,#1239);
#1242=DIRECTION('',(0.E0,0.E0,-1.E0));
#1243=VECTOR('',#1242,5.E-1);
#1244=CARTESIAN_POINT('',(1.E0,-2.625E0,1.6E0));
#1245=LINE('',#1244,#1243);
#1246=DIRECTION('',(0.E0,0.E0,-1.E0));
#1247=VECTOR('',#1246,5.E-1);
#1248=CARTESIAN_POINT('',(1.5E0,-2.625E0,1.6E0));
#1249=LINE('',#1248,#1247);
#1250=DIRECTION('',(0.E0,-1.E0,0.E0));
#1251=VECTOR('',#1250,6.E-1);
#1252=CARTESIAN_POINT('',(-2.5E-1,-2.625E0,1.1E0));
#1253=LINE('',#1252,#1251);
#1254=DIRECTION('',(-1.E0,0.E0,0.E0));
#1255=VECTOR('',#1254,5.E-1);
#1256=CARTESIAN_POINT('',(2.5E-1,-2.625E0,1.1E0));
#1257=LINE('',#1256,#1255);
#1258=DIRECTION('',(0.E0,1.E0,0.E0));
#1259=VECTOR('',#1258,6.E-1);
#1260=CARTESIAN_POINT('',(2.5E-1,-3.225E0,1.1E0));
#1261=LINE('',#1260,#1259);
#1262=DIRECTION('',(0.E0,0.E0,-1.E0));
#1263=VECTOR('',#1262,5.E-1);
#1264=CARTESIAN_POINT('',(-2.5E-1,-2.625E0,1.6E0));
#1265=LINE('',#1264,#1263);
#1266=DIRECTION('',(0.E0,0.E0,-1.E0));
#1267=VECTOR('',#1266,5.E-1);
#1268=CARTESIAN_POINT('',(2.5E-1,-2.625E0,1.6E0));
#1269=LINE('',#1268,#1267);
#1270=DIRECTION('',(0.E0,-1.E0,0.E0));
#1271=VECTOR('',#1270,6.E-1);
#1272=CARTESIAN_POINT('',(-1.5E0,-2.625E0,1.1E0));
#1273=LINE('',#1272,#1271);
#1274=DIRECTION('',(-1.E0,0.E0,0.E0));
#1275=VECTOR('',#1274,5.E-1);
#1276=CARTESIAN_POINT('',(-1.E0,-2.625E0,1.1E0));
#1277=LINE('',#1276,#1275);
#1278=DIRECTION('',(0.E0,1.E0,0.E0));
#1279=VECTOR('',#1278,6.E-1);
#1280=CARTESIAN_POINT('',(-1.E0,-3.225E0,1.1E0));
#1281=LINE('',#1280,#1279);
#1282=DIRECTION('',(0.E0,0.E0,-1.E0));
#1283=VECTOR('',#1282,5.E-1);
#1284=CARTESIAN_POINT('',(-1.5E0,-2.625E0,1.6E0));
#1285=LINE('',#1284,#1283);
#1286=DIRECTION('',(0.E0,0.E0,-1.E0));
#1287=VECTOR('',#1286,5.E-1);
#1288=CARTESIAN_POINT('',(-1.E0,-2.625E0,1.6E0));
#1289=LINE('',#1288,#1287);
#1290=DIRECTION('',(0.E0,-1.E0,0.E0));
#1291=VECTOR('',#1290,6.E-1);
#1292=CARTESIAN_POINT('',(-2.75E0,-2.625E0,1.1E0));
#1293=LINE('',#1292,#1291);
#1294=DIRECTION('',(-1.E0,0.E0,0.E0));
#1295=VECTOR('',#1294,5.E-1);
#1296=CARTESIAN_POINT('',(-2.25E0,-2.625E0,1.1E0));
#1297=LINE('',#1296,#1295);
#1298=DIRECTION('',(0.E0,1.E0,0.E0));
#1299=VECTOR('',#1298,6.E-1);
#1300=CARTESIAN_POINT('',(-2.25E0,-3.225E0,1.1E0));
#1301=LINE('',#1300,#1299);
#1302=DIRECTION('',(0.E0,0.E0,-1.E0));
#1303=VECTOR('',#1302,5.E-1);
#1304=CARTESIAN_POINT('',(-2.75E0,-2.625E0,1.6E0));
#1305=LINE('',#1304,#1303);
#1306=DIRECTION('',(0.E0,0.E0,-1.E0));
#1307=VECTOR('',#1306,5.E-1);
#1308=CARTESIAN_POINT('',(-2.25E0,-2.625E0,1.6E0));
#1309=LINE('',#1308,#1307);
#1310=DIRECTION('',(1.E0,0.E0,0.E0));
#1311=VECTOR('',#1310,3.5E-1);
#1312=CARTESIAN_POINT('',(-3.4E0,-1.75E-1,1.4E0));
#1313=LINE('',#1312,#1311);
#1314=DIRECTION('',(0.E0,0.E0,-1.E0));
#1315=VECTOR('',#1314,2.E-1);
#1316=CARTESIAN_POINT('',(-3.4E0,-1.75E-1,1.4E0));
#1317=LINE('',#1316,#1315);
#1318=DIRECTION('',(0.E0,-7.071067811865E-1,-7.071067811865E-1));
#1319=VECTOR('',#1318,2.828427124746E-1);
#1320=CARTESIAN_POINT('',(-3.4E0,-1.75E-1,1.4E0));
#1321=LINE('',#1320,#1319);
#1322=DIRECTION('',(0.E0,-1.E0,0.E0));
#1323=VECTOR('',#1322,4.5E-1);
#1324=CARTESIAN_POINT('',(-3.05E0,-3.75E-1,1.2E0));
#1325=LINE('',#1324,#1323);
#1326=DIRECTION('',(0.E0,0.E0,-1.E0));
#1327=VECTOR('',#1326,2.E-1);
#1328=CARTESIAN_POINT('',(-3.05E0,-1.75E-1,1.6E0));
#1329=LINE('',#1328,#1327);
#1330=DIRECTION('',(0.E0,7.071067811865E-1,7.071067811865E-1));
#1331=VECTOR('',#1330,2.828427124746E-1);
#1332=CARTESIAN_POINT('',(-3.05E0,-3.75E-1,1.2E0));
#1333=LINE('',#1332,#1331);
#1334=DIRECTION('',(1.E0,0.E0,0.E0));
#1335=VECTOR('',#1334,3.5E-1);
#1336=CARTESIAN_POINT('',(-3.4E0,-3.75E-1,1.2E0));
#1337=LINE('',#1336,#1335);
#1338=DIRECTION('',(0.E0,-1.E0,0.E0));
#1339=VECTOR('',#1338,1.6E0);
#1340=CARTESIAN_POINT('',(-3.4E0,-3.75E-1,1.2E0));
#1341=LINE('',#1340,#1339);
#1342=DIRECTION('',(1.E0,0.E0,0.E0));
#1343=VECTOR('',#1342,3.5E-1);
#1344=CARTESIAN_POINT('',(3.05E0,-3.75E-1,1.2E0));
#1345=LINE('',#1344,#1343);
#1346=DIRECTION('',(1.E0,0.E0,0.E0));
#1347=VECTOR('',#1346,6.1E0);
#1348=CARTESIAN_POINT('',(-3.05E0,-8.25E-1,1.2E0));
#1349=LINE('',#1348,#1347);
#1350=DIRECTION('',(0.E0,1.E0,0.E0));
#1351=VECTOR('',#1350,2.75E0);
#1352=CARTESIAN_POINT('',(-3.4E0,-1.975E0,4.E-1));
#1353=LINE('',#1352,#1351);
#1354=DIRECTION('',(0.E0,-1.E0,0.E0));
#1355=VECTOR('',#1354,9.5E-1);
#1356=CARTESIAN_POINT('',(-3.4E0,7.75E-1,1.2E0));
#1357=LINE('',#1356,#1355);
#1358=DIRECTION('',(0.E0,1.E0,0.E0));
#1359=VECTOR('',#1358,2.75E0);
#1360=CARTESIAN_POINT('',(-3.4E0,-1.975E0,-4.5E-1));
#1361=LINE('',#1360,#1359);
#1362=DIRECTION('',(0.E0,-1.E0,0.E0));
#1363=VECTOR('',#1362,2.75E0);
#1364=CARTESIAN_POINT('',(-3.4E0,7.75E-1,-1.2E0));
#1365=LINE('',#1364,#1363);
#1366=DIRECTION('',(0.E0,-1.E0,0.E0));
#1367=VECTOR('',#1366,2.95E0);
#1368=CARTESIAN_POINT('',(-3.7E0,9.75E-1,4.E-1));
#1369=LINE('',#1368,#1367);
#1370=DIRECTION('',(8.320502943378E-1,-5.547001962252E-1,0.E0));
#1371=VECTOR('',#1370,3.605551275464E-1);
#1372=CARTESIAN_POINT('',(-3.7E0,9.75E-1,4.E-1));
#1373=LINE('',#1372,#1371);
#1374=DIRECTION('',(0.E0,0.E0,1.E0));
#1375=VECTOR('',#1374,8.E-1);
#1376=CARTESIAN_POINT('',(-3.4E0,7.75E-1,4.E-1));
#1377=LINE('',#1376,#1375);
#1378=DIRECTION('',(8.320502943378E-1,-5.547001962252E-1,0.E0));
#1379=VECTOR('',#1378,3.605551275464E-1);
#1380=CARTESIAN_POINT('',(-3.7E0,9.75E-1,1.2E0));
#1381=LINE('',#1380,#1379);
#1382=DIRECTION('',(0.E0,0.E0,-1.E0));
#1383=VECTOR('',#1382,8.E-1);
#1384=CARTESIAN_POINT('',(-3.7E0,9.75E-1,1.2E0));
#1385=LINE('',#1384,#1383);
#1386=DIRECTION('',(8.320502943378E-1,-5.547001962252E-1,0.E0));
#1387=VECTOR('',#1386,3.605551275464E-1);
#1388=CARTESIAN_POINT('',(-3.7E0,9.75E-1,-4.5E-1));
#1389=LINE('',#1388,#1387);
#1390=DIRECTION('',(0.E0,0.E0,-1.E0));
#1391=VECTOR('',#1390,9.5E-1);
#1392=CARTESIAN_POINT('',(-3.7E0,9.75E-1,-4.5E-1));
#1393=LINE('',#1392,#1391);
#1394=DIRECTION('',(0.E0,0.E0,1.E0));
#1395=VECTOR('',#1394,7.5E-1);
#1396=CARTESIAN_POINT('',(-3.4E0,7.75E-1,-1.2E0));
#1397=LINE('',#1396,#1395);
#1398=DIRECTION('',(1.E0,0.E0,0.E0));
#1399=VECTOR('',#1398,6.E-1);
#1400=CARTESIAN_POINT('',(-4.E0,-1.75E-1,1.2E0));
#1401=LINE('',#1400,#1399);
#1402=DIRECTION('',(1.E0,0.E0,0.E0));
#1403=VECTOR('',#1402,6.E-1);
#1404=CARTESIAN_POINT('',(3.4E0,-1.75E-1,1.2E0));
#1405=LINE('',#1404,#1403);
#1406=DIRECTION('',(0.E0,0.E0,-1.E0));
#1407=VECTOR('',#1406,2.E-1);
#1408=CARTESIAN_POINT('',(2.025E0,9.75E-1,-1.4E0));
#1409=LINE('',#1408,#1407);
#1410=DIRECTION('',(1.E0,0.E0,0.E0));
#1411=VECTOR('',#1410,1.275E0);
#1412=CARTESIAN_POINT('',(2.025E0,9.75E-1,-1.6E0));
#1413=LINE('',#1412,#1411);
#1414=DIRECTION('',(0.E0,0.E0,-1.E0));
#1415=VECTOR('',#1414,2.E-1);
#1416=CARTESIAN_POINT('',(3.3E0,9.75E-1,-1.6E0));
#1417=LINE('',#1416,#1415);
#1418=DIRECTION('',(0.E0,0.E0,1.E0));
#1419=VECTOR('',#1418,2.E-1);
#1420=CARTESIAN_POINT('',(3.8E0,9.75E-1,-1.8E0));
#1421=LINE('',#1420,#1419);
#1422=DIRECTION('',(-1.E0,0.E0,0.E0));
#1423=VECTOR('',#1422,2.E-1);
#1424=CARTESIAN_POINT('',(4.E0,9.75E-1,-1.6E0));
#1425=LINE('',#1424,#1423);
#1426=DIRECTION('',(0.E0,0.E0,1.E0));
#1427=VECTOR('',#1426,2.8E0);
#1428=CARTESIAN_POINT('',(4.E0,9.75E-1,-1.6E0));
#1429=LINE('',#1428,#1427);
#1430=DIRECTION('',(-1.E0,0.E0,0.E0));
#1431=VECTOR('',#1430,3.E-1);
#1432=CARTESIAN_POINT('',(4.E0,9.75E-1,1.2E0));
#1433=LINE('',#1432,#1431);
#1434=DIRECTION('',(0.E0,0.E0,-1.E0));
#1435=VECTOR('',#1434,8.5E-1);
#1436=CARTESIAN_POINT('',(3.7E0,9.75E-1,4.E-1));
#1437=LINE('',#1436,#1435);
#1438=DIRECTION('',(1.E0,0.E0,0.E0));
#1439=VECTOR('',#1438,1.675E0);
#1440=CARTESIAN_POINT('',(2.025E0,9.75E-1,-1.4E0));
#1441=LINE('',#1440,#1439);
#1442=DIRECTION('',(0.E0,0.E0,-1.E0));
#1443=VECTOR('',#1442,2.E-1);
#1444=CARTESIAN_POINT('',(-1.725E0,9.75E-1,-1.4E0));
#1445=LINE('',#1444,#1443);
#1446=DIRECTION('',(1.E0,0.E0,0.E0));
#1447=VECTOR('',#1446,3.45E0);
#1448=CARTESIAN_POINT('',(-1.725E0,9.75E-1,-1.6E0));
#1449=LINE('',#1448,#1447);
#1450=DIRECTION('',(0.E0,0.E0,-1.E0));
#1451=VECTOR('',#1450,2.E-1);
#1452=CARTESIAN_POINT('',(1.725E0,9.75E-1,-1.4E0));
#1453=LINE('',#1452,#1451);
#1454=DIRECTION('',(1.E0,0.E0,0.E0));
#1455=VECTOR('',#1454,3.45E0);
#1456=CARTESIAN_POINT('',(-1.725E0,9.75E-1,-1.4E0));
#1457=LINE('',#1456,#1455);
#1458=DIRECTION('',(0.E0,0.E0,-1.E0));
#1459=VECTOR('',#1458,2.E-1);
#1460=CARTESIAN_POINT('',(-2.025E0,9.75E-1,-1.4E0));
#1461=LINE('',#1460,#1459);
#1462=DIRECTION('',(1.E0,0.E0,0.E0));
#1463=VECTOR('',#1462,1.675E0);
#1464=CARTESIAN_POINT('',(-3.7E0,9.75E-1,-1.4E0));
#1465=LINE('',#1464,#1463);
#1466=DIRECTION('',(0.E0,0.E0,1.E0));
#1467=VECTOR('',#1466,8.5E-1);
#1468=CARTESIAN_POINT('',(-3.7E0,9.75E-1,-4.5E-1));
#1469=LINE('',#1468,#1467);
#1470=DIRECTION('',(-1.E0,0.E0,0.E0));
#1471=VECTOR('',#1470,3.E-1);
#1472=CARTESIAN_POINT('',(-3.7E0,9.75E-1,1.2E0));
#1473=LINE('',#1472,#1471);
#1474=DIRECTION('',(1.E0,0.E0,0.E0));
#1475=VECTOR('',#1474,2.E-1);
#1476=CARTESIAN_POINT('',(-4.E0,9.75E-1,-1.6E0));
#1477=LINE('',#1476,#1475);
#1478=DIRECTION('',(0.E0,0.E0,1.E0));
#1479=VECTOR('',#1478,2.E-1);
#1480=CARTESIAN_POINT('',(-3.8E0,9.75E-1,-1.8E0));
#1481=LINE('',#1480,#1479);
#1482=DIRECTION('',(0.E0,0.E0,-1.E0));
#1483=VECTOR('',#1482,2.E-1);
#1484=CARTESIAN_POINT('',(-3.3E0,9.75E-1,-1.6E0));
#1485=LINE('',#1484,#1483);
#1486=DIRECTION('',(1.E0,0.E0,0.E0));
#1487=VECTOR('',#1486,1.275E0);
#1488=CARTESIAN_POINT('',(-3.3E0,9.75E-1,-1.6E0));
#1489=LINE('',#1488,#1487);
#1490=DIRECTION('',(0.E0,-7.071067811865E-1,7.071067811865E-1));
#1491=VECTOR('',#1490,2.828427124746E-1);
#1492=CARTESIAN_POINT('',(2.025E0,9.75E-1,-1.4E0));
#1493=LINE('',#1492,#1491);
#1494=DIRECTION('',(-7.276068751090E-1,-4.850712500727E-1,4.850712500727E-1));
#1495=VECTOR('',#1494,4.123105625618E-1);
#1496=CARTESIAN_POINT('',(3.7E0,9.75E-1,-1.4E0));
#1497=LINE('',#1496,#1495);
#1498=DIRECTION('',(0.E0,-7.071067811865E-1,7.071067811865E-1));
#1499=VECTOR('',#1498,2.828427124746E-1);
#1500=CARTESIAN_POINT('',(-1.725E0,9.75E-1,-1.4E0));
#1501=LINE('',#1500,#1499);
#1502=DIRECTION('',(0.E0,-7.071067811865E-1,7.071067811865E-1));
#1503=VECTOR('',#1502,2.828427124746E-1);
#1504=CARTESIAN_POINT('',(1.725E0,9.75E-1,-1.4E0));
#1505=LINE('',#1504,#1503);
#1506=DIRECTION('',(0.E0,-7.071067811865E-1,7.071067811865E-1));
#1507=VECTOR('',#1506,2.828427124746E-1);
#1508=CARTESIAN_POINT('',(-2.025E0,9.75E-1,-1.4E0));
#1509=LINE('',#1508,#1507);
#1510=DIRECTION('',(-7.276068751090E-1,4.850712500727E-1,-4.850712500727E-1));
#1511=VECTOR('',#1510,4.123105625618E-1);
#1512=CARTESIAN_POINT('',(-3.4E0,7.75E-1,-1.2E0));
#1513=LINE('',#1512,#1511);
#1514=DIRECTION('',(-8.320502943378E-1,-5.547001962252E-1,0.E0));
#1515=VECTOR('',#1514,3.605551275464E-1);
#1516=CARTESIAN_POINT('',(3.7E0,9.75E-1,-4.5E-1));
#1517=LINE('',#1516,#1515);
#1518=DIRECTION('',(0.E0,0.E0,-1.E0));
#1519=VECTOR('',#1518,7.5E-1);
#1520=CARTESIAN_POINT('',(3.4E0,7.75E-1,-4.5E-1));
#1521=LINE('',#1520,#1519);
#1522=DIRECTION('',(0.E0,0.E0,1.E0));
#1523=VECTOR('',#1522,9.5E-1);
#1524=CARTESIAN_POINT('',(3.7E0,9.75E-1,-1.4E0));
#1525=LINE('',#1524,#1523);
#1526=DIRECTION('',(-8.320502943378E-1,-5.547001962252E-1,0.E0));
#1527=VECTOR('',#1526,3.605551275464E-1);
#1528=CARTESIAN_POINT('',(3.7E0,9.75E-1,4.E-1));
#1529=LINE('',#1528,#1527);
#1530=DIRECTION('',(0.E0,0.E0,1.E0));
#1531=VECTOR('',#1530,8.E-1);
#1532=CARTESIAN_POINT('',(3.7E0,9.75E-1,4.E-1));
#1533=LINE('',#1532,#1531);
#1534=DIRECTION('',(-8.320502943378E-1,-5.547001962252E-1,0.E0));
#1535=VECTOR('',#1534,3.605551275464E-1);
#1536=CARTESIAN_POINT('',(3.7E0,9.75E-1,1.2E0));
#1537=LINE('',#1536,#1535);
#1538=DIRECTION('',(0.E0,0.E0,-1.E0));
#1539=VECTOR('',#1538,8.E-1);
#1540=CARTESIAN_POINT('',(3.4E0,7.75E-1,1.2E0));
#1541=LINE('',#1540,#1539);
#1542=DIRECTION('',(0.E0,-1.E0,0.E0));
#1543=VECTOR('',#1542,2.95E0);
#1544=CARTESIAN_POINT('',(3.7E0,9.75E-1,-4.5E-1));
#1545=LINE('',#1544,#1543);
#1546=DIRECTION('',(0.E0,1.E0,0.E0));
#1547=VECTOR('',#1546,2.75E0);
#1548=CARTESIAN_POINT('',(3.4E0,-1.975E0,4.E-1));
#1549=LINE('',#1548,#1547);
#1550=DIRECTION('',(0.E0,-1.E0,0.E0));
#1551=VECTOR('',#1550,9.5E-1);
#1552=CARTESIAN_POINT('',(3.4E0,7.75E-1,1.2E0));
#1553=LINE('',#1552,#1551);
#1554=DIRECTION('',(0.E0,-1.E0,0.E0));
#1555=VECTOR('',#1554,1.6E0);
#1556=CARTESIAN_POINT('',(3.4E0,-3.75E-1,1.2E0));
#1557=LINE('',#1556,#1555);
#1558=DIRECTION('',(0.E0,1.E0,0.E0));
#1559=VECTOR('',#1558,2.75E0);
#1560=CARTESIAN_POINT('',(3.4E0,-1.975E0,-4.5E-1));
#1561=LINE('',#1560,#1559);
#1562=DIRECTION('',(0.E0,0.E0,-1.E0));
#1563=VECTOR('',#1562,7.5E-1);
#1564=CARTESIAN_POINT('',(3.4E0,-1.975E0,-4.5E-1));
#1565=LINE('',#1564,#1563);
#1566=DIRECTION('',(-1.E0,0.E0,0.E0));
#1567=VECTOR('',#1566,3.E-1);
#1568=CARTESIAN_POINT('',(3.7E0,-1.975E0,-4.5E-1));
#1569=LINE('',#1568,#1567);
#1570=DIRECTION('',(0.E0,0.E0,-1.E0));
#1571=VECTOR('',#1570,8.5E-1);
#1572=CARTESIAN_POINT('',(3.7E0,-1.975E0,4.E-1));
#1573=LINE('',#1572,#1571);
#1574=DIRECTION('',(1.E0,0.E0,0.E0));
#1575=VECTOR('',#1574,3.E-1);
#1576=CARTESIAN_POINT('',(3.4E0,-1.975E0,4.E-1));
#1577=LINE('',#1576,#1575);
#1578=DIRECTION('',(0.E0,0.E0,-1.E0));
#1579=VECTOR('',#1578,8.E-1);
#1580=CARTESIAN_POINT('',(3.4E0,-1.975E0,1.2E0));
#1581=LINE('',#1580,#1579);
#1582=DIRECTION('',(1.E0,0.E0,0.E0));
#1583=VECTOR('',#1582,6.8E0);
#1584=CARTESIAN_POINT('',(-3.4E0,-1.975E0,1.2E0));
#1585=LINE('',#1584,#1583);
#1586=DIRECTION('',(0.E0,0.E0,1.E0));
#1587=VECTOR('',#1586,8.E-1);
#1588=CARTESIAN_POINT('',(-3.4E0,-1.975E0,4.E-1));
#1589=LINE('',#1588,#1587);
#1590=DIRECTION('',(1.E0,0.E0,0.E0));
#1591=VECTOR('',#1590,3.E-1);
#1592=CARTESIAN_POINT('',(-3.7E0,-1.975E0,4.E-1));
#1593=LINE('',#1592,#1591);
#1594=DIRECTION('',(0.E0,0.E0,1.E0));
#1595=VECTOR('',#1594,8.5E-1);
#1596=CARTESIAN_POINT('',(-3.7E0,-1.975E0,-4.5E-1));
#1597=LINE('',#1596,#1595);
#1598=DIRECTION('',(-1.E0,0.E0,0.E0));
#1599=VECTOR('',#1598,3.E-1);
#1600=CARTESIAN_POINT('',(-3.4E0,-1.975E0,-4.5E-1));
#1601=LINE('',#1600,#1599);
#1602=DIRECTION('',(0.E0,0.E0,1.E0));
#1603=VECTOR('',#1602,7.5E-1);
#1604=CARTESIAN_POINT('',(-3.4E0,-1.975E0,-1.2E0));
#1605=LINE('',#1604,#1603);
#1606=DIRECTION('',(-1.E0,0.E0,0.E0));
#1607=VECTOR('',#1606,6.8E0);
#1608=CARTESIAN_POINT('',(3.4E0,-1.975E0,-1.2E0));
#1609=LINE('',#1608,#1607);
#1610=DIRECTION('',(0.E0,0.E0,1.E0));
#1611=VECTOR('',#1610,7.5E-1);
#1612=CARTESIAN_POINT('',(2.34E0,-1.975E0,-8.5E-1));
#1613=LINE('',#1612,#1611);
#1614=DIRECTION('',(1.E0,0.E0,0.E0));
#1615=VECTOR('',#1614,3.2E-1);
#1616=CARTESIAN_POINT('',(2.34E0,-1.975E0,-1.E-1));
#1617=LINE('',#1616,#1615);
#1618=DIRECTION('',(0.E0,0.E0,-1.E0));
#1619=VECTOR('',#1618,7.5E-1);
#1620=CARTESIAN_POINT('',(2.66E0,-1.975E0,-1.E-1));
#1621=LINE('',#1620,#1619);
#1622=DIRECTION('',(-1.E0,0.E0,0.E0));
#1623=VECTOR('',#1622,3.2E-1);
#1624=CARTESIAN_POINT('',(2.66E0,-1.975E0,-8.5E-1));
#1625=LINE('',#1624,#1623);
#1626=DIRECTION('',(0.E0,0.E0,1.E0));
#1627=VECTOR('',#1626,7.5E-1);
#1628=CARTESIAN_POINT('',(1.09E0,-1.975E0,-8.5E-1));
#1629=LINE('',#1628,#1627);
#1630=DIRECTION('',(1.E0,0.E0,0.E0));
#1631=VECTOR('',#1630,3.2E-1);
#1632=CARTESIAN_POINT('',(1.09E0,-1.975E0,-1.E-1));
#1633=LINE('',#1632,#1631);
#1634=DIRECTION('',(0.E0,0.E0,-1.E0));
#1635=VECTOR('',#1634,7.5E-1);
#1636=CARTESIAN_POINT('',(1.41E0,-1.975E0,-1.E-1));
#1637=LINE('',#1636,#1635);
#1638=DIRECTION('',(-1.E0,0.E0,0.E0));
#1639=VECTOR('',#1638,3.2E-1);
#1640=CARTESIAN_POINT('',(1.41E0,-1.975E0,-8.5E-1));
#1641=LINE('',#1640,#1639);
#1642=DIRECTION('',(0.E0,0.E0,1.E0));
#1643=VECTOR('',#1642,7.5E-1);
#1644=CARTESIAN_POINT('',(-1.6E-1,-1.975E0,-8.5E-1));
#1645=LINE('',#1644,#1643);
#1646=DIRECTION('',(1.E0,0.E0,0.E0));
#1647=VECTOR('',#1646,3.2E-1);
#1648=CARTESIAN_POINT('',(-1.6E-1,-1.975E0,-1.E-1));
#1649=LINE('',#1648,#1647);
#1650=DIRECTION('',(0.E0,0.E0,-1.E0));
#1651=VECTOR('',#1650,7.5E-1);
#1652=CARTESIAN_POINT('',(1.6E-1,-1.975E0,-1.E-1));
#1653=LINE('',#1652,#1651);
#1654=DIRECTION('',(-1.E0,0.E0,0.E0));
#1655=VECTOR('',#1654,3.2E-1);
#1656=CARTESIAN_POINT('',(1.6E-1,-1.975E0,-8.5E-1));
#1657=LINE('',#1656,#1655);
#1658=DIRECTION('',(0.E0,0.E0,1.E0));
#1659=VECTOR('',#1658,7.5E-1);
#1660=CARTESIAN_POINT('',(-1.41E0,-1.975E0,-8.5E-1));
#1661=LINE('',#1660,#1659);
#1662=DIRECTION('',(1.E0,0.E0,0.E0));
#1663=VECTOR('',#1662,3.2E-1);
#1664=CARTESIAN_POINT('',(-1.41E0,-1.975E0,-1.E-1));
#1665=LINE('',#1664,#1663);
#1666=DIRECTION('',(0.E0,0.E0,-1.E0));
#1667=VECTOR('',#1666,7.5E-1);
#1668=CARTESIAN_POINT('',(-1.09E0,-1.975E0,-1.E-1));
#1669=LINE('',#1668,#1667);
#1670=DIRECTION('',(-1.E0,0.E0,0.E0));
#1671=VECTOR('',#1670,3.2E-1);
#1672=CARTESIAN_POINT('',(-1.09E0,-1.975E0,-8.5E-1));
#1673=LINE('',#1672,#1671);
#1674=DIRECTION('',(0.E0,0.E0,1.E0));
#1675=VECTOR('',#1674,7.5E-1);
#1676=CARTESIAN_POINT('',(-2.66E0,-1.975E0,-8.5E-1));
#1677=LINE('',#1676,#1675);
#1678=DIRECTION('',(1.E0,0.E0,0.E0));
#1679=VECTOR('',#1678,3.2E-1);
#1680=CARTESIAN_POINT('',(-2.66E0,-1.975E0,-1.E-1));
#1681=LINE('',#1680,#1679);
#1682=DIRECTION('',(0.E0,0.E0,-1.E0));
#1683=VECTOR('',#1682,7.5E-1);
#1684=CARTESIAN_POINT('',(-2.34E0,-1.975E0,-1.E-1));
#1685=LINE('',#1684,#1683);
#1686=DIRECTION('',(-1.E0,0.E0,0.E0));
#1687=VECTOR('',#1686,3.2E-1);
#1688=CARTESIAN_POINT('',(-2.34E0,-1.975E0,-8.5E-1));
#1689=LINE('',#1688,#1687);
#1690=DIRECTION('',(0.E0,-1.E0,0.E0));
#1691=VECTOR('',#1690,2.95E0);
#1692=CARTESIAN_POINT('',(3.7E0,9.75E-1,4.E-1));
#1693=LINE('',#1692,#1691);
#1694=DIRECTION('',(0.E0,-1.E0,0.E0));
#1695=VECTOR('',#1694,2.95E0);
#1696=CARTESIAN_POINT('',(-3.7E0,9.75E-1,-4.5E-1));
#1697=LINE('',#1696,#1695);
#1698=DIRECTION('',(0.E0,-1.E0,0.E0));
#1699=VECTOR('',#1698,1.25E0);
#1700=CARTESIAN_POINT('',(-1.725E0,7.75E-1,-1.2E0));
#1701=LINE('',#1700,#1699);
#1702=DIRECTION('',(1.E0,0.E0,0.E0));
#1703=VECTOR('',#1702,3.45E0);
#1704=CARTESIAN_POINT('',(-1.725E0,7.75E-1,-1.2E0));
#1705=LINE('',#1704,#1703);
#1706=DIRECTION('',(0.E0,-1.E0,0.E0));
#1707=VECTOR('',#1706,1.25E0);
#1708=CARTESIAN_POINT('',(1.725E0,7.75E-1,-1.2E0));
#1709=LINE('',#1708,#1707);
#1710=DIRECTION('',(1.E0,0.E0,0.E0));
#1711=VECTOR('',#1710,4.E-1);
#1712=CARTESIAN_POINT('',(1.325E0,-4.75E-1,-1.2E0));
#1713=LINE('',#1712,#1711);
#1714=DIRECTION('',(0.E0,1.E0,0.E0));
#1715=VECTOR('',#1714,1.15E0);
#1716=CARTESIAN_POINT('',(1.325E0,-1.625E0,-1.2E0));
#1717=LINE('',#1716,#1715);
#1718=DIRECTION('',(-1.E0,0.E0,0.E0));
#1719=VECTOR('',#1718,1.1E0);
#1720=CARTESIAN_POINT('',(2.425E0,-1.625E0,-1.2E0));
#1721=LINE('',#1720,#1719);
#1722=DIRECTION('',(0.E0,-1.E0,0.E0));
#1723=VECTOR('',#1722,1.15E0);
#1724=CARTESIAN_POINT('',(2.425E0,-4.75E-1,-1.2E0));
#1725=LINE('',#1724,#1723);
#1726=DIRECTION('',(1.E0,0.E0,0.E0));
#1727=VECTOR('',#1726,4.E-1);
#1728=CARTESIAN_POINT('',(2.025E0,-4.75E-1,-1.2E0));
#1729=LINE('',#1728,#1727);
#1730=DIRECTION('',(0.E0,-1.E0,0.E0));
#1731=VECTOR('',#1730,1.25E0);
#1732=CARTESIAN_POINT('',(2.025E0,7.75E-1,-1.2E0));
#1733=LINE('',#1732,#1731);
#1734=DIRECTION('',(1.E0,0.E0,0.E0));
#1735=VECTOR('',#1734,1.375E0);
#1736=CARTESIAN_POINT('',(2.025E0,7.75E-1,-1.2E0));
#1737=LINE('',#1736,#1735);
#1738=DIRECTION('',(0.E0,-1.E0,0.E0));
#1739=VECTOR('',#1738,2.75E0);
#1740=CARTESIAN_POINT('',(3.4E0,7.75E-1,-1.2E0));
#1741=LINE('',#1740,#1739);
#1742=DIRECTION('',(1.E0,0.E0,0.E0));
#1743=VECTOR('',#1742,1.375E0);
#1744=CARTESIAN_POINT('',(-3.4E0,7.75E-1,-1.2E0));
#1745=LINE('',#1744,#1743);
#1746=DIRECTION('',(0.E0,-1.E0,0.E0));
#1747=VECTOR('',#1746,1.25E0);
#1748=CARTESIAN_POINT('',(-2.025E0,7.75E-1,-1.2E0));
#1749=LINE('',#1748,#1747);
#1750=DIRECTION('',(1.E0,0.E0,0.E0));
#1751=VECTOR('',#1750,4.E-1);
#1752=CARTESIAN_POINT('',(-2.425E0,-4.75E-1,-1.2E0));
#1753=LINE('',#1752,#1751);
#1754=DIRECTION('',(0.E0,1.E0,0.E0));
#1755=VECTOR('',#1754,1.15E0);
#1756=CARTESIAN_POINT('',(-2.425E0,-1.625E0,-1.2E0));
#1757=LINE('',#1756,#1755);
#1758=DIRECTION('',(-1.E0,0.E0,0.E0));
#1759=VECTOR('',#1758,1.1E0);
#1760=CARTESIAN_POINT('',(-1.325E0,-1.625E0,-1.2E0));
#1761=LINE('',#1760,#1759);
#1762=DIRECTION('',(0.E0,-1.E0,0.E0));
#1763=VECTOR('',#1762,1.15E0);
#1764=CARTESIAN_POINT('',(-1.325E0,-4.75E-1,-1.2E0));
#1765=LINE('',#1764,#1763);
#1766=DIRECTION('',(1.E0,0.E0,0.E0));
#1767=VECTOR('',#1766,4.E-1);
#1768=CARTESIAN_POINT('',(-1.725E0,-4.75E-1,-1.2E0));
#1769=LINE('',#1768,#1767);
#1770=DIRECTION('',(0.E0,0.E0,1.E0));
#1771=VECTOR('',#1770,4.E-1);
#1772=CARTESIAN_POINT('',(-1.725E0,-4.75E-1,-1.6E0));
#1773=LINE('',#1772,#1771);
#1774=DIRECTION('',(0.E0,-1.E0,0.E0));
#1775=VECTOR('',#1774,1.45E0);
#1776=CARTESIAN_POINT('',(-1.725E0,9.75E-1,-1.6E0));
#1777=LINE('',#1776,#1775);
#1778=DIRECTION('',(1.E0,0.E0,0.E0));
#1779=VECTOR('',#1778,4.E-1);
#1780=CARTESIAN_POINT('',(-1.725E0,-4.75E-1,-1.6E0));
#1781=LINE('',#1780,#1779);
#1782=DIRECTION('',(0.E0,-1.E0,0.E0));
#1783=VECTOR('',#1782,1.15E0);
#1784=CARTESIAN_POINT('',(-1.325E0,-4.75E-1,-1.6E0));
#1785=LINE('',#1784,#1783);
#1786=DIRECTION('',(-1.E0,0.E0,0.E0));
#1787=VECTOR('',#1786,1.1E0);
#1788=CARTESIAN_POINT('',(-1.325E0,-1.625E0,-1.6E0));
#1789=LINE('',#1788,#1787);
#1790=DIRECTION('',(0.E0,1.E0,0.E0));
#1791=VECTOR('',#1790,1.15E0);
#1792=CARTESIAN_POINT('',(-2.425E0,-1.625E0,-1.6E0));
#1793=LINE('',#1792,#1791);
#1794=DIRECTION('',(1.E0,0.E0,0.E0));
#1795=VECTOR('',#1794,4.E-1);
#1796=CARTESIAN_POINT('',(-2.425E0,-4.75E-1,-1.6E0));
#1797=LINE('',#1796,#1795);
#1798=DIRECTION('',(0.E0,-1.E0,0.E0));
#1799=VECTOR('',#1798,1.45E0);
#1800=CARTESIAN_POINT('',(-2.025E0,9.75E-1,-1.6E0));
#1801=LINE('',#1800,#1799);
#1802=DIRECTION('',(0.E0,-1.E0,0.E0));
#1803=VECTOR('',#1802,1.E0);
#1804=CARTESIAN_POINT('',(-3.3E0,9.75E-1,-1.6E0));
#1805=LINE('',#1804,#1803);
#1806=DIRECTION('',(1.E0,0.E0,0.E0));
#1807=VECTOR('',#1806,5.E-1);
#1808=CARTESIAN_POINT('',(-3.8E0,-2.5E-2,-1.6E0));
#1809=LINE('',#1808,#1807);
#1810=DIRECTION('',(-1.E0,0.E0,0.E0));
#1811=VECTOR('',#1810,5.E-1);
#1812=CARTESIAN_POINT('',(-3.3E0,-2.225E0,-1.6E0));
#1813=LINE('',#1812,#1811);
#1814=DIRECTION('',(0.E0,-1.E0,0.E0));
#1815=VECTOR('',#1814,1.E0);
#1816=CARTESIAN_POINT('',(-3.3E0,-2.225E0,-1.6E0));
#1817=LINE('',#1816,#1815);
#1818=DIRECTION('',(-1.E0,0.E0,0.E0));
#1819=VECTOR('',#1818,5.E-1);
#1820=CARTESIAN_POINT('',(3.8E0,-2.225E0,-1.6E0));
#1821=LINE('',#1820,#1819);
#1822=DIRECTION('',(0.E0,-1.E0,0.E0));
#1823=VECTOR('',#1822,1.E0);
#1824=CARTESIAN_POINT('',(3.8E0,-2.225E0,-1.6E0));
#1825=LINE('',#1824,#1823);
#1826=DIRECTION('',(0.E0,-1.E0,0.E0));
#1827=VECTOR('',#1826,1.E0);
#1828=CARTESIAN_POINT('',(3.8E0,9.75E-1,-1.6E0));
#1829=LINE('',#1828,#1827);
#1830=DIRECTION('',(1.E0,0.E0,0.E0));
#1831=VECTOR('',#1830,5.E-1);
#1832=CARTESIAN_POINT('',(3.3E0,-2.5E-2,-1.6E0));
#1833=LINE('',#1832,#1831);
#1834=DIRECTION('',(0.E0,-1.E0,0.E0));
#1835=VECTOR('',#1834,1.45E0);
#1836=CARTESIAN_POINT('',(2.025E0,9.75E-1,-1.6E0));
#1837=LINE('',#1836,#1835);
#1838=DIRECTION('',(1.E0,0.E0,0.E0));
#1839=VECTOR('',#1838,4.E-1);
#1840=CARTESIAN_POINT('',(2.025E0,-4.75E-1,-1.6E0));
#1841=LINE('',#1840,#1839);
#1842=DIRECTION('',(0.E0,-1.E0,0.E0));
#1843=VECTOR('',#1842,1.15E0);
#1844=CARTESIAN_POINT('',(2.425E0,-4.75E-1,-1.6E0));
#1845=LINE('',#1844,#1843);
#1846=DIRECTION('',(-1.E0,0.E0,0.E0));
#1847=VECTOR('',#1846,1.1E0);
#1848=CARTESIAN_POINT('',(2.425E0,-1.625E0,-1.6E0));
#1849=LINE('',#1848,#1847);
#1850=DIRECTION('',(0.E0,1.E0,0.E0));
#1851=VECTOR('',#1850,1.15E0);
#1852=CARTESIAN_POINT('',(1.325E0,-1.625E0,-1.6E0));
#1853=LINE('',#1852,#1851);
#1854=DIRECTION('',(1.E0,0.E0,0.E0));
#1855=VECTOR('',#1854,4.E-1);
#1856=CARTESIAN_POINT('',(1.325E0,-4.75E-1,-1.6E0));
#1857=LINE('',#1856,#1855);
#1858=DIRECTION('',(0.E0,-1.E0,0.E0));
#1859=VECTOR('',#1858,1.45E0);
#1860=CARTESIAN_POINT('',(1.725E0,9.75E-1,-1.6E0));
#1861=LINE('',#1860,#1859);
#1862=DIRECTION('',(0.E0,0.E0,1.E0));
#1863=VECTOR('',#1862,4.E-1);
#1864=CARTESIAN_POINT('',(-1.325E0,-4.75E-1,-1.6E0));
#1865=LINE('',#1864,#1863);
#1866=DIRECTION('',(0.E0,0.E0,1.E0));
#1867=VECTOR('',#1866,4.E-1);
#1868=CARTESIAN_POINT('',(-1.325E0,-1.625E0,-1.6E0));
#1869=LINE('',#1868,#1867);
#1870=DIRECTION('',(0.E0,0.E0,1.E0));
#1871=VECTOR('',#1870,4.E-1);
#1872=CARTESIAN_POINT('',(-2.425E0,-1.625E0,-1.6E0));
#1873=LINE('',#1872,#1871);
#1874=DIRECTION('',(0.E0,0.E0,1.E0));
#1875=VECTOR('',#1874,4.E-1);
#1876=CARTESIAN_POINT('',(-2.425E0,-4.75E-1,-1.6E0));
#1877=LINE('',#1876,#1875);
#1878=DIRECTION('',(0.E0,0.E0,1.E0));
#1879=VECTOR('',#1878,4.E-1);
#1880=CARTESIAN_POINT('',(-2.025E0,-4.75E-1,-1.6E0));
#1881=LINE('',#1880,#1879);
#1882=DIRECTION('',(0.E0,0.E0,1.E0));
#1883=VECTOR('',#1882,2.E-1);
#1884=CARTESIAN_POINT('',(-3.3E0,-2.5E-2,-1.8E0));
#1885=LINE('',#1884,#1883);
#1886=DIRECTION('',(0.E0,0.E0,1.E0));
#1887=VECTOR('',#1886,2.E-1);
#1888=CARTESIAN_POINT('',(-3.3E0,-2.225E0,-1.8E0));
#1889=LINE('',#1888,#1887);
#1890=DIRECTION('',(0.E0,0.E0,-1.E0));
#1891=VECTOR('',#1890,2.E-1);
#1892=CARTESIAN_POINT('',(-3.8E0,-2.5E-2,-1.6E0));
#1893=LINE('',#1892,#1891);
#1894=DIRECTION('',(0.E0,-1.E0,0.E0));
#1895=VECTOR('',#1894,1.E0);
#1896=CARTESIAN_POINT('',(-3.8E0,9.75E-1,-1.6E0));
#1897=LINE('',#1896,#1895);
#1898=DIRECTION('',(0.E0,0.E0,-1.E0));
#1899=VECTOR('',#1898,2.E-1);
#1900=CARTESIAN_POINT('',(-3.8E0,-2.225E0,-1.6E0));
#1901=LINE('',#1900,#1899);
#1902=DIRECTION('',(0.E0,-1.E0,0.E0));
#1903=VECTOR('',#1902,1.E0);
#1904=CARTESIAN_POINT('',(-3.8E0,-2.225E0,-1.6E0));
#1905=LINE('',#1904,#1903);
#1906=DIRECTION('',(0.E0,0.E0,-1.E0));
#1907=VECTOR('',#1906,2.E-1);
#1908=CARTESIAN_POINT('',(3.3E0,-2.225E0,-1.6E0));
#1909=LINE('',#1908,#1907);
#1910=DIRECTION('',(0.E0,-1.E0,0.E0));
#1911=VECTOR('',#1910,1.E0);
#1912=CARTESIAN_POINT('',(3.3E0,-2.225E0,-1.6E0));
#1913=LINE('',#1912,#1911);
#1914=DIRECTION('',(0.E0,0.E0,-1.E0));
#1915=VECTOR('',#1914,2.E-1);
#1916=CARTESIAN_POINT('',(3.3E0,-2.5E-2,-1.6E0));
#1917=LINE('',#1916,#1915);
#1918=DIRECTION('',(0.E0,-1.E0,0.E0));
#1919=VECTOR('',#1918,1.E0);
#1920=CARTESIAN_POINT('',(3.3E0,9.75E-1,-1.6E0));
#1921=LINE('',#1920,#1919);
#1922=DIRECTION('',(0.E0,0.E0,1.E0));
#1923=VECTOR('',#1922,4.E-1);
#1924=CARTESIAN_POINT('',(2.025E0,-4.75E-1,-1.6E0));
#1925=LINE('',#1924,#1923);
#1926=DIRECTION('',(0.E0,0.E0,1.E0));
#1927=VECTOR('',#1926,4.E-1);
#1928=CARTESIAN_POINT('',(2.425E0,-4.75E-1,-1.6E0));
#1929=LINE('',#1928,#1927);
#1930=DIRECTION('',(0.E0,0.E0,1.E0));
#1931=VECTOR('',#1930,4.E-1);
#1932=CARTESIAN_POINT('',(2.425E0,-1.625E0,-1.6E0));
#1933=LINE('',#1932,#1931);
#1934=DIRECTION('',(0.E0,0.E0,1.E0));
#1935=VECTOR('',#1934,4.E-1);
#1936=CARTESIAN_POINT('',(1.325E0,-1.625E0,-1.6E0));
#1937=LINE('',#1936,#1935);
#1938=DIRECTION('',(0.E0,0.E0,1.E0));
#1939=VECTOR('',#1938,4.E-1);
#1940=CARTESIAN_POINT('',(1.325E0,-4.75E-1,-1.6E0));
#1941=LINE('',#1940,#1939);
#1942=DIRECTION('',(0.E0,0.E0,1.E0));
#1943=VECTOR('',#1942,4.E-1);
#1944=CARTESIAN_POINT('',(1.725E0,-4.75E-1,-1.6E0));
#1945=LINE('',#1944,#1943);
#1946=DIRECTION('',(0.E0,1.E0,0.E0));
#1947=VECTOR('',#1946,1.75E0);
#1948=CARTESIAN_POINT('',(2.34E0,-1.975E0,-8.5E-1));
#1949=LINE('',#1948,#1947);
#1950=DIRECTION('',(0.E0,1.E0,0.E0));
#1951=VECTOR('',#1950,1.75E0);
#1952=CARTESIAN_POINT('',(2.66E0,-1.975E0,-8.5E-1));
#1953=LINE('',#1952,#1951);
#1954=DIRECTION('',(0.E0,1.E0,0.E0));
#1955=VECTOR('',#1954,1.75E0);
#1956=CARTESIAN_POINT('',(2.66E0,-1.975E0,-1.E-1));
#1957=LINE('',#1956,#1955);
#1958=DIRECTION('',(0.E0,1.E0,0.E0));
#1959=VECTOR('',#1958,1.75E0);
#1960=CARTESIAN_POINT('',(2.34E0,-1.975E0,-1.E-1));
#1961=LINE('',#1960,#1959);
#1962=DIRECTION('',(1.E0,0.E0,0.E0));
#1963=VECTOR('',#1962,3.2E-1);
#1964=CARTESIAN_POINT('',(2.34E0,-2.25E-1,-1.E-1));
#1965=LINE('',#1964,#1963);
#1966=DIRECTION('',(2.033118901005E-1,9.241449550024E-1,-3.234507342508E-1));
#1967=VECTOR('',#1966,5.410406639061E-1);
#1968=CARTESIAN_POINT('',(2.34E0,-2.25E-1,-1.E-1));
#1969=LINE('',#1968,#1967);
#1970=DIRECTION('',(0.E0,0.E0,1.E0));
#1971=VECTOR('',#1970,7.5E-1);
#1972=CARTESIAN_POINT('',(2.34E0,-2.25E-1,-8.5E-1));
#1973=LINE('',#1972,#1971);
#1974=DIRECTION('',(2.033118901005E-1,9.241449550024E-1,3.234507342508E-1));
#1975=VECTOR('',#1974,5.410406639061E-1);
#1976=CARTESIAN_POINT('',(2.34E0,-2.25E-1,-8.5E-1));
#1977=LINE('',#1976,#1975);
#1978=DIRECTION('',(-1.E0,0.E0,0.E0));
#1979=VECTOR('',#1978,3.2E-1);
#1980=CARTESIAN_POINT('',(2.66E0,-2.25E-1,-8.5E-1));
#1981=LINE('',#1980,#1979);
#1982=DIRECTION('',(-2.033118901005E-1,9.241449550024E-1,3.234507342508E-1));
#1983=VECTOR('',#1982,5.410406639061E-1);
#1984=CARTESIAN_POINT('',(2.66E0,-2.25E-1,-8.5E-1));
#1985=LINE('',#1984,#1983);
#1986=DIRECTION('',(0.E0,0.E0,-1.E0));
#1987=VECTOR('',#1986,7.5E-1);
#1988=CARTESIAN_POINT('',(2.66E0,-2.25E-1,-1.E-1));
#1989=LINE('',#1988,#1987);
#1990=DIRECTION('',(-2.033118901005E-1,9.241449550024E-1,-3.234507342508E-1));
#1991=VECTOR('',#1990,5.410406639061E-1);
#1992=CARTESIAN_POINT('',(2.66E0,-2.25E-1,-1.E-1));
#1993=LINE('',#1992,#1991);
#1994=DIRECTION('',(0.E0,0.E0,1.E0));
#1995=VECTOR('',#1994,4.E-1);
#1996=CARTESIAN_POINT('',(2.45E0,2.75E-1,-6.75E-1));
#1997=LINE('',#1996,#1995);
#1998=DIRECTION('',(-1.E0,0.E0,0.E0));
#1999=VECTOR('',#1998,1.E-1);
#2000=CARTESIAN_POINT('',(2.55E0,2.75E-1,-6.75E-1));
#2001=LINE('',#2000,#1999);
#2002=DIRECTION('',(0.E0,0.E0,-1.E0));
#2003=VECTOR('',#2002,4.E-1);
#2004=CARTESIAN_POINT('',(2.55E0,2.75E-1,-2.75E-1));
#2005=LINE('',#2004,#2003);
#2006=DIRECTION('',(1.E0,0.E0,0.E0));
#2007=VECTOR('',#2006,1.E-1);
#2008=CARTESIAN_POINT('',(2.45E0,2.75E-1,-2.75E-1));
#2009=LINE('',#2008,#2007);
#2010=DIRECTION('',(0.E0,1.E0,0.E0));
#2011=VECTOR('',#2010,1.75E0);
#2012=CARTESIAN_POINT('',(1.09E0,-1.975E0,-8.5E-1));
#2013=LINE('',#2012,#2011);
#2014=DIRECTION('',(0.E0,1.E0,0.E0));
#2015=VECTOR('',#2014,1.75E0);
#2016=CARTESIAN_POINT('',(1.41E0,-1.975E0,-8.5E-1));
#2017=LINE('',#2016,#2015);
#2018=DIRECTION('',(0.E0,1.E0,0.E0));
#2019=VECTOR('',#2018,1.75E0);
#2020=CARTESIAN_POINT('',(1.41E0,-1.975E0,-1.E-1));
#2021=LINE('',#2020,#2019);
#2022=DIRECTION('',(0.E0,1.E0,0.E0));
#2023=VECTOR('',#2022,1.75E0);
#2024=CARTESIAN_POINT('',(1.09E0,-1.975E0,-1.E-1));
#2025=LINE('',#2024,#2023);
#2026=DIRECTION('',(1.E0,0.E0,0.E0));
#2027=VECTOR('',#2026,3.2E-1);
#2028=CARTESIAN_POINT('',(1.09E0,-2.25E-1,-1.E-1));
#2029=LINE('',#2028,#2027);
#2030=DIRECTION('',(2.033118901005E-1,9.241449550024E-1,-3.234507342508E-1));
#2031=VECTOR('',#2030,5.410406639061E-1);
#2032=CARTESIAN_POINT('',(1.09E0,-2.25E-1,-1.E-1));
#2033=LINE('',#2032,#2031);
#2034=DIRECTION('',(0.E0,0.E0,1.E0));
#2035=VECTOR('',#2034,7.5E-1);
#2036=CARTESIAN_POINT('',(1.09E0,-2.25E-1,-8.5E-1));
#2037=LINE('',#2036,#2035);
#2038=DIRECTION('',(2.033118901005E-1,9.241449550024E-1,3.234507342508E-1));
#2039=VECTOR('',#2038,5.410406639061E-1);
#2040=CARTESIAN_POINT('',(1.09E0,-2.25E-1,-8.5E-1));
#2041=LINE('',#2040,#2039);
#2042=DIRECTION('',(-1.E0,0.E0,0.E0));
#2043=VECTOR('',#2042,3.2E-1);
#2044=CARTESIAN_POINT('',(1.41E0,-2.25E-1,-8.5E-1));
#2045=LINE('',#2044,#2043);
#2046=DIRECTION('',(-2.033118901005E-1,9.241449550024E-1,3.234507342508E-1));
#2047=VECTOR('',#2046,5.410406639061E-1);
#2048=CARTESIAN_POINT('',(1.41E0,-2.25E-1,-8.5E-1));
#2049=LINE('',#2048,#2047);
#2050=DIRECTION('',(0.E0,0.E0,-1.E0));
#2051=VECTOR('',#2050,7.5E-1);
#2052=CARTESIAN_POINT('',(1.41E0,-2.25E-1,-1.E-1));
#2053=LINE('',#2052,#2051);
#2054=DIRECTION('',(-2.033118901005E-1,9.241449550024E-1,-3.234507342508E-1));
#2055=VECTOR('',#2054,5.410406639061E-1);
#2056=CARTESIAN_POINT('',(1.41E0,-2.25E-1,-1.E-1));
#2057=LINE('',#2056,#2055);
#2058=DIRECTION('',(0.E0,0.E0,1.E0));
#2059=VECTOR('',#2058,4.E-1);
#2060=CARTESIAN_POINT('',(1.2E0,2.75E-1,-6.75E-1));
#2061=LINE('',#2060,#2059);
#2062=DIRECTION('',(-1.E0,0.E0,0.E0));
#2063=VECTOR('',#2062,1.E-1);
#2064=CARTESIAN_POINT('',(1.3E0,2.75E-1,-6.75E-1));
#2065=LINE('',#2064,#2063);
#2066=DIRECTION('',(0.E0,0.E0,-1.E0));
#2067=VECTOR('',#2066,4.E-1);
#2068=CARTESIAN_POINT('',(1.3E0,2.75E-1,-2.75E-1));
#2069=LINE('',#2068,#2067);
#2070=DIRECTION('',(1.E0,0.E0,0.E0));
#2071=VECTOR('',#2070,1.E-1);
#2072=CARTESIAN_POINT('',(1.2E0,2.75E-1,-2.75E-1));
#2073=LINE('',#2072,#2071);
#2074=DIRECTION('',(0.E0,1.E0,0.E0));
#2075=VECTOR('',#2074,1.75E0);
#2076=CARTESIAN_POINT('',(-1.6E-1,-1.975E0,-8.5E-1));
#2077=LINE('',#2076,#2075);
#2078=DIRECTION('',(0.E0,1.E0,0.E0));
#2079=VECTOR('',#2078,1.75E0);
#2080=CARTESIAN_POINT('',(1.6E-1,-1.975E0,-8.5E-1));
#2081=LINE('',#2080,#2079);
#2082=DIRECTION('',(0.E0,1.E0,0.E0));
#2083=VECTOR('',#2082,1.75E0);
#2084=CARTESIAN_POINT('',(1.6E-1,-1.975E0,-1.E-1));
#2085=LINE('',#2084,#2083);
#2086=DIRECTION('',(0.E0,1.E0,0.E0));
#2087=VECTOR('',#2086,1.75E0);
#2088=CARTESIAN_POINT('',(-1.6E-1,-1.975E0,-1.E-1));
#2089=LINE('',#2088,#2087);
#2090=DIRECTION('',(1.E0,0.E0,0.E0));
#2091=VECTOR('',#2090,3.2E-1);
#2092=CARTESIAN_POINT('',(-1.6E-1,-2.25E-1,-1.E-1));
#2093=LINE('',#2092,#2091);
#2094=DIRECTION('',(2.033118901005E-1,9.241449550024E-1,-3.234507342508E-1));
#2095=VECTOR('',#2094,5.410406639061E-1);
#2096=CARTESIAN_POINT('',(-1.6E-1,-2.25E-1,-1.E-1));
#2097=LINE('',#2096,#2095);
#2098=DIRECTION('',(0.E0,0.E0,1.E0));
#2099=VECTOR('',#2098,7.5E-1);
#2100=CARTESIAN_POINT('',(-1.6E-1,-2.25E-1,-8.5E-1));
#2101=LINE('',#2100,#2099);
#2102=DIRECTION('',(2.033118901005E-1,9.241449550024E-1,3.234507342508E-1));
#2103=VECTOR('',#2102,5.410406639061E-1);
#2104=CARTESIAN_POINT('',(-1.6E-1,-2.25E-1,-8.5E-1));
#2105=LINE('',#2104,#2103);
#2106=DIRECTION('',(-1.E0,0.E0,0.E0));
#2107=VECTOR('',#2106,3.2E-1);
#2108=CARTESIAN_POINT('',(1.6E-1,-2.25E-1,-8.5E-1));
#2109=LINE('',#2108,#2107);
#2110=DIRECTION('',(-2.033118901005E-1,9.241449550024E-1,3.234507342508E-1));
#2111=VECTOR('',#2110,5.410406639061E-1);
#2112=CARTESIAN_POINT('',(1.6E-1,-2.25E-1,-8.5E-1));
#2113=LINE('',#2112,#2111);
#2114=DIRECTION('',(0.E0,0.E0,-1.E0));
#2115=VECTOR('',#2114,7.5E-1);
#2116=CARTESIAN_POINT('',(1.6E-1,-2.25E-1,-1.E-1));
#2117=LINE('',#2116,#2115);
#2118=DIRECTION('',(-2.033118901005E-1,9.241449550024E-1,-3.234507342508E-1));
#2119=VECTOR('',#2118,5.410406639061E-1);
#2120=CARTESIAN_POINT('',(1.6E-1,-2.25E-1,-1.E-1));
#2121=LINE('',#2120,#2119);
#2122=DIRECTION('',(0.E0,0.E0,1.E0));
#2123=VECTOR('',#2122,4.E-1);
#2124=CARTESIAN_POINT('',(-5.E-2,2.75E-1,-6.75E-1));
#2125=LINE('',#2124,#2123);
#2126=DIRECTION('',(-1.E0,0.E0,0.E0));
#2127=VECTOR('',#2126,1.E-1);
#2128=CARTESIAN_POINT('',(5.E-2,2.75E-1,-6.75E-1));
#2129=LINE('',#2128,#2127);
#2130=DIRECTION('',(0.E0,0.E0,-1.E0));
#2131=VECTOR('',#2130,4.E-1);
#2132=CARTESIAN_POINT('',(5.E-2,2.75E-1,-2.75E-1));
#2133=LINE('',#2132,#2131);
#2134=DIRECTION('',(1.E0,0.E0,0.E0));
#2135=VECTOR('',#2134,1.E-1);
#2136=CARTESIAN_POINT('',(-5.E-2,2.75E-1,-2.75E-1));
#2137=LINE('',#2136,#2135);
#2138=DIRECTION('',(0.E0,1.E0,0.E0));
#2139=VECTOR('',#2138,1.75E0);
#2140=CARTESIAN_POINT('',(-1.41E0,-1.975E0,-8.5E-1));
#2141=LINE('',#2140,#2139);
#2142=DIRECTION('',(0.E0,1.E0,0.E0));
#2143=VECTOR('',#2142,1.75E0);
#2144=CARTESIAN_POINT('',(-1.09E0,-1.975E0,-8.5E-1));
#2145=LINE('',#2144,#2143);
#2146=DIRECTION('',(0.E0,1.E0,0.E0));
#2147=VECTOR('',#2146,1.75E0);
#2148=CARTESIAN_POINT('',(-1.09E0,-1.975E0,-1.E-1));
#2149=LINE('',#2148,#2147);
#2150=DIRECTION('',(0.E0,1.E0,0.E0));
#2151=VECTOR('',#2150,1.75E0);
#2152=CARTESIAN_POINT('',(-1.41E0,-1.975E0,-1.E-1));
#2153=LINE('',#2152,#2151);
#2154=DIRECTION('',(1.E0,0.E0,0.E0));
#2155=VECTOR('',#2154,3.2E-1);
#2156=CARTESIAN_POINT('',(-1.41E0,-2.25E-1,-1.E-1));
#2157=LINE('',#2156,#2155);
#2158=DIRECTION('',(2.033118901005E-1,9.241449550024E-1,-3.234507342508E-1));
#2159=VECTOR('',#2158,5.410406639061E-1);
#2160=CARTESIAN_POINT('',(-1.41E0,-2.25E-1,-1.E-1));
#2161=LINE('',#2160,#2159);
#2162=DIRECTION('',(0.E0,0.E0,1.E0));
#2163=VECTOR('',#2162,7.5E-1);
#2164=CARTESIAN_POINT('',(-1.41E0,-2.25E-1,-8.5E-1));
#2165=LINE('',#2164,#2163);
#2166=DIRECTION('',(2.033118901005E-1,9.241449550024E-1,3.234507342508E-1));
#2167=VECTOR('',#2166,5.410406639061E-1);
#2168=CARTESIAN_POINT('',(-1.41E0,-2.25E-1,-8.5E-1));
#2169=LINE('',#2168,#2167);
#2170=DIRECTION('',(-1.E0,0.E0,0.E0));
#2171=VECTOR('',#2170,3.2E-1);
#2172=CARTESIAN_POINT('',(-1.09E0,-2.25E-1,-8.5E-1));
#2173=LINE('',#2172,#2171);
#2174=DIRECTION('',(-2.033118901005E-1,9.241449550024E-1,3.234507342508E-1));
#2175=VECTOR('',#2174,5.410406639061E-1);
#2176=CARTESIAN_POINT('',(-1.09E0,-2.25E-1,-8.5E-1));
#2177=LINE('',#2176,#2175);
#2178=DIRECTION('',(0.E0,0.E0,-1.E0));
#2179=VECTOR('',#2178,7.5E-1);
#2180=CARTESIAN_POINT('',(-1.09E0,-2.25E-1,-1.E-1));
#2181=LINE('',#2180,#2179);
#2182=DIRECTION('',(-2.033118901005E-1,9.241449550024E-1,-3.234507342508E-1));
#2183=VECTOR('',#2182,5.410406639061E-1);
#2184=CARTESIAN_POINT('',(-1.09E0,-2.25E-1,-1.E-1));
#2185=LINE('',#2184,#2183);
#2186=DIRECTION('',(0.E0,0.E0,1.E0));
#2187=VECTOR('',#2186,4.E-1);
#2188=CARTESIAN_POINT('',(-1.3E0,2.75E-1,-6.75E-1));
#2189=LINE('',#2188,#2187);
#2190=DIRECTION('',(-1.E0,0.E0,0.E0));
#2191=VECTOR('',#2190,1.E-1);
#2192=CARTESIAN_POINT('',(-1.2E0,2.75E-1,-6.75E-1));
#2193=LINE('',#2192,#2191);
#2194=DIRECTION('',(0.E0,0.E0,-1.E0));
#2195=VECTOR('',#2194,4.E-1);
#2196=CARTESIAN_POINT('',(-1.2E0,2.75E-1,-2.75E-1));
#2197=LINE('',#2196,#2195);
#2198=DIRECTION('',(1.E0,0.E0,0.E0));
#2199=VECTOR('',#2198,1.E-1);
#2200=CARTESIAN_POINT('',(-1.3E0,2.75E-1,-2.75E-1));
#2201=LINE('',#2200,#2199);
#2202=DIRECTION('',(0.E0,1.E0,0.E0));
#2203=VECTOR('',#2202,1.75E0);
#2204=CARTESIAN_POINT('',(-2.66E0,-1.975E0,-8.5E-1));
#2205=LINE('',#2204,#2203);
#2206=DIRECTION('',(0.E0,1.E0,0.E0));
#2207=VECTOR('',#2206,1.75E0);
#2208=CARTESIAN_POINT('',(-2.34E0,-1.975E0,-8.5E-1));
#2209=LINE('',#2208,#2207);
#2210=DIRECTION('',(0.E0,1.E0,0.E0));
#2211=VECTOR('',#2210,1.75E0);
#2212=CARTESIAN_POINT('',(-2.34E0,-1.975E0,-1.E-1));
#2213=LINE('',#2212,#2211);
#2214=DIRECTION('',(0.E0,1.E0,0.E0));
#2215=VECTOR('',#2214,1.75E0);
#2216=CARTESIAN_POINT('',(-2.66E0,-1.975E0,-1.E-1));
#2217=LINE('',#2216,#2215);
#2218=DIRECTION('',(1.E0,0.E0,0.E0));
#2219=VECTOR('',#2218,3.2E-1);
#2220=CARTESIAN_POINT('',(-2.66E0,-2.25E-1,-1.E-1));
#2221=LINE('',#2220,#2219);
#2222=DIRECTION('',(2.033118901005E-1,9.241449550024E-1,-3.234507342508E-1));
#2223=VECTOR('',#2222,5.410406639061E-1);
#2224=CARTESIAN_POINT('',(-2.66E0,-2.25E-1,-1.E-1));
#2225=LINE('',#2224,#2223);
#2226=DIRECTION('',(0.E0,0.E0,1.E0));
#2227=VECTOR('',#2226,7.5E-1);
#2228=CARTESIAN_POINT('',(-2.66E0,-2.25E-1,-8.5E-1));
#2229=LINE('',#2228,#2227);
#2230=DIRECTION('',(2.033118901005E-1,9.241449550024E-1,3.234507342508E-1));
#2231=VECTOR('',#2230,5.410406639061E-1);
#2232=CARTESIAN_POINT('',(-2.66E0,-2.25E-1,-8.5E-1));
#2233=LINE('',#2232,#2231);
#2234=DIRECTION('',(-1.E0,0.E0,0.E0));
#2235=VECTOR('',#2234,3.2E-1);
#2236=CARTESIAN_POINT('',(-2.34E0,-2.25E-1,-8.5E-1));
#2237=LINE('',#2236,#2235);
#2238=DIRECTION('',(-2.033118901005E-1,9.241449550024E-1,3.234507342508E-1));
#2239=VECTOR('',#2238,5.410406639061E-1);
#2240=CARTESIAN_POINT('',(-2.34E0,-2.25E-1,-8.5E-1));
#2241=LINE('',#2240,#2239);
#2242=DIRECTION('',(0.E0,0.E0,-1.E0));
#2243=VECTOR('',#2242,7.5E-1);
#2244=CARTESIAN_POINT('',(-2.34E0,-2.25E-1,-1.E-1));
#2245=LINE('',#2244,#2243);
#2246=DIRECTION('',(-2.033118901005E-1,9.241449550024E-1,-3.234507342508E-1));
#2247=VECTOR('',#2246,5.410406639061E-1);
#2248=CARTESIAN_POINT('',(-2.34E0,-2.25E-1,-1.E-1));
#2249=LINE('',#2248,#2247);
#2250=DIRECTION('',(0.E0,0.E0,1.E0));
#2251=VECTOR('',#2250,4.E-1);
#2252=CARTESIAN_POINT('',(-2.55E0,2.75E-1,-6.75E-1));
#2253=LINE('',#2252,#2251);
#2254=DIRECTION('',(-1.E0,0.E0,0.E0));
#2255=VECTOR('',#2254,1.E-1);
#2256=CARTESIAN_POINT('',(-2.45E0,2.75E-1,-6.75E-1));
#2257=LINE('',#2256,#2255);
#2258=DIRECTION('',(0.E0,0.E0,-1.E0));
#2259=VECTOR('',#2258,4.E-1);
#2260=CARTESIAN_POINT('',(-2.45E0,2.75E-1,-2.75E-1));
#2261=LINE('',#2260,#2259);
#2262=DIRECTION('',(1.E0,0.E0,0.E0));
#2263=VECTOR('',#2262,1.E-1);
#2264=CARTESIAN_POINT('',(-2.55E0,2.75E-1,-2.75E-1));
#2265=LINE('',#2264,#2263);
#2266=DIRECTION('',(1.E0,0.E0,0.E0));
#2267=VECTOR('',#2266,3.5E-1);
#2268=CARTESIAN_POINT('',(3.05E0,-1.75E-1,1.4E0));
#2269=LINE('',#2268,#2267);
#2270=DIRECTION('',(0.E0,0.E0,-1.E0));
#2271=VECTOR('',#2270,2.E-1);
#2272=CARTESIAN_POINT('',(3.4E0,-1.75E-1,1.4E0));
#2273=LINE('',#2272,#2271);
#2274=DIRECTION('',(0.E0,0.E0,-1.E0));
#2275=VECTOR('',#2274,2.E-1);
#2276=CARTESIAN_POINT('',(3.05E0,-1.75E-1,1.6E0));
#2277=LINE('',#2276,#2275);
#2278=DIRECTION('',(0.E0,7.071067811865E-1,7.071067811865E-1));
#2279=VECTOR('',#2278,2.828427124746E-1);
#2280=CARTESIAN_POINT('',(3.4E0,-3.75E-1,1.2E0));
#2281=LINE('',#2280,#2279);
#2282=DIRECTION('',(0.E0,0.E0,-1.E0));
#2283=VECTOR('',#2282,2.E-1);
#2284=CARTESIAN_POINT('',(3.05E0,-6.25E-1,1.6E0));
#2285=LINE('',#2284,#2283);
#2286=DIRECTION('',(0.E0,1.E0,0.E0));
#2287=VECTOR('',#2286,4.5E-1);
#2288=CARTESIAN_POINT('',(3.05E0,-8.25E-1,1.2E0));
#2289=LINE('',#2288,#2287);
#2290=DIRECTION('',(0.E0,-7.071067811865E-1,-7.071067811865E-1));
#2291=VECTOR('',#2290,2.828427124746E-1);
#2292=CARTESIAN_POINT('',(3.05E0,-1.75E-1,1.4E0));
#2293=LINE('',#2292,#2291);
#2294=DIRECTION('',(1.E0,0.E0,0.E0));
#2295=VECTOR('',#2294,6.1E0);
#2296=CARTESIAN_POINT('',(-3.05E0,-6.25E-1,1.4E0));
#2297=LINE('',#2296,#2295);
#2298=DIRECTION('',(0.E0,0.E0,-1.E0));
#2299=VECTOR('',#2298,2.E-1);
#2300=CARTESIAN_POINT('',(-3.05E0,-6.25E-1,1.6E0));
#2301=LINE('',#2300,#2299);
#2302=DIRECTION('',(0.E0,-7.071067811865E-1,-7.071067811865E-1));
#2303=VECTOR('',#2302,2.828427124746E-1);
#2304=CARTESIAN_POINT('',(-3.05E0,-6.25E-1,1.4E0));
#2305=LINE('',#2304,#2303);
#2306=DIRECTION('',(0.E0,7.071067811865E-1,7.071067811865E-1));
#2307=VECTOR('',#2306,2.828427124746E-1);
#2308=CARTESIAN_POINT('',(3.05E0,-8.25E-1,1.2E0));
#2309=LINE('',#2308,#2307);
#2310=DIRECTION('',(-1.E0,0.E0,0.E0));
#2311=VECTOR('',#2310,8.E0);
#2312=CARTESIAN_POINT('',(4.E0,-3.125E0,-1.3E0));
#2313=LINE('',#2312,#2311);
#2314=DIRECTION('',(0.E0,0.E0,-1.E0));
#2315=VECTOR('',#2314,5.E-1);
#2316=CARTESIAN_POINT('',(2.66E0,-3.125E0,-4.25E-1));
#2317=LINE('',#2316,#2315);
#2318=DIRECTION('',(1.E0,0.E0,0.E0));
#2319=VECTOR('',#2318,3.2E-1);
#2320=CARTESIAN_POINT('',(2.34E0,-3.125E0,-4.25E-1));
#2321=LINE('',#2320,#2319);
#2322=DIRECTION('',(0.E0,0.E0,-1.E0));
#2323=VECTOR('',#2322,5.E-1);
#2324=CARTESIAN_POINT('',(2.34E0,-3.125E0,-4.25E-1));
#2325=LINE('',#2324,#2323);
#2326=DIRECTION('',(1.E0,0.E0,0.E0));
#2327=VECTOR('',#2326,3.2E-1);
#2328=CARTESIAN_POINT('',(2.34E0,-3.125E0,-9.25E-1));
#2329=LINE('',#2328,#2327);
#2330=DIRECTION('',(0.E0,0.E0,1.E0));
#2331=VECTOR('',#2330,5.E-1);
#2332=CARTESIAN_POINT('',(1.41E0,-3.125E0,-9.25E-1));
#2333=LINE('',#2332,#2331);
#2334=DIRECTION('',(1.E0,0.E0,0.E0));
#2335=VECTOR('',#2334,3.2E-1);
#2336=CARTESIAN_POINT('',(1.09E0,-3.125E0,-4.25E-1));
#2337=LINE('',#2336,#2335);
#2338=DIRECTION('',(0.E0,0.E0,1.E0));
#2339=VECTOR('',#2338,5.E-1);
#2340=CARTESIAN_POINT('',(1.09E0,-3.125E0,-9.25E-1));
#2341=LINE('',#2340,#2339);
#2342=DIRECTION('',(1.E0,0.E0,0.E0));
#2343=VECTOR('',#2342,3.2E-1);
#2344=CARTESIAN_POINT('',(1.09E0,-3.125E0,-9.25E-1));
#2345=LINE('',#2344,#2343);
#2346=DIRECTION('',(0.E0,0.E0,1.E0));
#2347=VECTOR('',#2346,5.E-1);
#2348=CARTESIAN_POINT('',(1.6E-1,-3.125E0,-9.25E-1));
#2349=LINE('',#2348,#2347);
#2350=DIRECTION('',(1.E0,0.E0,0.E0));
#2351=VECTOR('',#2350,3.2E-1);
#2352=CARTESIAN_POINT('',(-1.6E-1,-3.125E0,-4.25E-1));
#2353=LINE('',#2352,#2351);
#2354=DIRECTION('',(0.E0,0.E0,1.E0));
#2355=VECTOR('',#2354,5.E-1);
#2356=CARTESIAN_POINT('',(-1.6E-1,-3.125E0,-9.25E-1));
#2357=LINE('',#2356,#2355);
#2358=DIRECTION('',(1.E0,0.E0,0.E0));
#2359=VECTOR('',#2358,3.2E-1);
#2360=CARTESIAN_POINT('',(-1.6E-1,-3.125E0,-9.25E-1));
#2361=LINE('',#2360,#2359);
#2362=DIRECTION('',(0.E0,0.E0,1.E0));
#2363=VECTOR('',#2362,5.E-1);
#2364=CARTESIAN_POINT('',(-1.09E0,-3.125E0,-9.25E-1));
#2365=LINE('',#2364,#2363);
#2366=DIRECTION('',(1.E0,0.E0,0.E0));
#2367=VECTOR('',#2366,3.2E-1);
#2368=CARTESIAN_POINT('',(-1.41E0,-3.125E0,-4.25E-1));
#2369=LINE('',#2368,#2367);
#2370=DIRECTION('',(0.E0,0.E0,1.E0));
#2371=VECTOR('',#2370,5.E-1);
#2372=CARTESIAN_POINT('',(-1.41E0,-3.125E0,-9.25E-1));
#2373=LINE('',#2372,#2371);
#2374=DIRECTION('',(1.E0,0.E0,0.E0));
#2375=VECTOR('',#2374,3.2E-1);
#2376=CARTESIAN_POINT('',(-1.41E0,-3.125E0,-9.25E-1));
#2377=LINE('',#2376,#2375);
#2378=DIRECTION('',(0.E0,0.E0,1.E0));
#2379=VECTOR('',#2378,5.E-1);
#2380=CARTESIAN_POINT('',(-2.34E0,-3.125E0,-9.25E-1));
#2381=LINE('',#2380,#2379);
#2382=DIRECTION('',(1.E0,0.E0,0.E0));
#2383=VECTOR('',#2382,3.2E-1);
#2384=CARTESIAN_POINT('',(-2.66E0,-3.125E0,-4.25E-1));
#2385=LINE('',#2384,#2383);
#2386=DIRECTION('',(0.E0,0.E0,1.E0));
#2387=VECTOR('',#2386,5.E-1);
#2388=CARTESIAN_POINT('',(-2.66E0,-3.125E0,-9.25E-1));
#2389=LINE('',#2388,#2387);
#2390=DIRECTION('',(1.E0,0.E0,0.E0));
#2391=VECTOR('',#2390,3.2E-1);
#2392=CARTESIAN_POINT('',(-2.66E0,-3.125E0,-9.25E-1));
#2393=LINE('',#2392,#2391);
#2394=DIRECTION('',(0.E0,0.E0,-1.E0));
#2395=VECTOR('',#2394,6.E-1);
#2396=CARTESIAN_POINT('',(3.35E0,-3.125E0,-5.E-1));
#2397=LINE('',#2396,#2395);
#2398=DIRECTION('',(1.E0,0.E0,0.E0));
#2399=VECTOR('',#2398,7.5E-2);
#2400=CARTESIAN_POINT('',(3.35E0,-3.125E0,-1.1E0));
#2401=LINE('',#2400,#2399);
#2402=DIRECTION('',(6.428712937139E-1,0.E0,7.659742160926E-1));
#2403=VECTOR('',#2402,1.166640986047E-1);
#2404=CARTESIAN_POINT('',(3.425E0,-3.125E0,-1.1E0));
#2405=LINE('',#2404,#2403);
#2406=DIRECTION('',(0.E0,0.E0,1.E0));
#2407=VECTOR('',#2406,1.021276831627E-1);
#2408=CARTESIAN_POINT('',(3.5E0,-3.125E0,-1.010638308525E0));
#2409=LINE('',#2408,#2407);
#2410=DIRECTION('',(-6.428711427642E-1,0.E0,-7.659743427825E-1));
#2411=VECTOR('',#2410,1.166641259981E-1);
#2412=CARTESIAN_POINT('',(3.5E0,-3.125E0,-9.085106253624E-1));
#2413=LINE('',#2412,#2411);
#2414=DIRECTION('',(0.E0,0.E0,1.E0));
#2415=VECTOR('',#2414,4.978723526001E-1);
#2416=CARTESIAN_POINT('',(3.425E0,-3.125E0,-9.978723526001E-1));
#2417=LINE('',#2416,#2415);
#2418=DIRECTION('',(-1.E0,0.E0,0.E0));
#2419=VECTOR('',#2418,7.5E-2);
#2420=CARTESIAN_POINT('',(3.425E0,-3.125E0,-5.E-1));
#2421=LINE('',#2420,#2419);
#2422=DIRECTION('',(-1.E0,0.E0,0.E0));
#2423=VECTOR('',#2422,8.E0);
#2424=CARTESIAN_POINT('',(4.E0,-3.125E0,7.E-1));
#2425=LINE('',#2424,#2423);
#2426=DIRECTION('',(0.E0,-1.E0,0.E0));
#2427=VECTOR('',#2426,1.000000000001E-1);
#2428=CARTESIAN_POINT('',(2.66E0,-3.125E0,-9.25E-1));
#2429=LINE('',#2428,#2427);
#2430=CARTESIAN_POINT('',(2.66E0,-3.225E0,-1.125E0));
#2431=DIRECTION('',(-1.E0,0.E0,0.E0));
#2432=DIRECTION('',(0.E0,-1.E0,0.E0));
#2433=AXIS2_PLACEMENT_3D('',#2430,#2431,#2432);
#2435=DIRECTION('',(0.E0,0.E0,-1.E0));
#2436=VECTOR('',#2435,4.75E-1);
#2437=CARTESIAN_POINT('',(2.66E0,-3.425E0,-1.125E0));
#2438=LINE('',#2437,#2436);
#2439=DIRECTION('',(0.E0,-7.071067811864E-1,-7.071067811867E-1));
#2440=VECTOR('',#2439,2.828427124746E-1);
#2441=CARTESIAN_POINT('',(2.66E0,-3.425E0,-1.6E0));
#2442=LINE('',#2441,#2440);
#2443=DIRECTION('',(0.E0,-1.E0,0.E0));
#2444=VECTOR('',#2443,4.E-1);
#2445=CARTESIAN_POINT('',(2.66E0,-3.625E0,-1.8E0));
#2446=LINE('',#2445,#2444);
#2447=DIRECTION('',(0.E0,-7.071067811867E-1,7.071067811864E-1));
#2448=VECTOR('',#2447,2.828427124746E-1);
#2449=CARTESIAN_POINT('',(2.66E0,-4.025E0,-1.8E0));
#2450=LINE('',#2449,#2448);
#2451=DIRECTION('',(0.E0,0.E0,1.E0));
#2452=VECTOR('',#2451,3.000000000001E-1);
#2453=CARTESIAN_POINT('',(2.66E0,-4.225E0,-1.6E0));
#2454=LINE('',#2453,#2452);
#2455=DIRECTION('',(0.E0,1.E0,0.E0));
#2456=VECTOR('',#2455,3.E-1);
#2457=CARTESIAN_POINT('',(2.66E0,-4.225E0,-1.3E0));
#2458=LINE('',#2457,#2456);
#2459=DIRECTION('',(0.E0,0.E0,1.E0));
#2460=VECTOR('',#2459,7.25E-1);
#2461=CARTESIAN_POINT('',(2.66E0,-3.925E0,-1.3E0));
#2462=LINE('',#2461,#2460);
#2463=CARTESIAN_POINT('',(2.66E0,-3.775E0,-5.75E-1));
#2464=DIRECTION('',(1.E0,0.E0,0.E0));
#2465=DIRECTION('',(0.E0,0.E0,1.E0));
#2466=AXIS2_PLACEMENT_3D('',#2463,#2464,#2465);
#2468=DIRECTION('',(0.E0,1.E0,0.E0));
#2469=VECTOR('',#2468,6.5E-1);
#2470=CARTESIAN_POINT('',(2.66E0,-3.775E0,-4.25E-1));
#2471=LINE('',#2470,#2469);
#2472=DIRECTION('',(-1.E0,0.E0,0.E0));
#2473=VECTOR('',#2472,3.2E-1);
#2474=CARTESIAN_POINT('',(2.66E0,-3.225E0,-9.25E-1));
#2475=LINE('',#2474,#2473);
#2476=DIRECTION('',(0.E0,1.E0,0.E0));
#2477=VECTOR('',#2476,6.5E-1);
#2478=CARTESIAN_POINT('',(2.34E0,-3.775E0,-4.25E-1));
#2479=LINE('',#2478,#2477);
#2480=CARTESIAN_POINT('',(2.34E0,-3.775E0,-5.75E-1));
#2481=DIRECTION('',(1.E0,0.E0,0.E0));
#2482=DIRECTION('',(0.E0,0.E0,1.E0));
#2483=AXIS2_PLACEMENT_3D('',#2480,#2481,#2482);
#2485=DIRECTION('',(0.E0,0.E0,1.E0));
#2486=VECTOR('',#2485,7.25E-1);
#2487=CARTESIAN_POINT('',(2.34E0,-3.925E0,-1.3E0));
#2488=LINE('',#2487,#2486);
#2489=DIRECTION('',(0.E0,1.E0,0.E0));
#2490=VECTOR('',#2489,3.E-1);
#2491=CARTESIAN_POINT('',(2.34E0,-4.225E0,-1.3E0));
#2492=LINE('',#2491,#2490);
#2493=DIRECTION('',(0.E0,0.E0,1.E0));
#2494=VECTOR('',#2493,3.000000000001E-1);
#2495=CARTESIAN_POINT('',(2.34E0,-4.225E0,-1.6E0));
#2496=LINE('',#2495,#2494);
#2497=DIRECTION('',(0.E0,-7.071067811867E-1,7.071067811864E-1));
#2498=VECTOR('',#2497,2.828427124746E-1);
#2499=CARTESIAN_POINT('',(2.34E0,-4.025E0,-1.8E0));
#2500=LINE('',#2499,#2498);
#2501=DIRECTION('',(0.E0,-1.E0,0.E0));
#2502=VECTOR('',#2501,4.E-1);
#2503=CARTESIAN_POINT('',(2.34E0,-3.625E0,-1.8E0));
#2504=LINE('',#2503,#2502);
#2505=DIRECTION('',(0.E0,-7.071067811864E-1,-7.071067811867E-1));
#2506=VECTOR('',#2505,2.828427124746E-1);
#2507=CARTESIAN_POINT('',(2.34E0,-3.425E0,-1.6E0));
#2508=LINE('',#2507,#2506);
#2509=DIRECTION('',(0.E0,0.E0,-1.E0));
#2510=VECTOR('',#2509,4.75E-1);
#2511=CARTESIAN_POINT('',(2.34E0,-3.425E0,-1.125E0));
#2512=LINE('',#2511,#2510);
#2513=CARTESIAN_POINT('',(2.34E0,-3.225E0,-1.125E0));
#2514=DIRECTION('',(-1.E0,0.E0,0.E0));
#2515=DIRECTION('',(0.E0,-1.E0,0.E0));
#2516=AXIS2_PLACEMENT_3D('',#2513,#2514,#2515);
#2518=DIRECTION('',(0.E0,-1.E0,0.E0));
#2519=VECTOR('',#2518,1.000000000001E-1);
#2520=CARTESIAN_POINT('',(2.34E0,-3.125E0,-9.25E-1));
#2521=LINE('',#2520,#2519);
#2522=DIRECTION('',(-1.E0,0.E0,0.E0));
#2523=VECTOR('',#2522,3.2E-1);
#2524=CARTESIAN_POINT('',(2.66E0,-3.775E0,-4.25E-1));
#2525=LINE('',#2524,#2523);
#2526=DIRECTION('',(-1.E0,0.E0,0.E0));
#2527=VECTOR('',#2526,3.2E-1);
#2528=CARTESIAN_POINT('',(2.66E0,-3.925E0,-5.75E-1));
#2529=LINE('',#2528,#2527);
#2530=DIRECTION('',(1.E0,0.E0,0.E0));
#2531=VECTOR('',#2530,3.2E-1);
#2532=CARTESIAN_POINT('',(2.34E0,-3.925E0,-1.3E0));
#2533=LINE('',#2532,#2531);
#2534=DIRECTION('',(1.E0,0.E0,0.E0));
#2535=VECTOR('',#2534,3.2E-1);
#2536=CARTESIAN_POINT('',(2.34E0,-4.225E0,-1.3E0));
#2537=LINE('',#2536,#2535);
#2538=DIRECTION('',(1.E0,0.E0,0.E0));
#2539=VECTOR('',#2538,3.2E-1);
#2540=CARTESIAN_POINT('',(2.34E0,-4.225E0,-1.6E0));
#2541=LINE('',#2540,#2539);
#2542=DIRECTION('',(1.E0,0.E0,0.E0));
#2543=VECTOR('',#2542,3.2E-1);
#2544=CARTESIAN_POINT('',(2.34E0,-4.025E0,-1.8E0));
#2545=LINE('',#2544,#2543);
#2546=DIRECTION('',(1.E0,0.E0,0.E0));
#2547=VECTOR('',#2546,3.2E-1);
#2548=CARTESIAN_POINT('',(2.34E0,-3.625E0,-1.8E0));
#2549=LINE('',#2548,#2547);
#2550=DIRECTION('',(1.E0,0.E0,0.E0));
#2551=VECTOR('',#2550,3.2E-1);
#2552=CARTESIAN_POINT('',(2.34E0,-3.425E0,-1.6E0));
#2553=LINE('',#2552,#2551);
#2554=DIRECTION('',(-1.E0,0.E0,0.E0));
#2555=VECTOR('',#2554,3.2E-1);
#2556=CARTESIAN_POINT('',(2.66E0,-3.425E0,-1.125E0));
#2557=LINE('',#2556,#2555);
#2558=DIRECTION('',(0.E0,1.E0,0.E0));
#2559=VECTOR('',#2558,1.000000000001E-1);
#2560=CARTESIAN_POINT('',(1.41E0,-3.225E0,-9.25E-1));
#2561=LINE('',#2560,#2559);
#2562=CARTESIAN_POINT('',(1.41E0,-3.225E0,-1.125E0));
#2563=DIRECTION('',(-1.E0,0.E0,0.E0));
#2564=DIRECTION('',(0.E0,-1.E0,0.E0));
#2565=AXIS2_PLACEMENT_3D('',#2562,#2563,#2564);
#2567=DIRECTION('',(0.E0,0.E0,1.E0));
#2568=VECTOR('',#2567,4.75E-1);
#2569=CARTESIAN_POINT('',(1.41E0,-3.425E0,-1.6E0));
#2570=LINE('',#2569,#2568);
#2571=DIRECTION('',(0.E0,7.071067811864E-1,7.071067811867E-1));
#2572=VECTOR('',#2571,2.828427124746E-1);
#2573=CARTESIAN_POINT('',(1.41E0,-3.625E0,-1.8E0));
#2574=LINE('',#2573,#2572);
#2575=DIRECTION('',(0.E0,1.E0,0.E0));
#2576=VECTOR('',#2575,4.E-1);
#2577=CARTESIAN_POINT('',(1.41E0,-4.025E0,-1.8E0));
#2578=LINE('',#2577,#2576);
#2579=DIRECTION('',(0.E0,7.071067811867E-1,-7.071067811864E-1));
#2580=VECTOR('',#2579,2.828427124746E-1);
#2581=CARTESIAN_POINT('',(1.41E0,-4.225E0,-1.6E0));
#2582=LINE('',#2581,#2580);
#2583=DIRECTION('',(0.E0,0.E0,-1.E0));
#2584=VECTOR('',#2583,3.000000000001E-1);
#2585=CARTESIAN_POINT('',(1.41E0,-4.225E0,-1.3E0));
#2586=LINE('',#2585,#2584);
#2587=DIRECTION('',(0.E0,-1.E0,0.E0));
#2588=VECTOR('',#2587,3.E-1);
#2589=CARTESIAN_POINT('',(1.41E0,-3.925E0,-1.3E0));
#2590=LINE('',#2589,#2588);
#2591=DIRECTION('',(0.E0,0.E0,-1.E0));
#2592=VECTOR('',#2591,7.25E-1);
#2593=CARTESIAN_POINT('',(1.41E0,-3.925E0,-5.75E-1));
#2594=LINE('',#2593,#2592);
#2595=CARTESIAN_POINT('',(1.41E0,-3.775E0,-5.75E-1));
#2596=DIRECTION('',(1.E0,0.E0,0.E0));
#2597=DIRECTION('',(0.E0,0.E0,1.E0));
#2598=AXIS2_PLACEMENT_3D('',#2595,#2596,#2597);
#2600=DIRECTION('',(0.E0,-1.E0,0.E0));
#2601=VECTOR('',#2600,6.5E-1);
#2602=CARTESIAN_POINT('',(1.41E0,-3.125E0,-4.25E-1));
#2603=LINE('',#2602,#2601);
#2604=DIRECTION('',(-1.E0,0.E0,0.E0));
#2605=VECTOR('',#2604,3.2E-1);
#2606=CARTESIAN_POINT('',(1.41E0,-3.225E0,-9.25E-1));
#2607=LINE('',#2606,#2605);
#2608=DIRECTION('',(0.E0,-1.E0,0.E0));
#2609=VECTOR('',#2608,6.5E-1);
#2610=CARTESIAN_POINT('',(1.09E0,-3.125E0,-4.25E-1));
#2611=LINE('',#2610,#2609);
#2612=CARTESIAN_POINT('',(1.09E0,-3.775E0,-5.75E-1));
#2613=DIRECTION('',(1.E0,0.E0,0.E0));
#2614=DIRECTION('',(0.E0,0.E0,1.E0));
#2615=AXIS2_PLACEMENT_3D('',#2612,#2613,#2614);
#2617=DIRECTION('',(0.E0,0.E0,-1.E0));
#2618=VECTOR('',#2617,7.25E-1);
#2619=CARTESIAN_POINT('',(1.09E0,-3.925E0,-5.75E-1));
#2620=LINE('',#2619,#2618);
#2621=DIRECTION('',(0.E0,-1.E0,0.E0));
#2622=VECTOR('',#2621,3.E-1);
#2623=CARTESIAN_POINT('',(1.09E0,-3.925E0,-1.3E0));
#2624=LINE('',#2623,#2622);
#2625=DIRECTION('',(0.E0,0.E0,-1.E0));
#2626=VECTOR('',#2625,3.000000000001E-1);
#2627=CARTESIAN_POINT('',(1.09E0,-4.225E0,-1.3E0));
#2628=LINE('',#2627,#2626);
#2629=DIRECTION('',(0.E0,7.071067811867E-1,-7.071067811864E-1));
#2630=VECTOR('',#2629,2.828427124746E-1);
#2631=CARTESIAN_POINT('',(1.09E0,-4.225E0,-1.6E0));
#2632=LINE('',#2631,#2630);
#2633=DIRECTION('',(0.E0,1.E0,0.E0));
#2634=VECTOR('',#2633,4.E-1);
#2635=CARTESIAN_POINT('',(1.09E0,-4.025E0,-1.8E0));
#2636=LINE('',#2635,#2634);
#2637=DIRECTION('',(0.E0,7.071067811864E-1,7.071067811867E-1));
#2638=VECTOR('',#2637,2.828427124746E-1);
#2639=CARTESIAN_POINT('',(1.09E0,-3.625E0,-1.8E0));
#2640=LINE('',#2639,#2638);
#2641=DIRECTION('',(0.E0,0.E0,1.E0));
#2642=VECTOR('',#2641,4.75E-1);
#2643=CARTESIAN_POINT('',(1.09E0,-3.425E0,-1.6E0));
#2644=LINE('',#2643,#2642);
#2645=CARTESIAN_POINT('',(1.09E0,-3.225E0,-1.125E0));
#2646=DIRECTION('',(-1.E0,0.E0,0.E0));
#2647=DIRECTION('',(0.E0,-1.E0,0.E0));
#2648=AXIS2_PLACEMENT_3D('',#2645,#2646,#2647);
#2650=DIRECTION('',(0.E0,1.E0,0.E0));
#2651=VECTOR('',#2650,1.000000000001E-1);
#2652=CARTESIAN_POINT('',(1.09E0,-3.225E0,-9.25E-1));
#2653=LINE('',#2652,#2651);
#2654=DIRECTION('',(-1.E0,0.E0,0.E0));
#2655=VECTOR('',#2654,3.2E-1);
#2656=CARTESIAN_POINT('',(1.41E0,-3.775E0,-4.25E-1));
#2657=LINE('',#2656,#2655);
#2658=DIRECTION('',(-1.E0,0.E0,0.E0));
#2659=VECTOR('',#2658,3.2E-1);
#2660=CARTESIAN_POINT('',(1.41E0,-3.925E0,-5.75E-1));
#2661=LINE('',#2660,#2659);
#2662=DIRECTION('',(-1.E0,0.E0,0.E0));
#2663=VECTOR('',#2662,3.2E-1);
#2664=CARTESIAN_POINT('',(1.41E0,-3.925E0,-1.3E0));
#2665=LINE('',#2664,#2663);
#2666=DIRECTION('',(-1.E0,0.E0,0.E0));
#2667=VECTOR('',#2666,3.2E-1);
#2668=CARTESIAN_POINT('',(1.41E0,-4.225E0,-1.3E0));
#2669=LINE('',#2668,#2667);
#2670=DIRECTION('',(-1.E0,0.E0,0.E0));
#2671=VECTOR('',#2670,3.2E-1);
#2672=CARTESIAN_POINT('',(1.41E0,-4.225E0,-1.6E0));
#2673=LINE('',#2672,#2671);
#2674=DIRECTION('',(-1.E0,0.E0,0.E0));
#2675=VECTOR('',#2674,3.2E-1);
#2676=CARTESIAN_POINT('',(1.41E0,-4.025E0,-1.8E0));
#2677=LINE('',#2676,#2675);
#2678=DIRECTION('',(-1.E0,0.E0,0.E0));
#2679=VECTOR('',#2678,3.2E-1);
#2680=CARTESIAN_POINT('',(1.41E0,-3.625E0,-1.8E0));
#2681=LINE('',#2680,#2679);
#2682=DIRECTION('',(-1.E0,0.E0,0.E0));
#2683=VECTOR('',#2682,3.2E-1);
#2684=CARTESIAN_POINT('',(1.41E0,-3.425E0,-1.6E0));
#2685=LINE('',#2684,#2683);
#2686=DIRECTION('',(-1.E0,0.E0,0.E0));
#2687=VECTOR('',#2686,3.2E-1);
#2688=CARTESIAN_POINT('',(1.41E0,-3.425E0,-1.125E0));
#2689=LINE('',#2688,#2687);
#2690=DIRECTION('',(0.E0,1.E0,0.E0));
#2691=VECTOR('',#2690,1.000000000001E-1);
#2692=CARTESIAN_POINT('',(1.6E-1,-3.225E0,-9.25E-1));
#2693=LINE('',#2692,#2691);
#2694=CARTESIAN_POINT('',(1.6E-1,-3.225E0,-1.125E0));
#2695=DIRECTION('',(-1.E0,0.E0,0.E0));
#2696=DIRECTION('',(0.E0,-1.E0,0.E0));
#2697=AXIS2_PLACEMENT_3D('',#2694,#2695,#2696);
#2699=DIRECTION('',(0.E0,0.E0,1.E0));
#2700=VECTOR('',#2699,4.75E-1);
#2701=CARTESIAN_POINT('',(1.6E-1,-3.425E0,-1.6E0));
#2702=LINE('',#2701,#2700);
#2703=DIRECTION('',(0.E0,7.071067811864E-1,7.071067811867E-1));
#2704=VECTOR('',#2703,2.828427124746E-1);
#2705=CARTESIAN_POINT('',(1.6E-1,-3.625E0,-1.8E0));
#2706=LINE('',#2705,#2704);
#2707=DIRECTION('',(0.E0,1.E0,0.E0));
#2708=VECTOR('',#2707,4.E-1);
#2709=CARTESIAN_POINT('',(1.6E-1,-4.025E0,-1.8E0));
#2710=LINE('',#2709,#2708);
#2711=DIRECTION('',(0.E0,7.071067811867E-1,-7.071067811864E-1));
#2712=VECTOR('',#2711,2.828427124746E-1);
#2713=CARTESIAN_POINT('',(1.6E-1,-4.225E0,-1.6E0));
#2714=LINE('',#2713,#2712);
#2715=DIRECTION('',(0.E0,0.E0,-1.E0));
#2716=VECTOR('',#2715,3.000000000001E-1);
#2717=CARTESIAN_POINT('',(1.6E-1,-4.225E0,-1.3E0));
#2718=LINE('',#2717,#2716);
#2719=DIRECTION('',(0.E0,-1.E0,0.E0));
#2720=VECTOR('',#2719,3.E-1);
#2721=CARTESIAN_POINT('',(1.6E-1,-3.925E0,-1.3E0));
#2722=LINE('',#2721,#2720);
#2723=DIRECTION('',(0.E0,0.E0,-1.E0));
#2724=VECTOR('',#2723,7.25E-1);
#2725=CARTESIAN_POINT('',(1.6E-1,-3.925E0,-5.75E-1));
#2726=LINE('',#2725,#2724);
#2727=CARTESIAN_POINT('',(1.6E-1,-3.775E0,-5.75E-1));
#2728=DIRECTION('',(1.E0,0.E0,0.E0));
#2729=DIRECTION('',(0.E0,0.E0,1.E0));
#2730=AXIS2_PLACEMENT_3D('',#2727,#2728,#2729);
#2732=DIRECTION('',(0.E0,-1.E0,0.E0));
#2733=VECTOR('',#2732,6.5E-1);
#2734=CARTESIAN_POINT('',(1.6E-1,-3.125E0,-4.25E-1));
#2735=LINE('',#2734,#2733);
#2736=DIRECTION('',(-1.E0,0.E0,0.E0));
#2737=VECTOR('',#2736,3.2E-1);
#2738=CARTESIAN_POINT('',(1.6E-1,-3.225E0,-9.25E-1));
#2739=LINE('',#2738,#2737);
#2740=DIRECTION('',(0.E0,-1.E0,0.E0));
#2741=VECTOR('',#2740,6.5E-1);
#2742=CARTESIAN_POINT('',(-1.6E-1,-3.125E0,-4.25E-1));
#2743=LINE('',#2742,#2741);
#2744=CARTESIAN_POINT('',(-1.6E-1,-3.775E0,-5.75E-1));
#2745=DIRECTION('',(1.E0,0.E0,0.E0));
#2746=DIRECTION('',(0.E0,0.E0,1.E0));
#2747=AXIS2_PLACEMENT_3D('',#2744,#2745,#2746);
#2749=DIRECTION('',(0.E0,0.E0,-1.E0));
#2750=VECTOR('',#2749,7.25E-1);
#2751=CARTESIAN_POINT('',(-1.6E-1,-3.925E0,-5.75E-1));
#2752=LINE('',#2751,#2750);
#2753=DIRECTION('',(0.E0,-1.E0,0.E0));
#2754=VECTOR('',#2753,3.E-1);
#2755=CARTESIAN_POINT('',(-1.6E-1,-3.925E0,-1.3E0));
#2756=LINE('',#2755,#2754);
#2757=DIRECTION('',(0.E0,0.E0,-1.E0));
#2758=VECTOR('',#2757,3.000000000001E-1);
#2759=CARTESIAN_POINT('',(-1.6E-1,-4.225E0,-1.3E0));
#2760=LINE('',#2759,#2758);
#2761=DIRECTION('',(0.E0,7.071067811867E-1,-7.071067811864E-1));
#2762=VECTOR('',#2761,2.828427124746E-1);
#2763=CARTESIAN_POINT('',(-1.6E-1,-4.225E0,-1.6E0));
#2764=LINE('',#2763,#2762);
#2765=DIRECTION('',(0.E0,1.E0,0.E0));
#2766=VECTOR('',#2765,4.E-1);
#2767=CARTESIAN_POINT('',(-1.6E-1,-4.025E0,-1.8E0));
#2768=LINE('',#2767,#2766);
#2769=DIRECTION('',(0.E0,7.071067811864E-1,7.071067811867E-1));
#2770=VECTOR('',#2769,2.828427124746E-1);
#2771=CARTESIAN_POINT('',(-1.6E-1,-3.625E0,-1.8E0));
#2772=LINE('',#2771,#2770);
#2773=DIRECTION('',(0.E0,0.E0,1.E0));
#2774=VECTOR('',#2773,4.75E-1);
#2775=CARTESIAN_POINT('',(-1.6E-1,-3.425E0,-1.6E0));
#2776=LINE('',#2775,#2774);
#2777=CARTESIAN_POINT('',(-1.6E-1,-3.225E0,-1.125E0));
#2778=DIRECTION('',(-1.E0,0.E0,0.E0));
#2779=DIRECTION('',(0.E0,-1.E0,0.E0));
#2780=AXIS2_PLACEMENT_3D('',#2777,#2778,#2779);
#2782=DIRECTION('',(0.E0,1.E0,0.E0));
#2783=VECTOR('',#2782,1.000000000001E-1);
#2784=CARTESIAN_POINT('',(-1.6E-1,-3.225E0,-9.25E-1));
#2785=LINE('',#2784,#2783);
#2786=DIRECTION('',(-1.E0,0.E0,0.E0));
#2787=VECTOR('',#2786,3.2E-1);
#2788=CARTESIAN_POINT('',(1.6E-1,-3.775E0,-4.25E-1));
#2789=LINE('',#2788,#2787);
#2790=DIRECTION('',(-1.E0,0.E0,0.E0));
#2791=VECTOR('',#2790,3.2E-1);
#2792=CARTESIAN_POINT('',(1.6E-1,-3.925E0,-5.75E-1));
#2793=LINE('',#2792,#2791);
#2794=DIRECTION('',(-1.E0,0.E0,0.E0));
#2795=VECTOR('',#2794,3.2E-1);
#2796=CARTESIAN_POINT('',(1.6E-1,-3.925E0,-1.3E0));
#2797=LINE('',#2796,#2795);
#2798=DIRECTION('',(-1.E0,0.E0,0.E0));
#2799=VECTOR('',#2798,3.2E-1);
#2800=CARTESIAN_POINT('',(1.6E-1,-4.225E0,-1.3E0));
#2801=LINE('',#2800,#2799);
#2802=DIRECTION('',(-1.E0,0.E0,0.E0));
#2803=VECTOR('',#2802,3.2E-1);
#2804=CARTESIAN_POINT('',(1.6E-1,-4.225E0,-1.6E0));
#2805=LINE('',#2804,#2803);
#2806=DIRECTION('',(-1.E0,0.E0,0.E0));
#2807=VECTOR('',#2806,3.2E-1);
#2808=CARTESIAN_POINT('',(1.6E-1,-4.025E0,-1.8E0));
#2809=LINE('',#2808,#2807);
#2810=DIRECTION('',(-1.E0,0.E0,0.E0));
#2811=VECTOR('',#2810,3.2E-1);
#2812=CARTESIAN_POINT('',(1.6E-1,-3.625E0,-1.8E0));
#2813=LINE('',#2812,#2811);
#2814=DIRECTION('',(-1.E0,0.E0,0.E0));
#2815=VECTOR('',#2814,3.2E-1);
#2816=CARTESIAN_POINT('',(1.6E-1,-3.425E0,-1.6E0));
#2817=LINE('',#2816,#2815);
#2818=DIRECTION('',(-1.E0,0.E0,0.E0));
#2819=VECTOR('',#2818,3.2E-1);
#2820=CARTESIAN_POINT('',(1.6E-1,-3.425E0,-1.125E0));
#2821=LINE('',#2820,#2819);
#2822=DIRECTION('',(0.E0,1.E0,0.E0));
#2823=VECTOR('',#2822,1.000000000001E-1);
#2824=CARTESIAN_POINT('',(-1.09E0,-3.225E0,-9.25E-1));
#2825=LINE('',#2824,#2823);
#2826=CARTESIAN_POINT('',(-1.09E0,-3.225E0,-1.125E0));
#2827=DIRECTION('',(-1.E0,0.E0,0.E0));
#2828=DIRECTION('',(0.E0,-1.E0,0.E0));
#2829=AXIS2_PLACEMENT_3D('',#2826,#2827,#2828);
#2831=DIRECTION('',(0.E0,0.E0,1.E0));
#2832=VECTOR('',#2831,4.75E-1);
#2833=CARTESIAN_POINT('',(-1.09E0,-3.425E0,-1.6E0));
#2834=LINE('',#2833,#2832);
#2835=DIRECTION('',(0.E0,7.071067811864E-1,7.071067811867E-1));
#2836=VECTOR('',#2835,2.828427124746E-1);
#2837=CARTESIAN_POINT('',(-1.09E0,-3.625E0,-1.8E0));
#2838=LINE('',#2837,#2836);
#2839=DIRECTION('',(0.E0,1.E0,0.E0));
#2840=VECTOR('',#2839,4.E-1);
#2841=CARTESIAN_POINT('',(-1.09E0,-4.025E0,-1.8E0));
#2842=LINE('',#2841,#2840);
#2843=DIRECTION('',(0.E0,7.071067811867E-1,-7.071067811864E-1));
#2844=VECTOR('',#2843,2.828427124746E-1);
#2845=CARTESIAN_POINT('',(-1.09E0,-4.225E0,-1.6E0));
#2846=LINE('',#2845,#2844);
#2847=DIRECTION('',(0.E0,0.E0,-1.E0));
#2848=VECTOR('',#2847,3.000000000001E-1);
#2849=CARTESIAN_POINT('',(-1.09E0,-4.225E0,-1.3E0));
#2850=LINE('',#2849,#2848);
#2851=DIRECTION('',(0.E0,-1.E0,0.E0));
#2852=VECTOR('',#2851,3.E-1);
#2853=CARTESIAN_POINT('',(-1.09E0,-3.925E0,-1.3E0));
#2854=LINE('',#2853,#2852);
#2855=DIRECTION('',(0.E0,0.E0,-1.E0));
#2856=VECTOR('',#2855,7.25E-1);
#2857=CARTESIAN_POINT('',(-1.09E0,-3.925E0,-5.75E-1));
#2858=LINE('',#2857,#2856);
#2859=CARTESIAN_POINT('',(-1.09E0,-3.775E0,-5.75E-1));
#2860=DIRECTION('',(1.E0,0.E0,0.E0));
#2861=DIRECTION('',(0.E0,0.E0,1.E0));
#2862=AXIS2_PLACEMENT_3D('',#2859,#2860,#2861);
#2864=DIRECTION('',(0.E0,-1.E0,0.E0));
#2865=VECTOR('',#2864,6.5E-1);
#2866=CARTESIAN_POINT('',(-1.09E0,-3.125E0,-4.25E-1));
#2867=LINE('',#2866,#2865);
#2868=DIRECTION('',(-1.E0,0.E0,0.E0));
#2869=VECTOR('',#2868,3.2E-1);
#2870=CARTESIAN_POINT('',(-1.09E0,-3.225E0,-9.25E-1));
#2871=LINE('',#2870,#2869);
#2872=DIRECTION('',(0.E0,-1.E0,0.E0));
#2873=VECTOR('',#2872,6.5E-1);
#2874=CARTESIAN_POINT('',(-1.41E0,-3.125E0,-4.25E-1));
#2875=LINE('',#2874,#2873);
#2876=CARTESIAN_POINT('',(-1.41E0,-3.775E0,-5.75E-1));
#2877=DIRECTION('',(1.E0,0.E0,0.E0));
#2878=DIRECTION('',(0.E0,0.E0,1.E0));
#2879=AXIS2_PLACEMENT_3D('',#2876,#2877,#2878);
#2881=DIRECTION('',(0.E0,0.E0,-1.E0));
#2882=VECTOR('',#2881,7.25E-1);
#2883=CARTESIAN_POINT('',(-1.41E0,-3.925E0,-5.75E-1));
#2884=LINE('',#2883,#2882);
#2885=DIRECTION('',(0.E0,-1.E0,0.E0));
#2886=VECTOR('',#2885,3.E-1);
#2887=CARTESIAN_POINT('',(-1.41E0,-3.925E0,-1.3E0));
#2888=LINE('',#2887,#2886);
#2889=DIRECTION('',(0.E0,0.E0,-1.E0));
#2890=VECTOR('',#2889,3.000000000001E-1);
#2891=CARTESIAN_POINT('',(-1.41E0,-4.225E0,-1.3E0));
#2892=LINE('',#2891,#2890);
#2893=DIRECTION('',(0.E0,7.071067811867E-1,-7.071067811864E-1));
#2894=VECTOR('',#2893,2.828427124746E-1);
#2895=CARTESIAN_POINT('',(-1.41E0,-4.225E0,-1.6E0));
#2896=LINE('',#2895,#2894);
#2897=DIRECTION('',(0.E0,1.E0,0.E0));
#2898=VECTOR('',#2897,4.E-1);
#2899=CARTESIAN_POINT('',(-1.41E0,-4.025E0,-1.8E0));
#2900=LINE('',#2899,#2898);
#2901=DIRECTION('',(0.E0,7.071067811864E-1,7.071067811867E-1));
#2902=VECTOR('',#2901,2.828427124746E-1);
#2903=CARTESIAN_POINT('',(-1.41E0,-3.625E0,-1.8E0));
#2904=LINE('',#2903,#2902);
#2905=DIRECTION('',(0.E0,0.E0,1.E0));
#2906=VECTOR('',#2905,4.75E-1);
#2907=CARTESIAN_POINT('',(-1.41E0,-3.425E0,-1.6E0));
#2908=LINE('',#2907,#2906);
#2909=CARTESIAN_POINT('',(-1.41E0,-3.225E0,-1.125E0));
#2910=DIRECTION('',(-1.E0,0.E0,0.E0));
#2911=DIRECTION('',(0.E0,-1.E0,0.E0));
#2912=AXIS2_PLACEMENT_3D('',#2909,#2910,#2911);
#2914=DIRECTION('',(0.E0,1.E0,0.E0));
#2915=VECTOR('',#2914,1.000000000001E-1);
#2916=CARTESIAN_POINT('',(-1.41E0,-3.225E0,-9.25E-1));
#2917=LINE('',#2916,#2915);
#2918=DIRECTION('',(-1.E0,0.E0,0.E0));
#2919=VECTOR('',#2918,3.2E-1);
#2920=CARTESIAN_POINT('',(-1.09E0,-3.775E0,-4.25E-1));
#2921=LINE('',#2920,#2919);
#2922=DIRECTION('',(-1.E0,0.E0,0.E0));
#2923=VECTOR('',#2922,3.2E-1);
#2924=CARTESIAN_POINT('',(-1.09E0,-3.925E0,-5.75E-1));
#2925=LINE('',#2924,#2923);
#2926=DIRECTION('',(-1.E0,0.E0,0.E0));
#2927=VECTOR('',#2926,3.2E-1);
#2928=CARTESIAN_POINT('',(-1.09E0,-3.925E0,-1.3E0));
#2929=LINE('',#2928,#2927);
#2930=DIRECTION('',(-1.E0,0.E0,0.E0));
#2931=VECTOR('',#2930,3.2E-1);
#2932=CARTESIAN_POINT('',(-1.09E0,-4.225E0,-1.3E0));
#2933=LINE('',#2932,#2931);
#2934=DIRECTION('',(-1.E0,0.E0,0.E0));
#2935=VECTOR('',#2934,3.2E-1);
#2936=CARTESIAN_POINT('',(-1.09E0,-4.225E0,-1.6E0));
#2937=LINE('',#2936,#2935);
#2938=DIRECTION('',(-1.E0,0.E0,0.E0));
#2939=VECTOR('',#2938,3.2E-1);
#2940=CARTESIAN_POINT('',(-1.09E0,-4.025E0,-1.8E0));
#2941=LINE('',#2940,#2939);
#2942=DIRECTION('',(-1.E0,0.E0,0.E0));
#2943=VECTOR('',#2942,3.2E-1);
#2944=CARTESIAN_POINT('',(-1.09E0,-3.625E0,-1.8E0));
#2945=LINE('',#2944,#2943);
#2946=DIRECTION('',(-1.E0,0.E0,0.E0));
#2947=VECTOR('',#2946,3.2E-1);
#2948=CARTESIAN_POINT('',(-1.09E0,-3.425E0,-1.6E0));
#2949=LINE('',#2948,#2947);
#2950=DIRECTION('',(-1.E0,0.E0,0.E0));
#2951=VECTOR('',#2950,3.2E-1);
#2952=CARTESIAN_POINT('',(-1.09E0,-3.425E0,-1.125E0));
#2953=LINE('',#2952,#2951);
#2954=DIRECTION('',(0.E0,1.E0,0.E0));
#2955=VECTOR('',#2954,1.000000000001E-1);
#2956=CARTESIAN_POINT('',(-2.34E0,-3.225E0,-9.25E-1));
#2957=LINE('',#2956,#2955);
#2958=CARTESIAN_POINT('',(-2.34E0,-3.225E0,-1.125E0));
#2959=DIRECTION('',(-1.E0,0.E0,0.E0));
#2960=DIRECTION('',(0.E0,-1.E0,0.E0));
#2961=AXIS2_PLACEMENT_3D('',#2958,#2959,#2960);
#2963=DIRECTION('',(0.E0,0.E0,1.E0));
#2964=VECTOR('',#2963,4.75E-1);
#2965=CARTESIAN_POINT('',(-2.34E0,-3.425E0,-1.6E0));
#2966=LINE('',#2965,#2964);
#2967=DIRECTION('',(0.E0,7.071067811864E-1,7.071067811867E-1));
#2968=VECTOR('',#2967,2.828427124746E-1);
#2969=CARTESIAN_POINT('',(-2.34E0,-3.625E0,-1.8E0));
#2970=LINE('',#2969,#2968);
#2971=DIRECTION('',(0.E0,1.E0,0.E0));
#2972=VECTOR('',#2971,4.E-1);
#2973=CARTESIAN_POINT('',(-2.34E0,-4.025E0,-1.8E0));
#2974=LINE('',#2973,#2972);
#2975=DIRECTION('',(0.E0,7.071067811867E-1,-7.071067811864E-1));
#2976=VECTOR('',#2975,2.828427124746E-1);
#2977=CARTESIAN_POINT('',(-2.34E0,-4.225E0,-1.6E0));
#2978=LINE('',#2977,#2976);
#2979=DIRECTION('',(0.E0,0.E0,-1.E0));
#2980=VECTOR('',#2979,3.000000000001E-1);
#2981=CARTESIAN_POINT('',(-2.34E0,-4.225E0,-1.3E0));
#2982=LINE('',#2981,#2980);
#2983=DIRECTION('',(0.E0,-1.E0,0.E0));
#2984=VECTOR('',#2983,3.E-1);
#2985=CARTESIAN_POINT('',(-2.34E0,-3.925E0,-1.3E0));
#2986=LINE('',#2985,#2984);
#2987=DIRECTION('',(0.E0,0.E0,-1.E0));
#2988=VECTOR('',#2987,7.25E-1);
#2989=CARTESIAN_POINT('',(-2.34E0,-3.925E0,-5.75E-1));
#2990=LINE('',#2989,#2988);
#2991=CARTESIAN_POINT('',(-2.34E0,-3.775E0,-5.75E-1));
#2992=DIRECTION('',(1.E0,0.E0,0.E0));
#2993=DIRECTION('',(0.E0,0.E0,1.E0));
#2994=AXIS2_PLACEMENT_3D('',#2991,#2992,#2993);
#2996=DIRECTION('',(0.E0,-1.E0,0.E0));
#2997=VECTOR('',#2996,6.5E-1);
#2998=CARTESIAN_POINT('',(-2.34E0,-3.125E0,-4.25E-1));
#2999=LINE('',#2998,#2997);
#3000=DIRECTION('',(-1.E0,0.E0,0.E0));
#3001=VECTOR('',#3000,3.2E-1);
#3002=CARTESIAN_POINT('',(-2.34E0,-3.225E0,-9.25E-1));
#3003=LINE('',#3002,#3001);
#3004=DIRECTION('',(0.E0,-1.E0,0.E0));
#3005=VECTOR('',#3004,6.5E-1);
#3006=CARTESIAN_POINT('',(-2.66E0,-3.125E0,-4.25E-1));
#3007=LINE('',#3006,#3005);
#3008=CARTESIAN_POINT('',(-2.66E0,-3.775E0,-5.75E-1));
#3009=DIRECTION('',(1.E0,0.E0,0.E0));
#3010=DIRECTION('',(0.E0,0.E0,1.E0));
#3011=AXIS2_PLACEMENT_3D('',#3008,#3009,#3010);
#3013=DIRECTION('',(0.E0,0.E0,-1.E0));
#3014=VECTOR('',#3013,7.25E-1);
#3015=CARTESIAN_POINT('',(-2.66E0,-3.925E0,-5.75E-1));
#3016=LINE('',#3015,#3014);
#3017=DIRECTION('',(0.E0,-1.E0,0.E0));
#3018=VECTOR('',#3017,3.E-1);
#3019=CARTESIAN_POINT('',(-2.66E0,-3.925E0,-1.3E0));
#3020=LINE('',#3019,#3018);
#3021=DIRECTION('',(0.E0,0.E0,-1.E0));
#3022=VECTOR('',#3021,3.000000000001E-1);
#3023=CARTESIAN_POINT('',(-2.66E0,-4.225E0,-1.3E0));
#3024=LINE('',#3023,#3022);
#3025=DIRECTION('',(0.E0,7.071067811867E-1,-7.071067811864E-1));
#3026=VECTOR('',#3025,2.828427124746E-1);
#3027=CARTESIAN_POINT('',(-2.66E0,-4.225E0,-1.6E0));
#3028=LINE('',#3027,#3026);
#3029=DIRECTION('',(0.E0,1.E0,0.E0));
#3030=VECTOR('',#3029,4.E-1);
#3031=CARTESIAN_POINT('',(-2.66E0,-4.025E0,-1.8E0));
#3032=LINE('',#3031,#3030);
#3033=DIRECTION('',(0.E0,7.071067811864E-1,7.071067811867E-1));
#3034=VECTOR('',#3033,2.828427124746E-1);
#3035=CARTESIAN_POINT('',(-2.66E0,-3.625E0,-1.8E0));
#3036=LINE('',#3035,#3034);
#3037=DIRECTION('',(0.E0,0.E0,1.E0));
#3038=VECTOR('',#3037,4.75E-1);
#3039=CARTESIAN_POINT('',(-2.66E0,-3.425E0,-1.6E0));
#3040=LINE('',#3039,#3038);
#3041=CARTESIAN_POINT('',(-2.66E0,-3.225E0,-1.125E0));
#3042=DIRECTION('',(-1.E0,0.E0,0.E0));
#3043=DIRECTION('',(0.E0,-1.E0,0.E0));
#3044=AXIS2_PLACEMENT_3D('',#3041,#3042,#3043);
#3046=DIRECTION('',(0.E0,1.E0,0.E0));
#3047=VECTOR('',#3046,1.000000000001E-1);
#3048=CARTESIAN_POINT('',(-2.66E0,-3.225E0,-9.25E-1));
#3049=LINE('',#3048,#3047);
#3050=DIRECTION('',(-1.E0,0.E0,0.E0));
#3051=VECTOR('',#3050,3.2E-1);
#3052=CARTESIAN_POINT('',(-2.34E0,-3.775E0,-4.25E-1));
#3053=LINE('',#3052,#3051);
#3054=DIRECTION('',(-1.E0,0.E0,0.E0));
#3055=VECTOR('',#3054,3.2E-1);
#3056=CARTESIAN_POINT('',(-2.34E0,-3.925E0,-5.75E-1));
#3057=LINE('',#3056,#3055);
#3058=DIRECTION('',(-1.E0,0.E0,0.E0));
#3059=VECTOR('',#3058,3.2E-1);
#3060=CARTESIAN_POINT('',(-2.34E0,-3.925E0,-1.3E0));
#3061=LINE('',#3060,#3059);
#3062=DIRECTION('',(-1.E0,0.E0,0.E0));
#3063=VECTOR('',#3062,3.2E-1);
#3064=CARTESIAN_POINT('',(-2.34E0,-4.225E0,-1.3E0));
#3065=LINE('',#3064,#3063);
#3066=DIRECTION('',(-1.E0,0.E0,0.E0));
#3067=VECTOR('',#3066,3.2E-1);
#3068=CARTESIAN_POINT('',(-2.34E0,-4.225E0,-1.6E0));
#3069=LINE('',#3068,#3067);
#3070=DIRECTION('',(-1.E0,0.E0,0.E0));
#3071=VECTOR('',#3070,3.2E-1);
#3072=CARTESIAN_POINT('',(-2.34E0,-4.025E0,-1.8E0));
#3073=LINE('',#3072,#3071);
#3074=DIRECTION('',(-1.E0,0.E0,0.E0));
#3075=VECTOR('',#3074,3.2E-1);
#3076=CARTESIAN_POINT('',(-2.34E0,-3.625E0,-1.8E0));
#3077=LINE('',#3076,#3075);
#3078=DIRECTION('',(-1.E0,0.E0,0.E0));
#3079=VECTOR('',#3078,3.2E-1);
#3080=CARTESIAN_POINT('',(-2.34E0,-3.425E0,-1.6E0));
#3081=LINE('',#3080,#3079);
#3082=DIRECTION('',(-1.E0,0.E0,0.E0));
#3083=VECTOR('',#3082,3.2E-1);
#3084=CARTESIAN_POINT('',(-2.34E0,-3.425E0,-1.125E0));
#3085=LINE('',#3084,#3083);
#3086=DIRECTION('',(0.E0,1.E0,-1.110223024625E-14));
#3087=VECTOR('',#3086,1.E-2);
#3088=CARTESIAN_POINT('',(3.35E0,-3.125E0,-5.E-1));
#3089=LINE('',#3088,#3087);
#3090=DIRECTION('',(0.E0,1.E0,0.E0));
#3091=VECTOR('',#3090,1.E-2);
#3092=CARTESIAN_POINT('',(3.425E0,-3.125E0,-5.E-1));
#3093=LINE('',#3092,#3091);
#3094=DIRECTION('',(0.E0,1.E0,-2.220446049250E-14));
#3095=VECTOR('',#3094,1.E-2);
#3096=CARTESIAN_POINT('',(3.425E0,-3.125E0,-9.978723526001E-1));
#3097=LINE('',#3096,#3095);
#3098=DIRECTION('',(0.E0,1.E0,1.110223024625E-14));
#3099=VECTOR('',#3098,1.E-2);
#3100=CARTESIAN_POINT('',(3.5E0,-3.125E0,-9.085106253624E-1));
#3101=LINE('',#3100,#3099);
#3102=DIRECTION('',(0.E0,1.E0,0.E0));
#3103=VECTOR('',#3102,1.E-2);
#3104=CARTESIAN_POINT('',(3.5E0,-3.125E0,-1.010638308525E0));
#3105=LINE('',#3104,#3103);
#3106=DIRECTION('',(4.440892098501E-14,1.E0,2.220446049250E-14));
#3107=VECTOR('',#3106,1.E-2);
#3108=CARTESIAN_POINT('',(3.425E0,-3.125E0,-1.1E0));
#3109=LINE('',#3108,#3107);
#3110=DIRECTION('',(0.E0,1.E0,0.E0));
#3111=VECTOR('',#3110,1.E-2);
#3112=CARTESIAN_POINT('',(3.35E0,-3.125E0,-1.1E0));
#3113=LINE('',#3112,#3111);
#3114=DIRECTION('',(0.E0,0.E0,-1.E0));
#3115=VECTOR('',#3114,6.E-1);
#3116=CARTESIAN_POINT('',(3.35E0,-3.115E0,-5.E-1));
#3117=LINE('',#3116,#3115);
#3118=DIRECTION('',(-1.E0,0.E0,0.E0));
#3119=VECTOR('',#3118,7.5E-2);
#3120=CARTESIAN_POINT('',(3.425E0,-3.115E0,-5.E-1));
#3121=LINE('',#3120,#3119);
#3122=DIRECTION('',(0.E0,0.E0,1.E0));
#3123=VECTOR('',#3122,4.978723526001E-1);
#3124=CARTESIAN_POINT('',(3.425E0,-3.115E0,-9.978723526001E-1));
#3125=LINE('',#3124,#3123);
#3126=DIRECTION('',(-6.428711427642E-1,0.E0,-7.659743427825E-1));
#3127=VECTOR('',#3126,1.166641259981E-1);
#3128=CARTESIAN_POINT('',(3.5E0,-3.115E0,-9.085106253624E-1));
#3129=LINE('',#3128,#3127);
#3130=DIRECTION('',(0.E0,0.E0,1.E0));
#3131=VECTOR('',#3130,1.021276831627E-1);
#3132=CARTESIAN_POINT('',(3.5E0,-3.115E0,-1.010638308525E0));
#3133=LINE('',#3132,#3131);
#3134=DIRECTION('',(6.428712937139E-1,0.E0,7.659742160926E-1));
#3135=VECTOR('',#3134,1.166640986047E-1);
#3136=CARTESIAN_POINT('',(3.425E0,-3.115E0,-1.1E0));
#3137=LINE('',#3136,#3135);
#3138=DIRECTION('',(1.E0,0.E0,0.E0));
#3139=VECTOR('',#3138,7.5E-2);
#3140=CARTESIAN_POINT('',(3.35E0,-3.115E0,-1.1E0));
#3141=LINE('',#3140,#3139);
#3142=DIRECTION('',(0.E0,1.E0,0.E0));
#3143=VECTOR('',#3142,2.E-1);
#3144=CARTESIAN_POINT('',(-4.995E0,-2.225E0,-5.45E-1));
#3145=LINE('',#3144,#3143);
#3146=DIRECTION('',(0.E0,1.E0,0.E0));
#3147=VECTOR('',#3146,2.E0);
#3148=CARTESIAN_POINT('',(-4.995E0,-2.025E0,-5.45E-1));
#3149=LINE('',#3148,#3147);
#3150=DIRECTION('',(0.E0,0.E0,1.E0));
#3151=VECTOR('',#3150,2.5E-1);
#3152=CARTESIAN_POINT('',(-4.995E0,-2.5E-2,-5.45E-1));
#3153=LINE('',#3152,#3151);
#3154=DIRECTION('',(0.E0,1.E0,0.E0));
#3155=VECTOR('',#3154,2.E0);
#3156=CARTESIAN_POINT('',(-4.995E0,-2.025E0,-2.95E-1));
#3157=LINE('',#3156,#3155);
#3158=DIRECTION('',(-3.552713678801E-14,-1.776356839400E-14,1.E0));
#3159=VECTOR('',#3158,2.5E-2);
#3160=CARTESIAN_POINT('',(-4.995E0,-2.025E0,-2.95E-1));
#3161=LINE('',#3160,#3159);
#3162=DIRECTION('',(0.E0,1.E0,0.E0));
#3163=VECTOR('',#3162,2.1E0);
#3164=CARTESIAN_POINT('',(-4.995E0,-2.025E0,-5.7E-1));
#3165=LINE('',#3164,#3163);
#3166=DIRECTION('',(3.552713678801E-14,3.552713678801E-14,1.E0));
#3167=VECTOR('',#3166,2.5E-2);
#3168=CARTESIAN_POINT('',(-4.995E0,-2.025E0,-5.7E-1));
#3169=LINE('',#3168,#3167);
#3170=DIRECTION('',(0.E0,1.E0,0.E0));
#3171=VECTOR('',#3170,2.2E0);
#3172=CARTESIAN_POINT('',(-4.575E0,-2.225E0,-2.95E-1));
#3173=LINE('',#3172,#3171);
#3174=DIRECTION('',(0.E0,1.E0,0.E0));
#3175=VECTOR('',#3174,2.E-1);
#3176=CARTESIAN_POINT('',(-4.995E0,-2.225E0,-2.95E-1));
#3177=LINE('',#3176,#3175);
#3178=DIRECTION('',(0.E0,0.E0,-1.E0));
#3179=VECTOR('',#3178,2.5E-1);
#3180=CARTESIAN_POINT('',(-4.995E0,-2.025E0,-2.95E-1));
#3181=LINE('',#3180,#3179);
#3182=DIRECTION('',(-5.773502691896E-1,-5.773502691896E-1,5.773502691896E-1));
#3183=VECTOR('',#3182,3.464101615138E-1);
#3184=CARTESIAN_POINT('',(-4.995E0,-2.025E0,-2.7E-1));
#3185=LINE('',#3184,#3183);
#3186=DIRECTION('',(5.773502691896E-1,5.773502691896E-1,5.773502691896E-1));
#3187=VECTOR('',#3186,1.732050807569E-1);
#3188=CARTESIAN_POINT('',(-4.665E0,-2.225E0,-7.7E-1));
#3189=LINE('',#3188,#3187);
#3190=DIRECTION('',(-5.773502691896E-1,-5.773502691896E-1,-5.773502691896E-1));
#3191=VECTOR('',#3190,3.464101615138E-1);
#3192=CARTESIAN_POINT('',(-4.995E0,-2.025E0,-5.7E-1));
#3193=LINE('',#3192,#3191);
#3194=DIRECTION('',(0.E0,1.E0,0.E0));
#3195=VECTOR('',#3194,2.1E0);
#3196=CARTESIAN_POINT('',(-4.665E0,-2.025E0,-5.7E-1));
#3197=LINE('',#3196,#3195);
#3198=DIRECTION('',(-1.E0,0.E0,0.E0));
#3199=VECTOR('',#3198,3.3E-1);
#3200=CARTESIAN_POINT('',(-4.665E0,-2.025E0,-5.7E-1));
#3201=LINE('',#3200,#3199);
#3202=DIRECTION('',(0.E0,0.E0,-1.E0));
#3203=VECTOR('',#3202,5.5E-1);
#3204=CARTESIAN_POINT('',(-4.475E0,-2.035E0,-7.6E-1));
#3205=LINE('',#3204,#3203);
#3206=DIRECTION('',(5.773502691896E-1,5.773502691896E-1,-5.773502691896E-1));
#3207=VECTOR('',#3206,1.732050807569E-1);
#3208=CARTESIAN_POINT('',(-4.665E0,-2.225E0,-1.3E0));
#3209=LINE('',#3208,#3207);
#3210=DIRECTION('',(5.773502691896E-1,5.773502691896E-1,-5.773502691896E-1));
#3211=VECTOR('',#3210,1.558845726812E-1);
#3212=CARTESIAN_POINT('',(-4.565E0,-2.125E0,-6.7E-1));
#3213=LINE('',#3212,#3211);
#3214=DIRECTION('',(5.773502691896E-1,-5.773502691896E-1,5.773502691896E-1));
#3215=VECTOR('',#3214,3.464101615138E-1);
#3216=CARTESIAN_POINT('',(-4.235E0,-2.025E0,-2.7E-1));
#3217=LINE('',#3216,#3215);
#3218=DIRECTION('',(1.E0,0.E0,0.E0));
#3219=VECTOR('',#3218,7.6E-1);
#3220=CARTESIAN_POINT('',(-4.995E0,-2.025E0,-2.7E-1));
#3221=LINE('',#3220,#3219);
#3222=DIRECTION('',(0.E0,1.E0,0.E0));
#3223=VECTOR('',#3222,2.1E0);
#3224=CARTESIAN_POINT('',(-4.995E0,-2.025E0,-2.7E-1));
#3225=LINE('',#3224,#3223);
#3226=DIRECTION('',(0.E0,-1.E0,0.E0));
#3227=VECTOR('',#3226,2.E0);
#3228=CARTESIAN_POINT('',(-4.235E0,-2.5E-2,-5.619337613708E-1));
#3229=LINE('',#3228,#3227);
#3230=DIRECTION('',(0.E0,0.E0,1.E0));
#3231=VECTOR('',#3230,7.380662386292E-1);
#3232=CARTESIAN_POINT('',(-4.235E0,-2.5E-2,-1.3E0));
#3233=LINE('',#3232,#3231);
#3234=DIRECTION('',(0.E0,1.E0,0.E0));
#3235=VECTOR('',#3234,1.E-1);
#3236=CARTESIAN_POINT('',(-4.235E0,-2.5E-2,-1.3E0));
#3237=LINE('',#3236,#3235);
#3238=DIRECTION('',(0.E0,1.E0,0.E0));
#3239=VECTOR('',#3238,2.1E0);
#3240=CARTESIAN_POINT('',(-4.235E0,-2.025E0,-2.7E-1));
#3241=LINE('',#3240,#3239);
#3242=DIRECTION('',(0.E0,0.E0,-1.E0));
#3243=VECTOR('',#3242,2.919337613708E-1);
#3244=CARTESIAN_POINT('',(-4.235E0,-2.025E0,-2.7E-1));
#3245=LINE('',#3244,#3243);
#3246=DIRECTION('',(0.E0,1.E0,1.285521396934E-14));
#3247=VECTOR('',#3246,1.9E-1);
#3248=CARTESIAN_POINT('',(-4.225E0,-2.225E0,-6.45E-1));
#3249=LINE('',#3248,#3247);
#3250=DIRECTION('',(0.E0,0.E0,1.E0));
#3251=VECTOR('',#3250,6.65E-1);
#3252=CARTESIAN_POINT('',(-4.225E0,-2.035E0,-1.31E0));
#3253=LINE('',#3252,#3251);
#3254=CARTESIAN_POINT('',(-4.225E0,-2.035E0,-6.45E-1));
#3255=CARTESIAN_POINT('',(-4.225E0,-2.035E0,-6.165198325784E-1));
#3256=CARTESIAN_POINT('',(-4.228423422456E0,-2.031576577544E0,
-5.888524759016E-1));
#3257=CARTESIAN_POINT('',(-4.235E0,-2.025E0,-5.619337613708E-1));
#3259=DIRECTION('',(5.773502691896E-1,-5.773502691896E-1,-5.773502691896E-1));
#3260=VECTOR('',#3259,3.290896534381E-1);
#3261=CARTESIAN_POINT('',(-4.225E0,-2.035E0,-1.31E0));
#3262=LINE('',#3261,#3260);
#3263=DIRECTION('',(0.E0,1.E0,0.E0));
#3264=VECTOR('',#3263,2.2E0);
#3265=CARTESIAN_POINT('',(-4.225E0,-2.225E0,-1.35E0));
#3266=LINE('',#3265,#3264);
#3267=DIRECTION('',(0.E0,1.E0,0.E0));
#3268=VECTOR('',#3267,2.01E0);
#3269=CARTESIAN_POINT('',(-4.225E0,-2.035E0,-1.31E0));
#3270=LINE('',#3269,#3268);
#3271=DIRECTION('',(-7.071067811865E-1,0.E0,7.071067811865E-1));
#3272=VECTOR('',#3271,2.828427124746E-1);
#3273=CARTESIAN_POINT('',(-4.035E0,7.5E-2,-1.5E0));
#3274=LINE('',#3273,#3272);
#3275=DIRECTION('',(-7.071067811865E-1,0.E0,7.071067811866E-1));
#3276=VECTOR('',#3275,1.414213562373E-2);
#3277=CARTESIAN_POINT('',(-4.225E0,-2.5E-2,-1.31E0));
#3278=LINE('',#3277,#3276);
#3279=DIRECTION('',(0.E0,1.E0,0.E0));
#3280=VECTOR('',#3279,2.2E0);
#3281=CARTESIAN_POINT('',(-4.675E0,-2.225E0,-1.8E0));
#3282=LINE('',#3281,#3280);
#3283=DIRECTION('',(0.E0,1.E0,0.E0));
#3284=VECTOR('',#3283,1.8E0);
#3285=CARTESIAN_POINT('',(-5.7E0,-2.025E0,-1.8E0));
#3286=LINE('',#3285,#3284);
#3287=DIRECTION('',(0.E0,0.E0,-1.E0));
#3288=VECTOR('',#3287,2.5E-1);
#3289=CARTESIAN_POINT('',(-5.5E0,-2.5E-2,-1.55E0));
#3290=LINE('',#3289,#3288);
#3291=DIRECTION('',(-7.071067811865E-1,-7.071067811865E-1,0.E0));
#3292=VECTOR('',#3291,2.828427124746E-1);
#3293=CARTESIAN_POINT('',(-5.5E0,-2.5E-2,-1.55E0));
#3294=LINE('',#3293,#3292);
#3295=DIRECTION('',(0.E0,0.E0,-1.E0));
#3296=VECTOR('',#3295,2.5E-1);
#3297=CARTESIAN_POINT('',(-5.7E0,-2.25E-1,-1.55E0));
#3298=LINE('',#3297,#3296);
#3299=DIRECTION('',(-7.071067811865E-1,-7.071067811865E-1,0.E0));
#3300=VECTOR('',#3299,2.828427124746E-1);
#3301=CARTESIAN_POINT('',(-5.5E0,-2.5E-2,-1.8E0));
#3302=LINE('',#3301,#3300);
#3303=DIRECTION('',(0.E0,1.E0,0.E0));
#3304=VECTOR('',#3303,2.2E0);
#3305=CARTESIAN_POINT('',(-4.675E0,-2.225E0,-1.55E0));
#3306=LINE('',#3305,#3304);
#3307=DIRECTION('',(0.E0,0.E0,-1.E0));
#3308=VECTOR('',#3307,2.5E-1);
#3309=CARTESIAN_POINT('',(-5.5E0,-2.225E0,-1.55E0));
#3310=LINE('',#3309,#3308);
#3311=DIRECTION('',(-7.071067811865E-1,7.071067811865E-1,0.E0));
#3312=VECTOR('',#3311,2.828427124746E-1);
#3313=CARTESIAN_POINT('',(-5.5E0,-2.225E0,-1.8E0));
#3314=LINE('',#3313,#3312);
#3315=DIRECTION('',(0.E0,0.E0,-1.E0));
#3316=VECTOR('',#3315,2.5E-1);
#3317=CARTESIAN_POINT('',(-5.7E0,-2.025E0,-1.55E0));
#3318=LINE('',#3317,#3316);
#3319=DIRECTION('',(-7.071067811865E-1,7.071067811865E-1,0.E0));
#3320=VECTOR('',#3319,2.828427124746E-1);
#3321=CARTESIAN_POINT('',(-5.5E0,-2.225E0,-1.55E0));
#3322=LINE('',#3321,#3320);
#3323=DIRECTION('',(0.E0,1.E0,0.E0));
#3324=VECTOR('',#3323,1.8E0);
#3325=CARTESIAN_POINT('',(-5.7E0,-2.025E0,-1.55E0));
#3326=LINE('',#3325,#3324);
#3327=DIRECTION('',(0.E0,1.E0,0.E0));
#3328=VECTOR('',#3327,2.2E0);
#3329=CARTESIAN_POINT('',(-4.475E0,-2.225E0,-1.35E0));
#3330=LINE('',#3329,#3328);
#3331=CARTESIAN_POINT('',(3.3E0,-3.225E0,-1.6E0));
#3332=CARTESIAN_POINT('',(3.3E0,-3.225E0,-1.8E0));
#3333=VERTEX_POINT('',#3331);
#3334=VERTEX_POINT('',#3332);
#3335=CARTESIAN_POINT('',(-3.3E0,-3.225E0,-1.6E0));
#3336=CARTESIAN_POINT('',(-3.3E0,-3.225E0,-1.8E0));
#3337=VERTEX_POINT('',#3335);
#3338=VERTEX_POINT('',#3336);
#3339=CARTESIAN_POINT('',(3.3E0,9.75E-1,-1.6E0));
#3340=CARTESIAN_POINT('',(3.3E0,9.75E-1,-1.8E0));
#3341=VERTEX_POINT('',#3339);
#3342=VERTEX_POINT('',#3340);
#3343=CARTESIAN_POINT('',(-3.3E0,9.75E-1,-1.6E0));
#3344=CARTESIAN_POINT('',(-3.3E0,9.75E-1,-1.8E0));
#3345=VERTEX_POINT('',#3343);
#3346=VERTEX_POINT('',#3344);
#3347=CARTESIAN_POINT('',(-3.8E0,-3.225E0,-1.8E0));
#3348=VERTEX_POINT('',#3347);
#3349=CARTESIAN_POINT('',(3.8E0,-3.225E0,-1.8E0));
#3350=VERTEX_POINT('',#3349);
#3351=CARTESIAN_POINT('',(3.8E0,9.75E-1,-1.8E0));
#3352=VERTEX_POINT('',#3351);
#3353=CARTESIAN_POINT('',(-3.8E0,9.75E-1,-1.8E0));
#3354=VERTEX_POINT('',#3353);
#3355=CARTESIAN_POINT('',(3.4E0,-1.975E0,-1.2E0));
#3356=CARTESIAN_POINT('',(-3.4E0,-1.975E0,-1.2E0));
#3357=VERTEX_POINT('',#3355);
#3358=VERTEX_POINT('',#3356);
#3359=CARTESIAN_POINT('',(-3.4E0,-1.975E0,1.2E0));
#3360=CARTESIAN_POINT('',(3.4E0,-1.975E0,1.2E0));
#3361=VERTEX_POINT('',#3359);
#3362=VERTEX_POINT('',#3360);
#3363=CARTESIAN_POINT('',(-4.E0,-1.75E-1,1.6E0));
#3364=CARTESIAN_POINT('',(-3.05E0,-1.75E-1,1.6E0));
#3365=VERTEX_POINT('',#3363);
#3366=VERTEX_POINT('',#3364);
#3367=CARTESIAN_POINT('',(-3.05E0,-6.25E-1,1.6E0));
#3368=VERTEX_POINT('',#3367);
#3369=CARTESIAN_POINT('',(3.05E0,-6.25E-1,1.6E0));
#3370=VERTEX_POINT('',#3369);
#3371=CARTESIAN_POINT('',(3.05E0,-1.75E-1,1.6E0));
#3372=VERTEX_POINT('',#3371);
#3373=CARTESIAN_POINT('',(4.E0,-1.75E-1,1.6E0));
#3374=VERTEX_POINT('',#3373);
#3375=CARTESIAN_POINT('',(-4.E0,9.75E-1,1.2E0));
#3376=CARTESIAN_POINT('',(-4.E0,-1.75E-1,1.2E0));
#3377=VERTEX_POINT('',#3375);
#3378=VERTEX_POINT('',#3376);
#3379=CARTESIAN_POINT('',(4.E0,9.75E-1,1.2E0));
#3380=CARTESIAN_POINT('',(4.E0,-1.75E-1,1.2E0));
#3381=VERTEX_POINT('',#3379);
#3382=VERTEX_POINT('',#3380);
#3383=CARTESIAN_POINT('',(5.E0,5.75E-1,-1.5E0));
#3384=CARTESIAN_POINT('',(5.5E0,5.75E-1,-1.E0));
#3385=VERTEX_POINT('',#3383);
#3386=VERTEX_POINT('',#3384);
#3387=CARTESIAN_POINT('',(5.5E0,5.75E-1,1.E-1));
#3388=VERTEX_POINT('',#3387);
#3389=CARTESIAN_POINT('',(5.2E0,5.75E-1,4.E-1));
#3390=VERTEX_POINT('',#3389);
#3391=CARTESIAN_POINT('',(4.5E0,5.75E-1,4.E-1));
#3392=VERTEX_POINT('',#3391);
#3393=CARTESIAN_POINT('',(-4.5E0,5.75E-1,4.E-1));
#3394=CARTESIAN_POINT('',(-5.2E0,5.75E-1,4.E-1));
#3395=VERTEX_POINT('',#3393);
#3396=VERTEX_POINT('',#3394);
#3397=CARTESIAN_POINT('',(-5.5E0,5.75E-1,1.E-1));
#3398=VERTEX_POINT('',#3397);
#3399=CARTESIAN_POINT('',(-5.5E0,5.75E-1,-1.E0));
#3400=VERTEX_POINT('',#3399);
#3401=CARTESIAN_POINT('',(-5.E0,5.75E-1,-1.5E0));
#3402=VERTEX_POINT('',#3401);
#3403=CARTESIAN_POINT('',(5.5E0,-2.225E0,-1.E0));
#3404=CARTESIAN_POINT('',(5.5E0,-2.225E0,1.E-1));
#3405=VERTEX_POINT('',#3403);
#3406=VERTEX_POINT('',#3404);
#3407=CARTESIAN_POINT('',(5.2E0,-2.225E0,4.E-1));
#3408=VERTEX_POINT('',#3407);
#3409=CARTESIAN_POINT('',(4.5E0,-2.225E0,4.E-1));
#3410=VERTEX_POINT('',#3409);
#3411=CARTESIAN_POINT('',(-4.5E0,-2.225E0,4.E-1));
#3412=CARTESIAN_POINT('',(-5.2E0,-2.225E0,4.E-1));
#3413=VERTEX_POINT('',#3411);
#3414=VERTEX_POINT('',#3412);
#3415=CARTESIAN_POINT('',(-5.5E0,-2.225E0,1.E-1));
#3416=VERTEX_POINT('',#3415);
#3417=CARTESIAN_POINT('',(-5.5E0,-2.225E0,-1.E0));
#3418=VERTEX_POINT('',#3417);
#3419=CARTESIAN_POINT('',(-4.E0,-2.225E0,-1.5E0));
#3420=CARTESIAN_POINT('',(-4.E0,-2.225E0,9.E-1));
#3421=VERTEX_POINT('',#3419);
#3422=VERTEX_POINT('',#3420);
#3423=CARTESIAN_POINT('',(-4.E0,5.75E-1,9.E-1));
#3424=VERTEX_POINT('',#3423);
#3425=CARTESIAN_POINT('',(-4.E0,5.75E-1,-1.5E0));
#3426=VERTEX_POINT('',#3425);
#3427=CARTESIAN_POINT('',(4.E0,-2.225E0,-1.5E0));
#3428=CARTESIAN_POINT('',(4.E0,-2.225E0,9.E-1));
#3429=VERTEX_POINT('',#3427);
#3430=VERTEX_POINT('',#3428);
#3431=CARTESIAN_POINT('',(4.E0,5.75E-1,-1.5E0));
#3432=VERTEX_POINT('',#3431);
#3433=CARTESIAN_POINT('',(4.E0,5.75E-1,9.E-1));
#3434=VERTEX_POINT('',#3433);
#3435=CARTESIAN_POINT('',(-3.7E0,9.75E-1,1.2E0));
#3436=CARTESIAN_POINT('',(-3.4E0,7.75E-1,1.2E0));
#3437=VERTEX_POINT('',#3435);
#3438=VERTEX_POINT('',#3436);
#3439=CARTESIAN_POINT('',(3.7E0,9.75E-1,1.2E0));
#3440=CARTESIAN_POINT('',(3.4E0,7.75E-1,1.2E0));
#3441=VERTEX_POINT('',#3439);
#3442=VERTEX_POINT('',#3440);
#3443=CARTESIAN_POINT('',(-3.7E0,-1.975E0,-4.5E-1));
#3444=CARTESIAN_POINT('',(-3.7E0,-1.975E0,4.E-1));
#3445=VERTEX_POINT('',#3443);
#3446=VERTEX_POINT('',#3444);
#3447=CARTESIAN_POINT('',(-3.7E0,9.75E-1,-4.5E-1));
#3448=CARTESIAN_POINT('',(-3.7E0,9.75E-1,4.E-1));
#3449=VERTEX_POINT('',#3447);
#3450=VERTEX_POINT('',#3448);
#3451=CARTESIAN_POINT('',(-3.4E0,-1.975E0,4.E-1));
#3452=CARTESIAN_POINT('',(-3.4E0,7.75E-1,4.E-1));
#3453=VERTEX_POINT('',#3451);
#3454=VERTEX_POINT('',#3452);
#3455=CARTESIAN_POINT('',(-3.4E0,-1.975E0,-4.5E-1));
#3456=CARTESIAN_POINT('',(-3.4E0,7.75E-1,-4.5E-1));
#3457=VERTEX_POINT('',#3455);
#3458=VERTEX_POINT('',#3456);
#3459=CARTESIAN_POINT('',(3.4E0,-1.975E0,4.E-1));
#3460=VERTEX_POINT('',#3459);
#3461=CARTESIAN_POINT('',(3.4E0,-1.975E0,-4.5E-1));
#3462=VERTEX_POINT('',#3461);
#3463=CARTESIAN_POINT('',(-4.995E0,7.5E-2,-5.7E-1));
#3464=CARTESIAN_POINT('',(-4.995E0,7.5E-2,-2.7E-1));
#3465=VERTEX_POINT('',#3463);
#3466=VERTEX_POINT('',#3464);
#3467=CARTESIAN_POINT('',(-4.235E0,7.5E-2,-2.7E-1));
#3468=VERTEX_POINT('',#3467);
#3469=CARTESIAN_POINT('',(4.235E0,7.5E-2,-2.7E-1));
#3470=CARTESIAN_POINT('',(4.995E0,7.5E-2,-2.7E-1));
#3471=VERTEX_POINT('',#3469);
#3472=VERTEX_POINT('',#3470);
#3473=CARTESIAN_POINT('',(4.995E0,7.5E-2,-5.7E-1));
#3474=VERTEX_POINT('',#3473);
#3475=CARTESIAN_POINT('',(4.575E0,-2.225E0,-5.45E-1));
#3476=CARTESIAN_POINT('',(4.995E0,-2.225E0,-5.45E-1));
#3477=VERTEX_POINT('',#3475);
#3478=VERTEX_POINT('',#3476);
#3479=CARTESIAN_POINT('',(4.995E0,-2.225E0,-2.95E-1));
#3480=VERTEX_POINT('',#3479);
#3481=CARTESIAN_POINT('',(4.575E0,-2.225E0,-2.95E-1));
#3482=VERTEX_POINT('',#3481);
#3483=CARTESIAN_POINT('',(4.225E0,-2.225E0,-6.45E-1));
#3484=VERTEX_POINT('',#3483);
#3485=CARTESIAN_POINT('',(4.225E0,-2.225E0,-1.35E0));
#3486=VERTEX_POINT('',#3485);
#3487=CARTESIAN_POINT('',(4.675E0,-2.225E0,-1.8E0));
#3488=VERTEX_POINT('',#3487);
#3489=CARTESIAN_POINT('',(4.475E0,-2.225E0,-1.35E0));
#3490=CARTESIAN_POINT('',(4.475E0,-2.225E0,-6.45E-1));
#3491=VERTEX_POINT('',#3489);
#3492=VERTEX_POINT('',#3490);
#3493=CARTESIAN_POINT('',(4.225E0,-2.5E-2,-1.35E0));
#3494=CARTESIAN_POINT('',(4.675E0,-2.5E-2,-1.8E0));
#3495=VERTEX_POINT('',#3493);
#3496=VERTEX_POINT('',#3494);
#3497=CARTESIAN_POINT('',(4.575E0,-2.5E-2,-2.95E-1));
#3498=VERTEX_POINT('',#3497);
#3499=CARTESIAN_POINT('',(4.235E0,-2.5E-2,-5.619337613708E-1));
#3500=CARTESIAN_POINT('',(4.235E0,-2.025E0,-5.619337613708E-1));
#3501=VERTEX_POINT('',#3499);
#3502=VERTEX_POINT('',#3500);
#3503=CARTESIAN_POINT('',(4.995E0,-2.025E0,-5.45E-1));
#3504=VERTEX_POINT('',#3503);
#3505=CARTESIAN_POINT('',(4.995E0,-2.025E0,-2.95E-1));
#3506=VERTEX_POINT('',#3505);
#3507=CARTESIAN_POINT('',(4.225E0,-2.035E0,-6.45E-1));
#3508=VERTEX_POINT('',#3507);
#3509=CARTESIAN_POINT('',(4.675E0,-2.225E0,-1.55E0));
#3510=VERTEX_POINT('',#3509);
#3511=CARTESIAN_POINT('',(-4.475E0,-2.225E0,-6.45E-1));
#3512=CARTESIAN_POINT('',(-4.475E0,-2.225E0,-1.35E0));
#3513=VERTEX_POINT('',#3511);
#3514=VERTEX_POINT('',#3512);
#3515=CARTESIAN_POINT('',(-4.675E0,-2.225E0,-1.55E0));
#3516=VERTEX_POINT('',#3515);
#3517=CARTESIAN_POINT('',(-4.675E0,-2.225E0,-1.8E0));
#3518=CARTESIAN_POINT('',(-4.225E0,-2.225E0,-1.35E0));
#3519=VERTEX_POINT('',#3517);
#3520=VERTEX_POINT('',#3518);
#3521=CARTESIAN_POINT('',(-4.225E0,-2.225E0,-6.45E-1));
#3522=VERTEX_POINT('',#3521);
#3523=CARTESIAN_POINT('',(-4.575E0,-2.225E0,-2.95E-1));
#3524=VERTEX_POINT('',#3523);
#3525=CARTESIAN_POINT('',(-4.995E0,-2.225E0,-2.95E-1));
#3526=VERTEX_POINT('',#3525);
#3527=CARTESIAN_POINT('',(-4.995E0,-2.225E0,-5.45E-1));
#3528=VERTEX_POINT('',#3527);
#3529=CARTESIAN_POINT('',(-4.575E0,-2.225E0,-5.45E-1));
#3530=VERTEX_POINT('',#3529);
#3531=CARTESIAN_POINT('',(4.475E0,-2.5E-2,-6.45E-1));
#3532=CARTESIAN_POINT('',(4.575E0,-2.5E-2,-5.45E-1));
#3533=VERTEX_POINT('',#3531);
#3534=VERTEX_POINT('',#3532);
#3535=CARTESIAN_POINT('',(4.675E0,-2.5E-2,-1.55E0));
#3536=CARTESIAN_POINT('',(4.475E0,-2.5E-2,-1.35E0));
#3537=VERTEX_POINT('',#3535);
#3538=VERTEX_POINT('',#3536);
#3539=CARTESIAN_POINT('',(-4.475E0,-2.5E-2,-1.35E0));
#3540=CARTESIAN_POINT('',(-4.675E0,-2.5E-2,-1.55E0));
#3541=VERTEX_POINT('',#3539);
#3542=VERTEX_POINT('',#3540);
#3543=CARTESIAN_POINT('',(-4.675E0,-2.5E-2,-1.8E0));
#3544=CARTESIAN_POINT('',(-4.225E0,-2.5E-2,-1.35E0));
#3545=VERTEX_POINT('',#3543);
#3546=VERTEX_POINT('',#3544);
#3547=CARTESIAN_POINT('',(-4.575E0,-2.5E-2,-5.45E-1));
#3548=CARTESIAN_POINT('',(-4.475E0,-2.5E-2,-6.45E-1));
#3549=VERTEX_POINT('',#3547);
#3550=VERTEX_POINT('',#3548);
#3551=CARTESIAN_POINT('',(-4.575E0,-2.5E-2,-2.95E-1));
#3552=VERTEX_POINT('',#3551);
#3553=CARTESIAN_POINT('',(-4.995E0,-2.025E0,-5.45E-1));
#3554=CARTESIAN_POINT('',(-4.995E0,-2.5E-2,-5.45E-1));
#3555=VERTEX_POINT('',#3553);
#3556=VERTEX_POINT('',#3554);
#3557=CARTESIAN_POINT('',(-4.235E0,-2.5E-2,-5.619337613708E-1));
#3558=CARTESIAN_POINT('',(-4.235E0,-2.025E0,-5.619337613708E-1));
#3559=VERTEX_POINT('',#3557);
#3560=VERTEX_POINT('',#3558);
#3561=CARTESIAN_POINT('',(4.995E0,-2.5E-2,-5.45E-1));
#3562=VERTEX_POINT('',#3561);
#3563=CARTESIAN_POINT('',(-4.225E0,-2.035E0,-6.45E-1));
#3564=VERTEX_POINT('',#3563);
#3565=CARTESIAN_POINT('',(-4.995E0,-2.025E0,-2.95E-1));
#3566=VERTEX_POINT('',#3565);
#3567=CARTESIAN_POINT('',(-4.E0,-3.225E0,-1.3E0));
#3568=CARTESIAN_POINT('',(-4.E0,-3.125E0,-1.3E0));
#3569=VERTEX_POINT('',#3567);
#3570=VERTEX_POINT('',#3568);
#3571=CARTESIAN_POINT('',(-4.E0,-3.125E0,7.E-1));
#3572=VERTEX_POINT('',#3571);
#3573=CARTESIAN_POINT('',(-4.E0,-3.225E0,7.E-1));
#3574=VERTEX_POINT('',#3573);
#3575=CARTESIAN_POINT('',(4.E0,-3.225E0,-1.3E0));
#3576=VERTEX_POINT('',#3575);
#3577=CARTESIAN_POINT('',(4.E0,-3.225E0,7.E-1));
#3578=VERTEX_POINT('',#3577);
#3579=CARTESIAN_POINT('',(4.E0,-3.125E0,-1.3E0));
#3580=VERTEX_POINT('',#3579);
#3581=CARTESIAN_POINT('',(4.E0,-3.125E0,7.E-1));
#3582=VERTEX_POINT('',#3581);
#3583=CARTESIAN_POINT('',(2.75E0,-2.625E0,1.1E0));
#3584=CARTESIAN_POINT('',(2.25E0,-2.625E0,1.1E0));
#3585=VERTEX_POINT('',#3583);
#3586=VERTEX_POINT('',#3584);
#3587=CARTESIAN_POINT('',(2.75E0,-3.225E0,1.6E0));
#3588=CARTESIAN_POINT('',(2.75E0,-2.625E0,1.6E0));
#3589=VERTEX_POINT('',#3587);
#3590=VERTEX_POINT('',#3588);
#3591=CARTESIAN_POINT('',(2.25E0,-2.625E0,1.6E0));
#3592=VERTEX_POINT('',#3591);
#3593=CARTESIAN_POINT('',(2.25E0,-3.225E0,1.6E0));
#3594=VERTEX_POINT('',#3593);
#3595=CARTESIAN_POINT('',(2.25E0,-3.225E0,1.1E0));
#3596=CARTESIAN_POINT('',(2.75E0,-3.225E0,1.1E0));
#3597=VERTEX_POINT('',#3595);
#3598=VERTEX_POINT('',#3596);
#3599=CARTESIAN_POINT('',(1.5E0,-2.625E0,1.1E0));
#3600=CARTESIAN_POINT('',(1.E0,-2.625E0,1.1E0));
#3601=VERTEX_POINT('',#3599);
#3602=VERTEX_POINT('',#3600);
#3603=CARTESIAN_POINT('',(1.5E0,-3.225E0,1.6E0));
#3604=CARTESIAN_POINT('',(1.5E0,-2.625E0,1.6E0));
#3605=VERTEX_POINT('',#3603);
#3606=VERTEX_POINT('',#3604);
#3607=CARTESIAN_POINT('',(1.E0,-2.625E0,1.6E0));
#3608=VERTEX_POINT('',#3607);
#3609=CARTESIAN_POINT('',(1.E0,-3.225E0,1.6E0));
#3610=VERTEX_POINT('',#3609);
#3611=CARTESIAN_POINT('',(1.E0,-3.225E0,1.1E0));
#3612=CARTESIAN_POINT('',(1.5E0,-3.225E0,1.1E0));
#3613=VERTEX_POINT('',#3611);
#3614=VERTEX_POINT('',#3612);
#3615=CARTESIAN_POINT('',(2.5E-1,-2.625E0,1.1E0));
#3616=CARTESIAN_POINT('',(-2.5E-1,-2.625E0,1.1E0));
#3617=VERTEX_POINT('',#3615);
#3618=VERTEX_POINT('',#3616);
#3619=CARTESIAN_POINT('',(2.5E-1,-3.225E0,1.6E0));
#3620=CARTESIAN_POINT('',(2.5E-1,-2.625E0,1.6E0));
#3621=VERTEX_POINT('',#3619);
#3622=VERTEX_POINT('',#3620);
#3623=CARTESIAN_POINT('',(-2.5E-1,-2.625E0,1.6E0));
#3624=VERTEX_POINT('',#3623);
#3625=CARTESIAN_POINT('',(-2.5E-1,-3.225E0,1.6E0));
#3626=VERTEX_POINT('',#3625);
#3627=CARTESIAN_POINT('',(-2.5E-1,-3.225E0,1.1E0));
#3628=CARTESIAN_POINT('',(2.5E-1,-3.225E0,1.1E0));
#3629=VERTEX_POINT('',#3627);
#3630=VERTEX_POINT('',#3628);
#3631=CARTESIAN_POINT('',(-1.E0,-2.625E0,1.1E0));
#3632=CARTESIAN_POINT('',(-1.5E0,-2.625E0,1.1E0));
#3633=VERTEX_POINT('',#3631);
#3634=VERTEX_POINT('',#3632);
#3635=CARTESIAN_POINT('',(-1.E0,-3.225E0,1.6E0));
#3636=CARTESIAN_POINT('',(-1.E0,-2.625E0,1.6E0));
#3637=VERTEX_POINT('',#3635);
#3638=VERTEX_POINT('',#3636);
#3639=CARTESIAN_POINT('',(-1.5E0,-2.625E0,1.6E0));
#3640=VERTEX_POINT('',#3639);
#3641=CARTESIAN_POINT('',(-1.5E0,-3.225E0,1.6E0));
#3642=VERTEX_POINT('',#3641);
#3643=CARTESIAN_POINT('',(-1.5E0,-3.225E0,1.1E0));
#3644=CARTESIAN_POINT('',(-1.E0,-3.225E0,1.1E0));
#3645=VERTEX_POINT('',#3643);
#3646=VERTEX_POINT('',#3644);
#3647=CARTESIAN_POINT('',(-2.25E0,-2.625E0,1.1E0));
#3648=CARTESIAN_POINT('',(-2.75E0,-2.625E0,1.1E0));
#3649=VERTEX_POINT('',#3647);
#3650=VERTEX_POINT('',#3648);
#3651=CARTESIAN_POINT('',(-2.25E0,-3.225E0,1.6E0));
#3652=CARTESIAN_POINT('',(-2.25E0,-2.625E0,1.6E0));
#3653=VERTEX_POINT('',#3651);
#3654=VERTEX_POINT('',#3652);
#3655=CARTESIAN_POINT('',(-2.75E0,-2.625E0,1.6E0));
#3656=VERTEX_POINT('',#3655);
#3657=CARTESIAN_POINT('',(-2.75E0,-3.225E0,1.6E0));
#3658=VERTEX_POINT('',#3657);
#3659=CARTESIAN_POINT('',(-2.75E0,-3.225E0,1.1E0));
#3660=CARTESIAN_POINT('',(-2.25E0,-3.225E0,1.1E0));
#3661=VERTEX_POINT('',#3659);
#3662=VERTEX_POINT('',#3660);
#3663=CARTESIAN_POINT('',(4.E0,-2.625E0,1.6E0));
#3664=CARTESIAN_POINT('',(3.5E0,-2.625E0,1.6E0));
#3665=VERTEX_POINT('',#3663);
#3666=VERTEX_POINT('',#3664);
#3667=CARTESIAN_POINT('',(3.5E0,-3.225E0,1.6E0));
#3668=VERTEX_POINT('',#3667);
#3669=CARTESIAN_POINT('',(-3.5E0,-3.225E0,1.6E0));
#3670=CARTESIAN_POINT('',(-3.5E0,-2.625E0,1.6E0));
#3671=VERTEX_POINT('',#3669);
#3672=VERTEX_POINT('',#3670);
#3673=CARTESIAN_POINT('',(-4.E0,-2.625E0,1.6E0));
#3674=VERTEX_POINT('',#3673);
#3675=CARTESIAN_POINT('',(-4.E0,-3.225E0,1.1E0));
#3676=CARTESIAN_POINT('',(-4.E0,-2.625E0,1.1E0));
#3677=VERTEX_POINT('',#3675);
#3678=VERTEX_POINT('',#3676);
#3679=CARTESIAN_POINT('',(-3.5E0,-3.225E0,1.1E0));
#3680=VERTEX_POINT('',#3679);
#3681=CARTESIAN_POINT('',(3.5E0,-3.225E0,1.1E0));
#3682=CARTESIAN_POINT('',(4.E0,-3.225E0,1.1E0));
#3683=VERTEX_POINT('',#3681);
#3684=VERTEX_POINT('',#3682);
#3685=CARTESIAN_POINT('',(4.E0,-2.625E0,1.1E0));
#3686=VERTEX_POINT('',#3685);
#3687=CARTESIAN_POINT('',(3.5E0,-2.625E0,1.1E0));
#3688=VERTEX_POINT('',#3687);
#3689=CARTESIAN_POINT('',(-3.5E0,-2.625E0,1.1E0));
#3690=VERTEX_POINT('',#3689);
#3691=CARTESIAN_POINT('',(2.34E0,-2.25E-1,-8.5E-1));
#3692=CARTESIAN_POINT('',(2.34E0,-2.25E-1,-1.E-1));
#3693=VERTEX_POINT('',#3691);
#3694=VERTEX_POINT('',#3692);
#3695=CARTESIAN_POINT('',(2.66E0,-2.25E-1,-1.E-1));
#3696=VERTEX_POINT('',#3695);
#3697=CARTESIAN_POINT('',(2.66E0,-2.25E-1,-8.5E-1));
#3698=VERTEX_POINT('',#3697);
#3699=CARTESIAN_POINT('',(2.45E0,2.75E-1,-6.75E-1));
#3700=CARTESIAN_POINT('',(2.45E0,2.75E-1,-2.75E-1));
#3701=VERTEX_POINT('',#3699);
#3702=VERTEX_POINT('',#3700);
#3703=CARTESIAN_POINT('',(2.55E0,2.75E-1,-2.75E-1));
#3704=VERTEX_POINT('',#3703);
#3705=CARTESIAN_POINT('',(2.55E0,2.75E-1,-6.75E-1));
#3706=VERTEX_POINT('',#3705);
#3707=CARTESIAN_POINT('',(2.34E0,-1.975E0,-8.5E-1));
#3708=CARTESIAN_POINT('',(2.34E0,-1.975E0,-1.E-1));
#3709=VERTEX_POINT('',#3707);
#3710=VERTEX_POINT('',#3708);
#3711=CARTESIAN_POINT('',(2.66E0,-1.975E0,-1.E-1));
#3712=VERTEX_POINT('',#3711);
#3713=CARTESIAN_POINT('',(2.66E0,-1.975E0,-8.5E-1));
#3714=VERTEX_POINT('',#3713);
#3715=CARTESIAN_POINT('',(2.66E0,-3.925E0,-1.3E0));
#3716=CARTESIAN_POINT('',(2.66E0,-3.925E0,-5.75E-1));
#3717=VERTEX_POINT('',#3715);
#3718=VERTEX_POINT('',#3716);
#3719=CARTESIAN_POINT('',(2.66E0,-4.225E0,-1.3E0));
#3720=VERTEX_POINT('',#3719);
#3721=CARTESIAN_POINT('',(2.66E0,-4.225E0,-1.6E0));
#3722=VERTEX_POINT('',#3721);
#3723=CARTESIAN_POINT('',(2.66E0,-4.025E0,-1.8E0));
#3724=VERTEX_POINT('',#3723);
#3725=CARTESIAN_POINT('',(2.66E0,-3.625E0,-1.8E0));
#3726=VERTEX_POINT('',#3725);
#3727=CARTESIAN_POINT('',(2.66E0,-3.425E0,-1.6E0));
#3728=VERTEX_POINT('',#3727);
#3729=CARTESIAN_POINT('',(2.66E0,-3.425E0,-1.125E0));
#3730=VERTEX_POINT('',#3729);
#3731=CARTESIAN_POINT('',(2.34E0,-3.925E0,-1.3E0));
#3732=CARTESIAN_POINT('',(2.34E0,-3.925E0,-5.75E-1));
#3733=VERTEX_POINT('',#3731);
#3734=VERTEX_POINT('',#3732);
#3735=CARTESIAN_POINT('',(2.34E0,-4.225E0,-1.3E0));
#3736=VERTEX_POINT('',#3735);
#3737=CARTESIAN_POINT('',(2.34E0,-4.225E0,-1.6E0));
#3738=VERTEX_POINT('',#3737);
#3739=CARTESIAN_POINT('',(2.34E0,-4.025E0,-1.8E0));
#3740=VERTEX_POINT('',#3739);
#3741=CARTESIAN_POINT('',(2.34E0,-3.625E0,-1.8E0));
#3742=VERTEX_POINT('',#3741);
#3743=CARTESIAN_POINT('',(2.34E0,-3.425E0,-1.6E0));
#3744=VERTEX_POINT('',#3743);
#3745=CARTESIAN_POINT('',(2.34E0,-3.425E0,-1.125E0));
#3746=VERTEX_POINT('',#3745);
#3747=CARTESIAN_POINT('',(2.66E0,-3.125E0,-4.25E-1));
#3748=CARTESIAN_POINT('',(2.66E0,-3.125E0,-9.25E-1));
#3749=VERTEX_POINT('',#3747);
#3750=VERTEX_POINT('',#3748);
#3751=CARTESIAN_POINT('',(2.34E0,-3.125E0,-4.25E-1));
#3752=CARTESIAN_POINT('',(2.34E0,-3.125E0,-9.25E-1));
#3753=VERTEX_POINT('',#3751);
#3754=VERTEX_POINT('',#3752);
#3755=CARTESIAN_POINT('',(2.66E0,-3.775E0,-4.25E-1));
#3756=VERTEX_POINT('',#3755);
#3757=CARTESIAN_POINT('',(2.66E0,-3.225E0,-9.25E-1));
#3758=VERTEX_POINT('',#3757);
#3759=CARTESIAN_POINT('',(2.34E0,-3.775E0,-4.25E-1));
#3760=VERTEX_POINT('',#3759);
#3761=CARTESIAN_POINT('',(2.34E0,-3.225E0,-9.25E-1));
#3762=VERTEX_POINT('',#3761);
#3763=CARTESIAN_POINT('',(1.09E0,-2.25E-1,-8.5E-1));
#3764=CARTESIAN_POINT('',(1.09E0,-2.25E-1,-1.E-1));
#3765=VERTEX_POINT('',#3763);
#3766=VERTEX_POINT('',#3764);
#3767=CARTESIAN_POINT('',(1.41E0,-2.25E-1,-1.E-1));
#3768=VERTEX_POINT('',#3767);
#3769=CARTESIAN_POINT('',(1.41E0,-2.25E-1,-8.5E-1));
#3770=VERTEX_POINT('',#3769);
#3771=CARTESIAN_POINT('',(1.2E0,2.75E-1,-6.75E-1));
#3772=CARTESIAN_POINT('',(1.2E0,2.75E-1,-2.75E-1));
#3773=VERTEX_POINT('',#3771);
#3774=VERTEX_POINT('',#3772);
#3775=CARTESIAN_POINT('',(1.3E0,2.75E-1,-2.75E-1));
#3776=VERTEX_POINT('',#3775);
#3777=CARTESIAN_POINT('',(1.3E0,2.75E-1,-6.75E-1));
#3778=VERTEX_POINT('',#3777);
#3779=CARTESIAN_POINT('',(1.09E0,-1.975E0,-8.5E-1));
#3780=CARTESIAN_POINT('',(1.09E0,-1.975E0,-1.E-1));
#3781=VERTEX_POINT('',#3779);
#3782=VERTEX_POINT('',#3780);
#3783=CARTESIAN_POINT('',(1.41E0,-1.975E0,-1.E-1));
#3784=VERTEX_POINT('',#3783);
#3785=CARTESIAN_POINT('',(1.41E0,-1.975E0,-8.5E-1));
#3786=VERTEX_POINT('',#3785);
#3787=CARTESIAN_POINT('',(-1.6E-1,-2.25E-1,-8.5E-1));
#3788=CARTESIAN_POINT('',(-1.6E-1,-2.25E-1,-1.E-1));
#3789=VERTEX_POINT('',#3787);
#3790=VERTEX_POINT('',#3788);
#3791=CARTESIAN_POINT('',(1.6E-1,-2.25E-1,-1.E-1));
#3792=VERTEX_POINT('',#3791);
#3793=CARTESIAN_POINT('',(1.6E-1,-2.25E-1,-8.5E-1));
#3794=VERTEX_POINT('',#3793);
#3795=CARTESIAN_POINT('',(-5.E-2,2.75E-1,-6.75E-1));
#3796=CARTESIAN_POINT('',(-5.E-2,2.75E-1,-2.75E-1));
#3797=VERTEX_POINT('',#3795);
#3798=VERTEX_POINT('',#3796);
#3799=CARTESIAN_POINT('',(5.E-2,2.75E-1,-2.75E-1));
#3800=VERTEX_POINT('',#3799);
#3801=CARTESIAN_POINT('',(5.E-2,2.75E-1,-6.75E-1));
#3802=VERTEX_POINT('',#3801);
#3803=CARTESIAN_POINT('',(-1.6E-1,-1.975E0,-8.5E-1));
#3804=CARTESIAN_POINT('',(-1.6E-1,-1.975E0,-1.E-1));
#3805=VERTEX_POINT('',#3803);
#3806=VERTEX_POINT('',#3804);
#3807=CARTESIAN_POINT('',(1.6E-1,-1.975E0,-1.E-1));
#3808=VERTEX_POINT('',#3807);
#3809=CARTESIAN_POINT('',(1.6E-1,-1.975E0,-8.5E-1));
#3810=VERTEX_POINT('',#3809);
#3811=CARTESIAN_POINT('',(-1.41E0,-2.25E-1,-8.5E-1));
#3812=CARTESIAN_POINT('',(-1.41E0,-2.25E-1,-1.E-1));
#3813=VERTEX_POINT('',#3811);
#3814=VERTEX_POINT('',#3812);
#3815=CARTESIAN_POINT('',(-1.09E0,-2.25E-1,-1.E-1));
#3816=VERTEX_POINT('',#3815);
#3817=CARTESIAN_POINT('',(-1.09E0,-2.25E-1,-8.5E-1));
#3818=VERTEX_POINT('',#3817);
#3819=CARTESIAN_POINT('',(-1.3E0,2.75E-1,-6.75E-1));
#3820=CARTESIAN_POINT('',(-1.3E0,2.75E-1,-2.75E-1));
#3821=VERTEX_POINT('',#3819);
#3822=VERTEX_POINT('',#3820);
#3823=CARTESIAN_POINT('',(-1.2E0,2.75E-1,-2.75E-1));
#3824=VERTEX_POINT('',#3823);
#3825=CARTESIAN_POINT('',(-1.2E0,2.75E-1,-6.75E-1));
#3826=VERTEX_POINT('',#3825);
#3827=CARTESIAN_POINT('',(-1.41E0,-1.975E0,-8.5E-1));
#3828=CARTESIAN_POINT('',(-1.41E0,-1.975E0,-1.E-1));
#3829=VERTEX_POINT('',#3827);
#3830=VERTEX_POINT('',#3828);
#3831=CARTESIAN_POINT('',(-1.09E0,-1.975E0,-1.E-1));
#3832=VERTEX_POINT('',#3831);
#3833=CARTESIAN_POINT('',(-1.09E0,-1.975E0,-8.5E-1));
#3834=VERTEX_POINT('',#3833);
#3835=CARTESIAN_POINT('',(-2.66E0,-2.25E-1,-8.5E-1));
#3836=CARTESIAN_POINT('',(-2.66E0,-2.25E-1,-1.E-1));
#3837=VERTEX_POINT('',#3835);
#3838=VERTEX_POINT('',#3836);
#3839=CARTESIAN_POINT('',(-2.34E0,-2.25E-1,-1.E-1));
#3840=VERTEX_POINT('',#3839);
#3841=CARTESIAN_POINT('',(-2.34E0,-2.25E-1,-8.5E-1));
#3842=VERTEX_POINT('',#3841);
#3843=CARTESIAN_POINT('',(-2.55E0,2.75E-1,-6.75E-1));
#3844=CARTESIAN_POINT('',(-2.55E0,2.75E-1,-2.75E-1));
#3845=VERTEX_POINT('',#3843);
#3846=VERTEX_POINT('',#3844);
#3847=CARTESIAN_POINT('',(-2.45E0,2.75E-1,-2.75E-1));
#3848=VERTEX_POINT('',#3847);
#3849=CARTESIAN_POINT('',(-2.45E0,2.75E-1,-6.75E-1));
#3850=VERTEX_POINT('',#3849);
#3851=CARTESIAN_POINT('',(-2.66E0,-1.975E0,-8.5E-1));
#3852=CARTESIAN_POINT('',(-2.66E0,-1.975E0,-1.E-1));
#3853=VERTEX_POINT('',#3851);
#3854=VERTEX_POINT('',#3852);
#3855=CARTESIAN_POINT('',(-2.34E0,-1.975E0,-1.E-1));
#3856=VERTEX_POINT('',#3855);
#3857=CARTESIAN_POINT('',(-2.34E0,-1.975E0,-8.5E-1));
#3858=VERTEX_POINT('',#3857);
#3859=CARTESIAN_POINT('',(1.41E0,-3.925E0,-5.75E-1));
#3860=CARTESIAN_POINT('',(1.41E0,-3.925E0,-1.3E0));
#3861=VERTEX_POINT('',#3859);
#3862=VERTEX_POINT('',#3860);
#3863=CARTESIAN_POINT('',(1.41E0,-4.225E0,-1.3E0));
#3864=VERTEX_POINT('',#3863);
#3865=CARTESIAN_POINT('',(1.41E0,-4.225E0,-1.6E0));
#3866=VERTEX_POINT('',#3865);
#3867=CARTESIAN_POINT('',(1.41E0,-4.025E0,-1.8E0));
#3868=VERTEX_POINT('',#3867);
#3869=CARTESIAN_POINT('',(1.41E0,-3.625E0,-1.8E0));
#3870=VERTEX_POINT('',#3869);
#3871=CARTESIAN_POINT('',(1.41E0,-3.425E0,-1.6E0));
#3872=VERTEX_POINT('',#3871);
#3873=CARTESIAN_POINT('',(1.41E0,-3.425E0,-1.125E0));
#3874=VERTEX_POINT('',#3873);
#3875=CARTESIAN_POINT('',(1.09E0,-3.925E0,-5.75E-1));
#3876=CARTESIAN_POINT('',(1.09E0,-3.925E0,-1.3E0));
#3877=VERTEX_POINT('',#3875);
#3878=VERTEX_POINT('',#3876);
#3879=CARTESIAN_POINT('',(1.09E0,-4.225E0,-1.3E0));
#3880=VERTEX_POINT('',#3879);
#3881=CARTESIAN_POINT('',(1.09E0,-4.225E0,-1.6E0));
#3882=VERTEX_POINT('',#3881);
#3883=CARTESIAN_POINT('',(1.09E0,-4.025E0,-1.8E0));
#3884=VERTEX_POINT('',#3883);
#3885=CARTESIAN_POINT('',(1.09E0,-3.625E0,-1.8E0));
#3886=VERTEX_POINT('',#3885);
#3887=CARTESIAN_POINT('',(1.09E0,-3.425E0,-1.6E0));
#3888=VERTEX_POINT('',#3887);
#3889=CARTESIAN_POINT('',(1.09E0,-3.425E0,-1.125E0));
#3890=VERTEX_POINT('',#3889);
#3891=CARTESIAN_POINT('',(1.41E0,-3.125E0,-9.25E-1));
#3892=CARTESIAN_POINT('',(1.41E0,-3.125E0,-4.25E-1));
#3893=VERTEX_POINT('',#3891);
#3894=VERTEX_POINT('',#3892);
#3895=CARTESIAN_POINT('',(1.09E0,-3.125E0,-9.25E-1));
#3896=CARTESIAN_POINT('',(1.09E0,-3.125E0,-4.25E-1));
#3897=VERTEX_POINT('',#3895);
#3898=VERTEX_POINT('',#3896);
#3899=CARTESIAN_POINT('',(1.41E0,-3.775E0,-4.25E-1));
#3900=VERTEX_POINT('',#3899);
#3901=CARTESIAN_POINT('',(1.41E0,-3.225E0,-9.25E-1));
#3902=VERTEX_POINT('',#3901);
#3903=CARTESIAN_POINT('',(1.09E0,-3.775E0,-4.25E-1));
#3904=VERTEX_POINT('',#3903);
#3905=CARTESIAN_POINT('',(1.09E0,-3.225E0,-9.25E-1));
#3906=VERTEX_POINT('',#3905);
#3907=CARTESIAN_POINT('',(1.6E-1,-3.925E0,-5.75E-1));
#3908=CARTESIAN_POINT('',(1.6E-1,-3.925E0,-1.3E0));
#3909=VERTEX_POINT('',#3907);
#3910=VERTEX_POINT('',#3908);
#3911=CARTESIAN_POINT('',(1.6E-1,-4.225E0,-1.3E0));
#3912=VERTEX_POINT('',#3911);
#3913=CARTESIAN_POINT('',(1.6E-1,-4.225E0,-1.6E0));
#3914=VERTEX_POINT('',#3913);
#3915=CARTESIAN_POINT('',(1.6E-1,-4.025E0,-1.8E0));
#3916=VERTEX_POINT('',#3915);
#3917=CARTESIAN_POINT('',(1.6E-1,-3.625E0,-1.8E0));
#3918=VERTEX_POINT('',#3917);
#3919=CARTESIAN_POINT('',(1.6E-1,-3.425E0,-1.6E0));
#3920=VERTEX_POINT('',#3919);
#3921=CARTESIAN_POINT('',(1.6E-1,-3.425E0,-1.125E0));
#3922=VERTEX_POINT('',#3921);
#3923=CARTESIAN_POINT('',(-1.6E-1,-3.925E0,-5.75E-1));
#3924=CARTESIAN_POINT('',(-1.6E-1,-3.925E0,-1.3E0));
#3925=VERTEX_POINT('',#3923);
#3926=VERTEX_POINT('',#3924);
#3927=CARTESIAN_POINT('',(-1.6E-1,-4.225E0,-1.3E0));
#3928=VERTEX_POINT('',#3927);
#3929=CARTESIAN_POINT('',(-1.6E-1,-4.225E0,-1.6E0));
#3930=VERTEX_POINT('',#3929);
#3931=CARTESIAN_POINT('',(-1.6E-1,-4.025E0,-1.8E0));
#3932=VERTEX_POINT('',#3931);
#3933=CARTESIAN_POINT('',(-1.6E-1,-3.625E0,-1.8E0));
#3934=VERTEX_POINT('',#3933);
#3935=CARTESIAN_POINT('',(-1.6E-1,-3.425E0,-1.6E0));
#3936=VERTEX_POINT('',#3935);
#3937=CARTESIAN_POINT('',(-1.6E-1,-3.425E0,-1.125E0));
#3938=VERTEX_POINT('',#3937);
#3939=CARTESIAN_POINT('',(1.6E-1,-3.125E0,-9.25E-1));
#3940=CARTESIAN_POINT('',(1.6E-1,-3.125E0,-4.25E-1));
#3941=VERTEX_POINT('',#3939);
#3942=VERTEX_POINT('',#3940);
#3943=CARTESIAN_POINT('',(-1.6E-1,-3.125E0,-9.25E-1));
#3944=CARTESIAN_POINT('',(-1.6E-1,-3.125E0,-4.25E-1));
#3945=VERTEX_POINT('',#3943);
#3946=VERTEX_POINT('',#3944);
#3947=CARTESIAN_POINT('',(1.6E-1,-3.775E0,-4.25E-1));
#3948=VERTEX_POINT('',#3947);
#3949=CARTESIAN_POINT('',(1.6E-1,-3.225E0,-9.25E-1));
#3950=VERTEX_POINT('',#3949);
#3951=CARTESIAN_POINT('',(-1.6E-1,-3.775E0,-4.25E-1));
#3952=VERTEX_POINT('',#3951);
#3953=CARTESIAN_POINT('',(-1.6E-1,-3.225E0,-9.25E-1));
#3954=VERTEX_POINT('',#3953);
#3955=CARTESIAN_POINT('',(-1.09E0,-3.925E0,-5.75E-1));
#3956=CARTESIAN_POINT('',(-1.09E0,-3.925E0,-1.3E0));
#3957=VERTEX_POINT('',#3955);
#3958=VERTEX_POINT('',#3956);
#3959=CARTESIAN_POINT('',(-1.09E0,-4.225E0,-1.3E0));
#3960=VERTEX_POINT('',#3959);
#3961=CARTESIAN_POINT('',(-1.09E0,-4.225E0,-1.6E0));
#3962=VERTEX_POINT('',#3961);
#3963=CARTESIAN_POINT('',(-1.09E0,-4.025E0,-1.8E0));
#3964=VERTEX_POINT('',#3963);
#3965=CARTESIAN_POINT('',(-1.09E0,-3.625E0,-1.8E0));
#3966=VERTEX_POINT('',#3965);
#3967=CARTESIAN_POINT('',(-1.09E0,-3.425E0,-1.6E0));
#3968=VERTEX_POINT('',#3967);
#3969=CARTESIAN_POINT('',(-1.09E0,-3.425E0,-1.125E0));
#3970=VERTEX_POINT('',#3969);
#3971=CARTESIAN_POINT('',(-1.41E0,-3.925E0,-5.75E-1));
#3972=CARTESIAN_POINT('',(-1.41E0,-3.925E0,-1.3E0));
#3973=VERTEX_POINT('',#3971);
#3974=VERTEX_POINT('',#3972);
#3975=CARTESIAN_POINT('',(-1.41E0,-4.225E0,-1.3E0));
#3976=VERTEX_POINT('',#3975);
#3977=CARTESIAN_POINT('',(-1.41E0,-4.225E0,-1.6E0));
#3978=VERTEX_POINT('',#3977);
#3979=CARTESIAN_POINT('',(-1.41E0,-4.025E0,-1.8E0));
#3980=VERTEX_POINT('',#3979);
#3981=CARTESIAN_POINT('',(-1.41E0,-3.625E0,-1.8E0));
#3982=VERTEX_POINT('',#3981);
#3983=CARTESIAN_POINT('',(-1.41E0,-3.425E0,-1.6E0));
#3984=VERTEX_POINT('',#3983);
#3985=CARTESIAN_POINT('',(-1.41E0,-3.425E0,-1.125E0));
#3986=VERTEX_POINT('',#3985);
#3987=CARTESIAN_POINT('',(-1.09E0,-3.125E0,-9.25E-1));
#3988=CARTESIAN_POINT('',(-1.09E0,-3.125E0,-4.25E-1));
#3989=VERTEX_POINT('',#3987);
#3990=VERTEX_POINT('',#3988);
#3991=CARTESIAN_POINT('',(-1.41E0,-3.125E0,-9.25E-1));
#3992=CARTESIAN_POINT('',(-1.41E0,-3.125E0,-4.25E-1));
#3993=VERTEX_POINT('',#3991);
#3994=VERTEX_POINT('',#3992);
#3995=CARTESIAN_POINT('',(-1.09E0,-3.775E0,-4.25E-1));
#3996=VERTEX_POINT('',#3995);
#3997=CARTESIAN_POINT('',(-1.09E0,-3.225E0,-9.25E-1));
#3998=VERTEX_POINT('',#3997);
#3999=CARTESIAN_POINT('',(-1.41E0,-3.775E0,-4.25E-1));
#4000=VERTEX_POINT('',#3999);
#4001=CARTESIAN_POINT('',(-1.41E0,-3.225E0,-9.25E-1));
#4002=VERTEX_POINT('',#4001);
#4003=CARTESIAN_POINT('',(-2.34E0,-3.925E0,-5.75E-1));
#4004=CARTESIAN_POINT('',(-2.34E0,-3.925E0,-1.3E0));
#4005=VERTEX_POINT('',#4003);
#4006=VERTEX_POINT('',#4004);
#4007=CARTESIAN_POINT('',(-2.34E0,-4.225E0,-1.3E0));
#4008=VERTEX_POINT('',#4007);
#4009=CARTESIAN_POINT('',(-2.34E0,-4.225E0,-1.6E0));
#4010=VERTEX_POINT('',#4009);
#4011=CARTESIAN_POINT('',(-2.34E0,-4.025E0,-1.8E0));
#4012=VERTEX_POINT('',#4011);
#4013=CARTESIAN_POINT('',(-2.34E0,-3.625E0,-1.8E0));
#4014=VERTEX_POINT('',#4013);
#4015=CARTESIAN_POINT('',(-2.34E0,-3.425E0,-1.6E0));
#4016=VERTEX_POINT('',#4015);
#4017=CARTESIAN_POINT('',(-2.34E0,-3.425E0,-1.125E0));
#4018=VERTEX_POINT('',#4017);
#4019=CARTESIAN_POINT('',(-2.66E0,-3.925E0,-5.75E-1));
#4020=CARTESIAN_POINT('',(-2.66E0,-3.925E0,-1.3E0));
#4021=VERTEX_POINT('',#4019);
#4022=VERTEX_POINT('',#4020);
#4023=CARTESIAN_POINT('',(-2.66E0,-4.225E0,-1.3E0));
#4024=VERTEX_POINT('',#4023);
#4025=CARTESIAN_POINT('',(-2.66E0,-4.225E0,-1.6E0));
#4026=VERTEX_POINT('',#4025);
#4027=CARTESIAN_POINT('',(-2.66E0,-4.025E0,-1.8E0));
#4028=VERTEX_POINT('',#4027);
#4029=CARTESIAN_POINT('',(-2.66E0,-3.625E0,-1.8E0));
#4030=VERTEX_POINT('',#4029);
#4031=CARTESIAN_POINT('',(-2.66E0,-3.425E0,-1.6E0));
#4032=VERTEX_POINT('',#4031);
#4033=CARTESIAN_POINT('',(-2.66E0,-3.425E0,-1.125E0));
#4034=VERTEX_POINT('',#4033);
#4035=CARTESIAN_POINT('',(-2.34E0,-3.125E0,-9.25E-1));
#4036=CARTESIAN_POINT('',(-2.34E0,-3.125E0,-4.25E-1));
#4037=VERTEX_POINT('',#4035);
#4038=VERTEX_POINT('',#4036);
#4039=CARTESIAN_POINT('',(-2.66E0,-3.125E0,-9.25E-1));
#4040=CARTESIAN_POINT('',(-2.66E0,-3.125E0,-4.25E-1));
#4041=VERTEX_POINT('',#4039);
#4042=VERTEX_POINT('',#4040);
#4043=CARTESIAN_POINT('',(-2.34E0,-3.775E0,-4.25E-1));
#4044=VERTEX_POINT('',#4043);
#4045=CARTESIAN_POINT('',(-2.34E0,-3.225E0,-9.25E-1));
#4046=VERTEX_POINT('',#4045);
#4047=CARTESIAN_POINT('',(-2.66E0,-3.775E0,-4.25E-1));
#4048=VERTEX_POINT('',#4047);
#4049=CARTESIAN_POINT('',(-2.66E0,-3.225E0,-9.25E-1));
#4050=VERTEX_POINT('',#4049);
#4051=CARTESIAN_POINT('',(-4.E0,9.75E-1,-1.6E0));
#4052=CARTESIAN_POINT('',(-4.E0,-3.225E0,-1.6E0));
#4053=VERTEX_POINT('',#4051);
#4054=VERTEX_POINT('',#4052);
#4055=CARTESIAN_POINT('',(3.8E0,-3.225E0,-1.6E0));
#4056=VERTEX_POINT('',#4055);
#4057=CARTESIAN_POINT('',(4.E0,-3.225E0,-1.6E0));
#4058=VERTEX_POINT('',#4057);
#4059=CARTESIAN_POINT('',(-3.8E0,-3.225E0,-1.6E0));
#4060=VERTEX_POINT('',#4059);
#4061=CARTESIAN_POINT('',(4.E0,9.75E-1,-1.6E0));
#4062=VERTEX_POINT('',#4061);
#4063=CARTESIAN_POINT('',(3.8E0,9.75E-1,-1.6E0));
#4064=VERTEX_POINT('',#4063);
#4065=CARTESIAN_POINT('',(-3.8E0,9.75E-1,-1.6E0));
#4066=VERTEX_POINT('',#4065);
#4067=CARTESIAN_POINT('',(5.5E0,-2.5E-2,-1.8E0));
#4068=CARTESIAN_POINT('',(5.5E0,-2.5E-2,-1.55E0));
#4069=VERTEX_POINT('',#4067);
#4070=VERTEX_POINT('',#4068);
#4071=CARTESIAN_POINT('',(5.7E0,-2.25E-1,-1.8E0));
#4072=CARTESIAN_POINT('',(5.7E0,-2.25E-1,-1.55E0));
#4073=VERTEX_POINT('',#4071);
#4074=VERTEX_POINT('',#4072);
#4075=CARTESIAN_POINT('',(5.5E0,-2.225E0,-1.8E0));
#4076=CARTESIAN_POINT('',(5.5E0,-2.225E0,-1.55E0));
#4077=VERTEX_POINT('',#4075);
#4078=VERTEX_POINT('',#4076);
#4079=CARTESIAN_POINT('',(5.7E0,-2.025E0,-1.8E0));
#4080=CARTESIAN_POINT('',(5.7E0,-2.025E0,-1.55E0));
#4081=VERTEX_POINT('',#4079);
#4082=VERTEX_POINT('',#4080);
#4083=CARTESIAN_POINT('',(-5.5E0,-2.5E-2,-1.55E0));
#4084=CARTESIAN_POINT('',(-5.5E0,-2.5E-2,-1.8E0));
#4085=VERTEX_POINT('',#4083);
#4086=VERTEX_POINT('',#4084);
#4087=CARTESIAN_POINT('',(-5.7E0,-2.25E-1,-1.55E0));
#4088=CARTESIAN_POINT('',(-5.7E0,-2.25E-1,-1.8E0));
#4089=VERTEX_POINT('',#4087);
#4090=VERTEX_POINT('',#4088);
#4091=CARTESIAN_POINT('',(-5.5E0,-2.225E0,-1.55E0));
#4092=CARTESIAN_POINT('',(-5.5E0,-2.225E0,-1.8E0));
#4093=VERTEX_POINT('',#4091);
#4094=VERTEX_POINT('',#4092);
#4095=CARTESIAN_POINT('',(-5.7E0,-2.025E0,-1.55E0));
#4096=CARTESIAN_POINT('',(-5.7E0,-2.025E0,-1.8E0));
#4097=VERTEX_POINT('',#4095);
#4098=VERTEX_POINT('',#4096);
#4099=CARTESIAN_POINT('',(4.225E0,-2.5E-2,-1.31E0));
#4100=VERTEX_POINT('',#4099);
#4101=CARTESIAN_POINT('',(-4.225E0,-2.5E-2,-1.31E0));
#4102=VERTEX_POINT('',#4101);
#4103=CARTESIAN_POINT('',(2.025E0,9.75E-1,-1.4E0));
#4104=CARTESIAN_POINT('',(2.025E0,9.75E-1,-1.6E0));
#4105=VERTEX_POINT('',#4103);
#4106=VERTEX_POINT('',#4104);
#4107=CARTESIAN_POINT('',(1.725E0,9.75E-1,-1.4E0));
#4108=CARTESIAN_POINT('',(1.725E0,9.75E-1,-1.6E0));
#4109=VERTEX_POINT('',#4107);
#4110=VERTEX_POINT('',#4108);
#4111=CARTESIAN_POINT('',(2.025E0,-4.75E-1,-1.6E0));
#4112=VERTEX_POINT('',#4111);
#4113=CARTESIAN_POINT('',(2.425E0,-4.75E-1,-1.6E0));
#4114=VERTEX_POINT('',#4113);
#4115=CARTESIAN_POINT('',(2.425E0,-1.625E0,-1.6E0));
#4116=VERTEX_POINT('',#4115);
#4117=CARTESIAN_POINT('',(1.325E0,-1.625E0,-1.6E0));
#4118=VERTEX_POINT('',#4117);
#4119=CARTESIAN_POINT('',(1.325E0,-4.75E-1,-1.6E0));
#4120=VERTEX_POINT('',#4119);
#4121=CARTESIAN_POINT('',(1.725E0,-4.75E-1,-1.6E0));
#4122=VERTEX_POINT('',#4121);
#4123=CARTESIAN_POINT('',(2.025E0,7.75E-1,-1.2E0));
#4124=CARTESIAN_POINT('',(2.025E0,-4.75E-1,-1.2E0));
#4125=VERTEX_POINT('',#4123);
#4126=VERTEX_POINT('',#4124);
#4127=CARTESIAN_POINT('',(2.425E0,-4.75E-1,-1.2E0));
#4128=VERTEX_POINT('',#4127);
#4129=CARTESIAN_POINT('',(2.425E0,-1.625E0,-1.2E0));
#4130=VERTEX_POINT('',#4129);
#4131=CARTESIAN_POINT('',(1.325E0,-1.625E0,-1.2E0));
#4132=VERTEX_POINT('',#4131);
#4133=CARTESIAN_POINT('',(1.325E0,-4.75E-1,-1.2E0));
#4134=VERTEX_POINT('',#4133);
#4135=CARTESIAN_POINT('',(1.725E0,-4.75E-1,-1.2E0));
#4136=VERTEX_POINT('',#4135);
#4137=CARTESIAN_POINT('',(1.725E0,7.75E-1,-1.2E0));
#4138=VERTEX_POINT('',#4137);
#4139=CARTESIAN_POINT('',(-1.725E0,9.75E-1,-1.4E0));
#4140=CARTESIAN_POINT('',(-1.725E0,9.75E-1,-1.6E0));
#4141=VERTEX_POINT('',#4139);
#4142=VERTEX_POINT('',#4140);
#4143=CARTESIAN_POINT('',(-2.025E0,9.75E-1,-1.4E0));
#4144=CARTESIAN_POINT('',(-2.025E0,9.75E-1,-1.6E0));
#4145=VERTEX_POINT('',#4143);
#4146=VERTEX_POINT('',#4144);
#4147=CARTESIAN_POINT('',(-1.725E0,-4.75E-1,-1.6E0));
#4148=VERTEX_POINT('',#4147);
#4149=CARTESIAN_POINT('',(-1.325E0,-4.75E-1,-1.6E0));
#4150=VERTEX_POINT('',#4149);
#4151=CARTESIAN_POINT('',(-1.325E0,-1.625E0,-1.6E0));
#4152=VERTEX_POINT('',#4151);
#4153=CARTESIAN_POINT('',(-2.425E0,-1.625E0,-1.6E0));
#4154=VERTEX_POINT('',#4153);
#4155=CARTESIAN_POINT('',(-2.425E0,-4.75E-1,-1.6E0));
#4156=VERTEX_POINT('',#4155);
#4157=CARTESIAN_POINT('',(-2.025E0,-4.75E-1,-1.6E0));
#4158=VERTEX_POINT('',#4157);
#4159=CARTESIAN_POINT('',(-1.725E0,7.75E-1,-1.2E0));
#4160=CARTESIAN_POINT('',(-1.725E0,-4.75E-1,-1.2E0));
#4161=VERTEX_POINT('',#4159);
#4162=VERTEX_POINT('',#4160);
#4163=CARTESIAN_POINT('',(-1.325E0,-4.75E-1,-1.2E0));
#4164=VERTEX_POINT('',#4163);
#4165=CARTESIAN_POINT('',(-1.325E0,-1.625E0,-1.2E0));
#4166=VERTEX_POINT('',#4165);
#4167=CARTESIAN_POINT('',(-2.425E0,-1.625E0,-1.2E0));
#4168=VERTEX_POINT('',#4167);
#4169=CARTESIAN_POINT('',(-2.425E0,-4.75E-1,-1.2E0));
#4170=VERTEX_POINT('',#4169);
#4171=CARTESIAN_POINT('',(-2.025E0,-4.75E-1,-1.2E0));
#4172=VERTEX_POINT('',#4171);
#4173=CARTESIAN_POINT('',(-2.025E0,7.75E-1,-1.2E0));
#4174=VERTEX_POINT('',#4173);
#4175=CARTESIAN_POINT('',(3.7E0,-1.975E0,4.E-1));
#4176=CARTESIAN_POINT('',(3.7E0,-1.975E0,-4.5E-1));
#4177=VERTEX_POINT('',#4175);
#4178=VERTEX_POINT('',#4176);
#4179=CARTESIAN_POINT('',(3.7E0,9.75E-1,4.E-1));
#4180=CARTESIAN_POINT('',(3.7E0,9.75E-1,-4.5E-1));
#4181=VERTEX_POINT('',#4179);
#4182=VERTEX_POINT('',#4180);
#4183=CARTESIAN_POINT('',(3.4E0,7.75E-1,-4.5E-1));
#4184=VERTEX_POINT('',#4183);
#4185=CARTESIAN_POINT('',(3.4E0,7.75E-1,4.E-1));
#4186=VERTEX_POINT('',#4185);
#4187=CARTESIAN_POINT('',(-4.995E0,-2.5E-2,-2.95E-1));
#4188=VERTEX_POINT('',#4187);
#4189=CARTESIAN_POINT('',(4.995E0,-2.5E-2,-2.95E-1));
#4190=VERTEX_POINT('',#4189);
#4191=CARTESIAN_POINT('',(-5.E0,-2.025E0,-1.5E0));
#4192=CARTESIAN_POINT('',(-5.2E0,-2.225E0,-1.3E0));
#4193=VERTEX_POINT('',#4191);
#4194=VERTEX_POINT('',#4192);
#4195=CARTESIAN_POINT('',(-4.665E0,-2.225E0,-1.3E0));
#4196=VERTEX_POINT('',#4195);
#4197=CARTESIAN_POINT('',(-4.665E0,-2.025E0,-1.5E0));
#4198=VERTEX_POINT('',#4197);
#4199=CARTESIAN_POINT('',(-4.665E0,7.5E-2,-1.5E0));
#4200=VERTEX_POINT('',#4199);
#4201=CARTESIAN_POINT('',(-4.665E0,-2.225E0,-7.7E-1));
#4202=VERTEX_POINT('',#4201);
#4203=CARTESIAN_POINT('',(-4.665E0,-2.025E0,-5.7E-1));
#4204=CARTESIAN_POINT('',(-4.665E0,7.5E-2,-5.7E-1));
#4205=VERTEX_POINT('',#4203);
#4206=VERTEX_POINT('',#4204);
#4207=CARTESIAN_POINT('',(-4.995E0,-2.025E0,-5.7E-1));
#4208=VERTEX_POINT('',#4207);
#4209=CARTESIAN_POINT('',(-5.195E0,-2.225E0,-7.7E-1));
#4210=VERTEX_POINT('',#4209);
#4211=CARTESIAN_POINT('',(-5.195E0,-2.225E0,-7.E-2));
#4212=VERTEX_POINT('',#4211);
#4213=CARTESIAN_POINT('',(-4.995E0,-2.025E0,-2.7E-1));
#4214=CARTESIAN_POINT('',(-4.235E0,-2.025E0,-2.7E-1));
#4215=VERTEX_POINT('',#4213);
#4216=VERTEX_POINT('',#4214);
#4217=CARTESIAN_POINT('',(-4.035E0,-2.225E0,-7.E-2));
#4218=VERTEX_POINT('',#4217);
#4219=CARTESIAN_POINT('',(-4.035E0,-2.225E0,-1.5E0));
#4220=VERTEX_POINT('',#4219);
#4221=CARTESIAN_POINT('',(-4.035E0,7.5E-2,-1.5E0));
#4222=VERTEX_POINT('',#4221);
#4223=CARTESIAN_POINT('',(5.2E0,-2.225E0,-1.3E0));
#4224=CARTESIAN_POINT('',(5.E0,-2.025E0,-1.5E0));
#4225=VERTEX_POINT('',#4223);
#4226=VERTEX_POINT('',#4224);
#4227=CARTESIAN_POINT('',(4.665E0,-2.025E0,-1.5E0));
#4228=VERTEX_POINT('',#4227);
#4229=CARTESIAN_POINT('',(4.665E0,-2.225E0,-1.3E0));
#4230=VERTEX_POINT('',#4229);
#4231=CARTESIAN_POINT('',(4.035E0,7.5E-2,-1.5E0));
#4232=CARTESIAN_POINT('',(4.035E0,-2.225E0,-1.5E0));
#4233=VERTEX_POINT('',#4231);
#4234=VERTEX_POINT('',#4232);
#4235=CARTESIAN_POINT('',(4.035E0,-2.225E0,-7.E-2));
#4236=VERTEX_POINT('',#4235);
#4237=CARTESIAN_POINT('',(4.235E0,-2.025E0,-2.7E-1));
#4238=CARTESIAN_POINT('',(4.995E0,-2.025E0,-2.7E-1));
#4239=VERTEX_POINT('',#4237);
#4240=VERTEX_POINT('',#4238);
#4241=CARTESIAN_POINT('',(5.195E0,-2.225E0,-7.E-2));
#4242=VERTEX_POINT('',#4241);
#4243=CARTESIAN_POINT('',(5.195E0,-2.225E0,-7.7E-1));
#4244=VERTEX_POINT('',#4243);
#4245=CARTESIAN_POINT('',(4.995E0,-2.025E0,-5.7E-1));
#4246=CARTESIAN_POINT('',(4.665E0,-2.025E0,-5.7E-1));
#4247=VERTEX_POINT('',#4245);
#4248=VERTEX_POINT('',#4246);
#4249=CARTESIAN_POINT('',(4.665E0,-2.225E0,-7.7E-1));
#4250=VERTEX_POINT('',#4249);
#4251=CARTESIAN_POINT('',(4.665E0,7.5E-2,-5.7E-1));
#4252=VERTEX_POINT('',#4251);
#4253=CARTESIAN_POINT('',(4.665E0,7.5E-2,-1.5E0));
#4254=VERTEX_POINT('',#4253);
#4255=CARTESIAN_POINT('',(-4.465E0,7.5E-2,-1.3E0));
#4256=CARTESIAN_POINT('',(-4.465E0,7.5E-2,-7.7E-1));
#4257=VERTEX_POINT('',#4255);
#4258=VERTEX_POINT('',#4256);
#4259=CARTESIAN_POINT('',(-4.235E0,7.5E-2,-1.3E0));
#4260=VERTEX_POINT('',#4259);
#4261=CARTESIAN_POINT('',(4.235E0,7.5E-2,-1.3E0));
#4262=VERTEX_POINT('',#4261);
#4263=CARTESIAN_POINT('',(4.465E0,7.5E-2,-7.7E-1));
#4264=CARTESIAN_POINT('',(4.465E0,7.5E-2,-1.3E0));
#4265=VERTEX_POINT('',#4263);
#4266=VERTEX_POINT('',#4264);
#4267=CARTESIAN_POINT('',(-4.565E0,-2.125E0,-6.7E-1));
#4268=VERTEX_POINT('',#4267);
#4269=CARTESIAN_POINT('',(-4.565E0,-2.125E0,-1.4E0));
#4270=VERTEX_POINT('',#4269);
#4271=CARTESIAN_POINT('',(4.565E0,-2.125E0,-6.7E-1));
#4272=VERTEX_POINT('',#4271);
#4273=CARTESIAN_POINT('',(4.565E0,-2.125E0,-1.4E0));
#4274=VERTEX_POINT('',#4273);
#4275=CARTESIAN_POINT('',(-4.225E0,-2.035E0,-1.31E0));
#4276=VERTEX_POINT('',#4275);
#4277=CARTESIAN_POINT('',(4.225E0,-2.035E0,-1.31E0));
#4278=VERTEX_POINT('',#4277);
#4279=CARTESIAN_POINT('',(3.8E0,-2.225E0,-1.8E0));
#4280=CARTESIAN_POINT('',(3.3E0,-2.225E0,-1.8E0));
#4281=VERTEX_POINT('',#4279);
#4282=VERTEX_POINT('',#4280);
#4283=CARTESIAN_POINT('',(3.8E0,-2.5E-2,-1.8E0));
#4284=CARTESIAN_POINT('',(3.3E0,-2.5E-2,-1.8E0));
#4285=VERTEX_POINT('',#4283);
#4286=VERTEX_POINT('',#4284);
#4287=CARTESIAN_POINT('',(-3.8E0,-2.5E-2,-1.8E0));
#4288=CARTESIAN_POINT('',(-3.3E0,-2.5E-2,-1.8E0));
#4289=VERTEX_POINT('',#4287);
#4290=VERTEX_POINT('',#4288);
#4291=CARTESIAN_POINT('',(-3.8E0,-2.225E0,-1.8E0));
#4292=CARTESIAN_POINT('',(-3.3E0,-2.225E0,-1.8E0));
#4293=VERTEX_POINT('',#4291);
#4294=VERTEX_POINT('',#4292);
#4295=CARTESIAN_POINT('',(3.3E0,-2.225E0,-1.6E0));
#4296=VERTEX_POINT('',#4295);
#4297=CARTESIAN_POINT('',(3.3E0,-2.5E-2,-1.6E0));
#4298=VERTEX_POINT('',#4297);
#4299=CARTESIAN_POINT('',(-3.3E0,-2.5E-2,-1.6E0));
#4300=VERTEX_POINT('',#4299);
#4301=CARTESIAN_POINT('',(-3.3E0,-2.225E0,-1.6E0));
#4302=VERTEX_POINT('',#4301);
#4303=CARTESIAN_POINT('',(3.8E0,-2.225E0,-1.6E0));
#4304=VERTEX_POINT('',#4303);
#4305=CARTESIAN_POINT('',(3.8E0,-2.5E-2,-1.6E0));
#4306=VERTEX_POINT('',#4305);
#4307=CARTESIAN_POINT('',(-3.8E0,-2.5E-2,-1.6E0));
#4308=VERTEX_POINT('',#4307);
#4309=CARTESIAN_POINT('',(-3.8E0,-2.225E0,-1.6E0));
#4310=VERTEX_POINT('',#4309);
#4311=CARTESIAN_POINT('',(-4.465E0,-2.5E-2,-1.3E0));
#4312=CARTESIAN_POINT('',(-4.465E0,-2.5E-2,-7.7E-1));
#4313=VERTEX_POINT('',#4311);
#4314=VERTEX_POINT('',#4312);
#4315=CARTESIAN_POINT('',(-4.235E0,-2.5E-2,-1.3E0));
#4316=VERTEX_POINT('',#4315);
#4317=CARTESIAN_POINT('',(4.235E0,-2.5E-2,-1.3E0));
#4318=VERTEX_POINT('',#4317);
#4319=CARTESIAN_POINT('',(4.465E0,-2.5E-2,-7.7E-1));
#4320=CARTESIAN_POINT('',(4.465E0,-2.5E-2,-1.3E0));
#4321=VERTEX_POINT('',#4319);
#4322=VERTEX_POINT('',#4320);
#4323=CARTESIAN_POINT('',(-4.475E0,-2.5E-2,-7.6E-1));
#4324=VERTEX_POINT('',#4323);
#4325=CARTESIAN_POINT('',(-4.475E0,-2.035E0,-7.6E-1));
#4326=VERTEX_POINT('',#4325);
#4327=CARTESIAN_POINT('',(-4.475E0,-2.035E0,-1.31E0));
#4328=VERTEX_POINT('',#4327);
#4329=CARTESIAN_POINT('',(-4.475E0,-2.5E-2,-1.31E0));
#4330=VERTEX_POINT('',#4329);
#4331=CARTESIAN_POINT('',(4.475E0,-2.5E-2,-1.31E0));
#4332=VERTEX_POINT('',#4331);
#4333=CARTESIAN_POINT('',(4.475E0,-2.035E0,-1.31E0));
#4334=VERTEX_POINT('',#4333);
#4335=CARTESIAN_POINT('',(4.475E0,-2.035E0,-7.6E-1));
#4336=VERTEX_POINT('',#4335);
#4337=CARTESIAN_POINT('',(4.475E0,-2.5E-2,-7.6E-1));
#4338=VERTEX_POINT('',#4337);
#4339=CARTESIAN_POINT('',(-3.4E0,7.75E-1,-1.2E0));
#4340=CARTESIAN_POINT('',(-3.7E0,9.75E-1,-1.4E0));
#4341=VERTEX_POINT('',#4339);
#4342=VERTEX_POINT('',#4340);
#4343=CARTESIAN_POINT('',(3.7E0,9.75E-1,-1.4E0));
#4344=CARTESIAN_POINT('',(3.4E0,7.75E-1,-1.2E0));
#4345=VERTEX_POINT('',#4343);
#4346=VERTEX_POINT('',#4344);
#4347=CARTESIAN_POINT('',(-3.05E0,-3.75E-1,1.2E0));
#4348=CARTESIAN_POINT('',(-3.05E0,-1.75E-1,1.4E0));
#4349=VERTEX_POINT('',#4347);
#4350=VERTEX_POINT('',#4348);
#4351=CARTESIAN_POINT('',(-3.4E0,-1.75E-1,1.4E0));
#4352=VERTEX_POINT('',#4351);
#4353=CARTESIAN_POINT('',(-3.4E0,-3.75E-1,1.2E0));
#4354=VERTEX_POINT('',#4353);
#4355=CARTESIAN_POINT('',(-3.4E0,-1.75E-1,1.2E0));
#4356=VERTEX_POINT('',#4355);
#4357=CARTESIAN_POINT('',(-3.05E0,-6.25E-1,1.4E0));
#4358=CARTESIAN_POINT('',(3.05E0,-6.25E-1,1.4E0));
#4359=VERTEX_POINT('',#4357);
#4360=VERTEX_POINT('',#4358);
#4361=CARTESIAN_POINT('',(-3.05E0,-8.25E-1,1.2E0));
#4362=CARTESIAN_POINT('',(3.05E0,-8.25E-1,1.2E0));
#4363=VERTEX_POINT('',#4361);
#4364=VERTEX_POINT('',#4362);
#4365=CARTESIAN_POINT('',(3.05E0,-1.75E-1,1.4E0));
#4366=CARTESIAN_POINT('',(3.4E0,-1.75E-1,1.4E0));
#4367=VERTEX_POINT('',#4365);
#4368=VERTEX_POINT('',#4366);
#4369=CARTESIAN_POINT('',(3.05E0,-3.75E-1,1.2E0));
#4370=VERTEX_POINT('',#4369);
#4371=CARTESIAN_POINT('',(3.4E0,-3.75E-1,1.2E0));
#4372=VERTEX_POINT('',#4371);
#4373=CARTESIAN_POINT('',(3.4E0,-1.75E-1,1.2E0));
#4374=VERTEX_POINT('',#4373);
#4375=CARTESIAN_POINT('',(3.35E0,-3.115E0,-5.E-1));
#4376=CARTESIAN_POINT('',(3.35E0,-3.115E0,-1.1E0));
#4377=VERTEX_POINT('',#4375);
#4378=VERTEX_POINT('',#4376);
#4379=CARTESIAN_POINT('',(3.425E0,-3.115E0,-1.1E0));
#4380=VERTEX_POINT('',#4379);
#4381=CARTESIAN_POINT('',(3.5E0,-3.115E0,-1.010638308525E0));
#4382=VERTEX_POINT('',#4381);
#4383=CARTESIAN_POINT('',(3.5E0,-3.115E0,-9.085106253624E-1));
#4384=VERTEX_POINT('',#4383);
#4385=CARTESIAN_POINT('',(3.425E0,-3.115E0,-9.978723526001E-1));
#4386=VERTEX_POINT('',#4385);
#4387=CARTESIAN_POINT('',(3.425E0,-3.115E0,-5.E-1));
#4388=VERTEX_POINT('',#4387);
#4389=CARTESIAN_POINT('',(3.35E0,-3.125E0,-5.E-1));
#4390=CARTESIAN_POINT('',(3.35E0,-3.125E0,-1.1E0));
#4391=VERTEX_POINT('',#4389);
#4392=VERTEX_POINT('',#4390);
#4393=CARTESIAN_POINT('',(3.425E0,-3.125E0,-1.1E0));
#4394=VERTEX_POINT('',#4393);
#4395=CARTESIAN_POINT('',(3.5E0,-3.125E0,-1.010638308525E0));
#4396=VERTEX_POINT('',#4395);
#4397=CARTESIAN_POINT('',(3.5E0,-3.125E0,-9.085106253624E-1));
#4398=VERTEX_POINT('',#4397);
#4399=CARTESIAN_POINT('',(3.425E0,-3.125E0,-9.978723526001E-1));
#4400=VERTEX_POINT('',#4399);
#4401=CARTESIAN_POINT('',(3.425E0,-3.125E0,-5.E-1));
#4402=VERTEX_POINT('',#4401);
#4403=CARTESIAN_POINT('',(0.E0,0.E0,-1.8E0));
#4404=DIRECTION('',(0.E0,0.E0,1.E0));
#4405=DIRECTION('',(1.E0,0.E0,0.E0));
#4406=AXIS2_PLACEMENT_3D('',#4403,#4404,#4405);
#4407=PLANE('',#4406);
#4409=ORIENTED_EDGE('',*,*,#4408,.T.);
#4411=ORIENTED_EDGE('',*,*,#4410,.F.);
#4413=ORIENTED_EDGE('',*,*,#4412,.T.);
#4415=ORIENTED_EDGE('',*,*,#4414,.T.);
#4416=EDGE_LOOP('',(#4409,#4411,#4413,#4415));
#4417=FACE_OUTER_BOUND('',#4416,.F.);
#4418=ADVANCED_FACE('',(#4417),#4407,.F.);
#4419=CARTESIAN_POINT('',(0.E0,0.E0,-1.8E0));
#4420=DIRECTION('',(0.E0,0.E0,1.E0));
#4421=DIRECTION('',(1.E0,0.E0,0.E0));
#4422=AXIS2_PLACEMENT_3D('',#4419,#4420,#4421);
#4423=PLANE('',#4422);
#4425=ORIENTED_EDGE('',*,*,#4424,.F.);
#4427=ORIENTED_EDGE('',*,*,#4426,.T.);
#4429=ORIENTED_EDGE('',*,*,#4428,.T.);
#4431=ORIENTED_EDGE('',*,*,#4430,.F.);
#4432=EDGE_LOOP('',(#4425,#4427,#4429,#4431));
#4433=FACE_OUTER_BOUND('',#4432,.F.);
#4434=ADVANCED_FACE('',(#4433),#4423,.F.);
#4435=CARTESIAN_POINT('',(0.E0,0.E0,-1.8E0));
#4436=DIRECTION('',(0.E0,0.E0,1.E0));
#4437=DIRECTION('',(1.E0,0.E0,0.E0));
#4438=AXIS2_PLACEMENT_3D('',#4435,#4436,#4437);
#4439=PLANE('',#4438);
#4441=ORIENTED_EDGE('',*,*,#4440,.T.);
#4443=ORIENTED_EDGE('',*,*,#4442,.T.);
#4445=ORIENTED_EDGE('',*,*,#4444,.T.);
#4447=ORIENTED_EDGE('',*,*,#4446,.F.);
#4448=EDGE_LOOP('',(#4441,#4443,#4445,#4447));
#4449=FACE_OUTER_BOUND('',#4448,.F.);
#4450=ADVANCED_FACE('',(#4449),#4439,.F.);
#4451=CARTESIAN_POINT('',(0.E0,0.E0,-1.8E0));
#4452=DIRECTION('',(0.E0,0.E0,1.E0));
#4453=DIRECTION('',(1.E0,0.E0,0.E0));
#4454=AXIS2_PLACEMENT_3D('',#4451,#4452,#4453);
#4455=PLANE('',#4454);
#4457=ORIENTED_EDGE('',*,*,#4456,.F.);
#4459=ORIENTED_EDGE('',*,*,#4458,.F.);
#4461=ORIENTED_EDGE('',*,*,#4460,.T.);
#4463=ORIENTED_EDGE('',*,*,#4462,.T.);
#4464=EDGE_LOOP('',(#4457,#4459,#4461,#4463));
#4465=FACE_OUTER_BOUND('',#4464,.F.);
#4466=ADVANCED_FACE('',(#4465),#4455,.F.);
#4467=CARTESIAN_POINT('',(3.8E0,-2.225E0,-1.8E0));
#4468=DIRECTION('',(0.E0,-1.E0,0.E0));
#4469=DIRECTION('',(-1.E0,0.E0,0.E0));
#4470=AXIS2_PLACEMENT_3D('',#4467,#4468,#4469);
#4471=PLANE('',#4470);
#4472=ORIENTED_EDGE('',*,*,#4408,.F.);
#4474=ORIENTED_EDGE('',*,*,#4473,.T.);
#4476=ORIENTED_EDGE('',*,*,#4475,.T.);
#4478=ORIENTED_EDGE('',*,*,#4477,.T.);
#4479=EDGE_LOOP('',(#4472,#4474,#4476,#4478));
#4480=FACE_OUTER_BOUND('',#4479,.F.);
#4481=ADVANCED_FACE('',(#4480),#4471,.F.);
#4482=CARTESIAN_POINT('',(3.8E0,9.75E-1,-1.8E0));
#4483=DIRECTION('',(-1.E0,0.E0,0.E0));
#4484=DIRECTION('',(0.E0,0.E0,1.E0));
#4485=AXIS2_PLACEMENT_3D('',#4482,#4483,#4484);
#4486=PLANE('',#4485);
#4487=ORIENTED_EDGE('',*,*,#4473,.F.);
#4488=ORIENTED_EDGE('',*,*,#4414,.F.);
#4490=ORIENTED_EDGE('',*,*,#4489,.T.);
#4492=ORIENTED_EDGE('',*,*,#4491,.F.);
#4493=EDGE_LOOP('',(#4487,#4488,#4490,#4492));
#4494=FACE_OUTER_BOUND('',#4493,.F.);
#4495=ADVANCED_FACE('',(#4494),#4486,.F.);
#4496=CARTESIAN_POINT('',(3.8E0,9.75E-1,-1.8E0));
#4497=DIRECTION('',(-1.E0,0.E0,0.E0));
#4498=DIRECTION('',(0.E0,0.E0,1.E0));
#4499=AXIS2_PLACEMENT_3D('',#4496,#4497,#4498);
#4500=PLANE('',#4499);
#4502=ORIENTED_EDGE('',*,*,#4501,.T.);
#4504=ORIENTED_EDGE('',*,*,#4503,.F.);
#4506=ORIENTED_EDGE('',*,*,#4505,.F.);
#4507=ORIENTED_EDGE('',*,*,#4426,.F.);
#4508=EDGE_LOOP('',(#4502,#4504,#4506,#4507));
#4509=FACE_OUTER_BOUND('',#4508,.F.);
#4510=ADVANCED_FACE('',(#4509),#4500,.F.);
#4511=CARTESIAN_POINT('',(-4.E0,-3.225E0,-1.8E0));
#4512=DIRECTION('',(0.E0,-1.E0,0.E0));
#4513=DIRECTION('',(1.E0,0.E0,0.E0));
#4514=AXIS2_PLACEMENT_3D('',#4511,#4512,#4513);
#4515=PLANE('',#4514);
#4517=ORIENTED_EDGE('',*,*,#4516,.T.);
#4519=ORIENTED_EDGE('',*,*,#4518,.F.);
#4521=ORIENTED_EDGE('',*,*,#4520,.T.);
#4522=ORIENTED_EDGE('',*,*,#4489,.F.);
#4523=ORIENTED_EDGE('',*,*,#4412,.F.);
#4525=ORIENTED_EDGE('',*,*,#4524,.F.);
#4527=ORIENTED_EDGE('',*,*,#4526,.F.);
#4529=ORIENTED_EDGE('',*,*,#4528,.T.);
#4530=ORIENTED_EDGE('',*,*,#4460,.F.);
#4532=ORIENTED_EDGE('',*,*,#4531,.T.);
#4534=ORIENTED_EDGE('',*,*,#4533,.F.);
#4536=ORIENTED_EDGE('',*,*,#4535,.T.);
#4537=EDGE_LOOP('',(#4517,#4519,#4521,#4522,#4523,#4525,#4527,#4529,#4530,#4532,
#4534,#4536));
#4538=FACE_OUTER_BOUND('',#4537,.F.);
#4539=ADVANCED_FACE('',(#4538),#4515,.T.);
#4540=CARTESIAN_POINT('',(-4.E0,-3.225E0,-1.8E0));
#4541=DIRECTION('',(0.E0,-1.E0,0.E0));
#4542=DIRECTION('',(1.E0,0.E0,0.E0));
#4543=AXIS2_PLACEMENT_3D('',#4540,#4541,#4542);
#4544=PLANE('',#4543);
#4546=ORIENTED_EDGE('',*,*,#4545,.T.);
#4548=ORIENTED_EDGE('',*,*,#4547,.F.);
#4550=ORIENTED_EDGE('',*,*,#4549,.T.);
#4552=ORIENTED_EDGE('',*,*,#4551,.T.);
#4554=ORIENTED_EDGE('',*,*,#4553,.T.);
#4556=ORIENTED_EDGE('',*,*,#4555,.F.);
#4558=ORIENTED_EDGE('',*,*,#4557,.T.);
#4560=ORIENTED_EDGE('',*,*,#4559,.T.);
#4562=ORIENTED_EDGE('',*,*,#4561,.T.);
#4564=ORIENTED_EDGE('',*,*,#4563,.F.);
#4566=ORIENTED_EDGE('',*,*,#4565,.T.);
#4568=ORIENTED_EDGE('',*,*,#4567,.T.);
#4570=ORIENTED_EDGE('',*,*,#4569,.T.);
#4572=ORIENTED_EDGE('',*,*,#4571,.F.);
#4574=ORIENTED_EDGE('',*,*,#4573,.T.);
#4576=ORIENTED_EDGE('',*,*,#4575,.T.);
#4578=ORIENTED_EDGE('',*,*,#4577,.T.);
#4580=ORIENTED_EDGE('',*,*,#4579,.F.);
#4582=ORIENTED_EDGE('',*,*,#4581,.T.);
#4584=ORIENTED_EDGE('',*,*,#4583,.T.);
#4586=ORIENTED_EDGE('',*,*,#4585,.T.);
#4588=ORIENTED_EDGE('',*,*,#4587,.F.);
#4590=ORIENTED_EDGE('',*,*,#4589,.T.);
#4592=ORIENTED_EDGE('',*,*,#4591,.T.);
#4594=ORIENTED_EDGE('',*,*,#4593,.T.);
#4596=ORIENTED_EDGE('',*,*,#4595,.F.);
#4598=ORIENTED_EDGE('',*,*,#4597,.F.);
#4600=ORIENTED_EDGE('',*,*,#4599,.T.);
#4601=EDGE_LOOP('',(#4546,#4548,#4550,#4552,#4554,#4556,#4558,#4560,#4562,#4564,
#4566,#4568,#4570,#4572,#4574,#4576,#4578,#4580,#4582,#4584,#4586,#4588,#4590,
#4592,#4594,#4596,#4598,#4600));
#4602=FACE_OUTER_BOUND('',#4601,.F.);
#4603=ADVANCED_FACE('',(#4602),#4544,.T.);
#4604=CARTESIAN_POINT('',(6.84E0,-3.225E0,-1.3E0));
#4605=DIRECTION('',(0.E0,0.E0,-1.E0));
#4606=DIRECTION('',(0.E0,1.E0,0.E0));
#4607=AXIS2_PLACEMENT_3D('',#4604,#4605,#4606);
#4608=PLANE('',#4607);
#4610=ORIENTED_EDGE('',*,*,#4609,.T.);
#4612=ORIENTED_EDGE('',*,*,#4611,.F.);
#4614=ORIENTED_EDGE('',*,*,#4613,.F.);
#4615=ORIENTED_EDGE('',*,*,#4516,.F.);
#4616=EDGE_LOOP('',(#4610,#4612,#4614,#4615));
#4617=FACE_OUTER_BOUND('',#4616,.F.);
#4618=ADVANCED_FACE('',(#4617),#4608,.F.);
#4619=CARTESIAN_POINT('',(-4.E0,9.75E-1,-1.8E0));
#4620=DIRECTION('',(-1.E0,0.E0,0.E0));
#4621=DIRECTION('',(0.E0,-1.E0,0.E0));
#4622=AXIS2_PLACEMENT_3D('',#4619,#4620,#4621);
#4623=PLANE('',#4622);
#4625=ORIENTED_EDGE('',*,*,#4624,.F.);
#4626=ORIENTED_EDGE('',*,*,#4599,.F.);
#4628=ORIENTED_EDGE('',*,*,#4627,.T.);
#4630=ORIENTED_EDGE('',*,*,#4629,.F.);
#4631=ORIENTED_EDGE('',*,*,#4609,.F.);
#4632=ORIENTED_EDGE('',*,*,#4535,.F.);
#4634=ORIENTED_EDGE('',*,*,#4633,.F.);
#4636=ORIENTED_EDGE('',*,*,#4635,.T.);
#4638=ORIENTED_EDGE('',*,*,#4637,.T.);
#4640=ORIENTED_EDGE('',*,*,#4639,.F.);
#4642=ORIENTED_EDGE('',*,*,#4641,.T.);
#4644=ORIENTED_EDGE('',*,*,#4643,.T.);
#4645=EDGE_LOOP('',(#4625,#4626,#4628,#4630,#4631,#4632,#4634,#4636,#4638,#4640,
#4642,#4644));
#4646=FACE_OUTER_BOUND('',#4645,.F.);
#4648=ORIENTED_EDGE('',*,*,#4647,.T.);
#4650=ORIENTED_EDGE('',*,*,#4649,.F.);
#4652=ORIENTED_EDGE('',*,*,#4651,.F.);
#4654=ORIENTED_EDGE('',*,*,#4653,.T.);
#4655=EDGE_LOOP('',(#4648,#4650,#4652,#4654));
#4656=FACE_BOUND('',#4655,.F.);
#4657=ADVANCED_FACE('',(#4646,#4656),#4623,.T.);
#4658=CARTESIAN_POINT('',(-4.E0,-2.225E0,-1.8E0));
#4659=DIRECTION('',(0.E0,-1.E0,0.E0));
#4660=DIRECTION('',(1.E0,0.E0,0.E0));
#4661=AXIS2_PLACEMENT_3D('',#4658,#4659,#4660);
#4662=PLANE('',#4661);
#4664=ORIENTED_EDGE('',*,*,#4663,.F.);
#4666=ORIENTED_EDGE('',*,*,#4665,.F.);
#4668=ORIENTED_EDGE('',*,*,#4667,.F.);
#4670=ORIENTED_EDGE('',*,*,#4669,.F.);
#4672=ORIENTED_EDGE('',*,*,#4671,.F.);
#4674=ORIENTED_EDGE('',*,*,#4673,.F.);
#4675=ORIENTED_EDGE('',*,*,#4647,.F.);
#4677=ORIENTED_EDGE('',*,*,#4676,.F.);
#4679=ORIENTED_EDGE('',*,*,#4678,.F.);
#4681=ORIENTED_EDGE('',*,*,#4680,.F.);
#4683=ORIENTED_EDGE('',*,*,#4682,.F.);
#4685=ORIENTED_EDGE('',*,*,#4684,.F.);
#4687=ORIENTED_EDGE('',*,*,#4686,.F.);
#4688=EDGE_LOOP('',(#4664,#4666,#4668,#4670,#4672,#4674,#4675,#4677,#4679,#4681,
#4683,#4685,#4687));
#4689=FACE_OUTER_BOUND('',#4688,.F.);
#4690=ADVANCED_FACE('',(#4689),#4662,.T.);
#4691=CARTESIAN_POINT('',(-4.E0,-2.225E0,-1.8E0));
#4692=DIRECTION('',(0.E0,-1.E0,0.E0));
#4693=DIRECTION('',(1.E0,0.E0,0.E0));
#4694=AXIS2_PLACEMENT_3D('',#4691,#4692,#4693);
#4695=PLANE('',#4694);
#4697=ORIENTED_EDGE('',*,*,#4696,.F.);
#4699=ORIENTED_EDGE('',*,*,#4698,.F.);
#4701=ORIENTED_EDGE('',*,*,#4700,.F.);
#4703=ORIENTED_EDGE('',*,*,#4702,.F.);
#4705=ORIENTED_EDGE('',*,*,#4704,.F.);
#4707=ORIENTED_EDGE('',*,*,#4706,.F.);
#4709=ORIENTED_EDGE('',*,*,#4708,.F.);
#4711=ORIENTED_EDGE('',*,*,#4710,.T.);
#4713=ORIENTED_EDGE('',*,*,#4712,.F.);
#4715=ORIENTED_EDGE('',*,*,#4714,.F.);
#4717=ORIENTED_EDGE('',*,*,#4716,.F.);
#4719=ORIENTED_EDGE('',*,*,#4718,.F.);
#4721=ORIENTED_EDGE('',*,*,#4720,.F.);
#4722=EDGE_LOOP('',(#4697,#4699,#4701,#4703,#4705,#4707,#4709,#4711,#4713,#4715,
#4717,#4719,#4721));
#4723=FACE_OUTER_BOUND('',#4722,.F.);
#4724=ADVANCED_FACE('',(#4723),#4695,.T.);
#4725=CARTESIAN_POINT('',(-4.7325E0,-2.125E0,-1.4E0));
#4726=DIRECTION('',(0.E0,-7.071067811865E-1,-7.071067811865E-1));
#4727=DIRECTION('',(0.E0,7.071067811865E-1,-7.071067811865E-1));
#4728=AXIS2_PLACEMENT_3D('',#4725,#4726,#4727);
#4729=PLANE('',#4728);
#4731=ORIENTED_EDGE('',*,*,#4730,.T.);
#4732=ORIENTED_EDGE('',*,*,#4663,.T.);
#4734=ORIENTED_EDGE('',*,*,#4733,.T.);
#4736=ORIENTED_EDGE('',*,*,#4735,.T.);
#4738=ORIENTED_EDGE('',*,*,#4737,.F.);
#4739=EDGE_LOOP('',(#4731,#4732,#4734,#4736,#4738));
#4740=FACE_OUTER_BOUND('',#4739,.F.);
#4741=ADVANCED_FACE('',(#4740),#4729,.T.);
#4742=CARTESIAN_POINT('',(-5.5E0,5.75E-1,-1.E0));
#4743=DIRECTION('',(-7.071067811865E-1,0.E0,-7.071067811865E-1));
#4744=DIRECTION('',(7.071067811865E-1,0.E0,-7.071067811865E-1));
#4745=AXIS2_PLACEMENT_3D('',#4742,#4743,#4744);
#4746=PLANE('',#4745);
#4747=ORIENTED_EDGE('',*,*,#4730,.F.);
#4749=ORIENTED_EDGE('',*,*,#4748,.F.);
#4751=ORIENTED_EDGE('',*,*,#4750,.F.);
#4753=ORIENTED_EDGE('',*,*,#4752,.T.);
#4754=ORIENTED_EDGE('',*,*,#4665,.T.);
#4755=EDGE_LOOP('',(#4747,#4749,#4751,#4753,#4754));
#4756=FACE_OUTER_BOUND('',#4755,.F.);
#4757=ADVANCED_FACE('',(#4756),#4746,.T.);
#4758=CARTESIAN_POINT('',(-5.E0,5.75E-1,-1.5E0));
#4759=DIRECTION('',(0.E0,0.E0,-1.E0));
#4760=DIRECTION('',(1.E0,0.E0,0.E0));
#4761=AXIS2_PLACEMENT_3D('',#4758,#4759,#4760);
#4762=PLANE('',#4761);
#4763=ORIENTED_EDGE('',*,*,#4737,.T.);
#4765=ORIENTED_EDGE('',*,*,#4764,.F.);
#4767=ORIENTED_EDGE('',*,*,#4766,.F.);
#4769=ORIENTED_EDGE('',*,*,#4768,.F.);
#4770=ORIENTED_EDGE('',*,*,#4676,.T.);
#4771=ORIENTED_EDGE('',*,*,#4653,.F.);
#4773=ORIENTED_EDGE('',*,*,#4772,.F.);
#4774=ORIENTED_EDGE('',*,*,#4748,.T.);
#4775=EDGE_LOOP('',(#4763,#4765,#4767,#4769,#4770,#4771,#4773,#4774));
#4776=FACE_OUTER_BOUND('',#4775,.F.);
#4777=ADVANCED_FACE('',(#4776),#4762,.T.);
#4778=CARTESIAN_POINT('',(-4.565E0,-1.075E0,-1.4E0));
#4779=DIRECTION('',(7.071067811865E-1,0.E0,-7.071067811865E-1));
#4780=DIRECTION('',(7.071067811865E-1,0.E0,7.071067811865E-1));
#4781=AXIS2_PLACEMENT_3D('',#4778,#4779,#4780);
#4782=PLANE('',#4781);
#4784=ORIENTED_EDGE('',*,*,#4783,.T.);
#4786=ORIENTED_EDGE('',*,*,#4785,.F.);
#4788=ORIENTED_EDGE('',*,*,#4787,.T.);
#4789=ORIENTED_EDGE('',*,*,#4764,.T.);
#4790=ORIENTED_EDGE('',*,*,#4735,.F.);
#4792=ORIENTED_EDGE('',*,*,#4791,.F.);
#4794=ORIENTED_EDGE('',*,*,#4793,.T.);
#4795=EDGE_LOOP('',(#4784,#4786,#4788,#4789,#4790,#4792,#4794));
#4796=FACE_OUTER_BOUND('',#4795,.F.);
#4797=ADVANCED_FACE('',(#4796),#4782,.T.);
#4798=CARTESIAN_POINT('',(-4.E0,-2.5E-2,-1.8E0));
#4799=DIRECTION('',(0.E0,-1.E0,0.E0));
#4800=DIRECTION('',(1.E0,0.E0,0.E0));
#4801=AXIS2_PLACEMENT_3D('',#4798,#4799,#4800);
#4802=PLANE('',#4801);
#4804=ORIENTED_EDGE('',*,*,#4803,.T.);
#4806=ORIENTED_EDGE('',*,*,#4805,.T.);
#4808=ORIENTED_EDGE('',*,*,#4807,.T.);
#4810=ORIENTED_EDGE('',*,*,#4809,.T.);
#4812=ORIENTED_EDGE('',*,*,#4811,.T.);
#4814=ORIENTED_EDGE('',*,*,#4813,.T.);
#4816=ORIENTED_EDGE('',*,*,#4815,.T.);
#4818=ORIENTED_EDGE('',*,*,#4817,.T.);
#4820=ORIENTED_EDGE('',*,*,#4819,.F.);
#4822=ORIENTED_EDGE('',*,*,#4821,.T.);
#4824=ORIENTED_EDGE('',*,*,#4823,.T.);
#4826=ORIENTED_EDGE('',*,*,#4825,.T.);
#4828=ORIENTED_EDGE('',*,*,#4827,.T.);
#4830=ORIENTED_EDGE('',*,*,#4829,.T.);
#4832=ORIENTED_EDGE('',*,*,#4831,.T.);
#4834=ORIENTED_EDGE('',*,*,#4833,.T.);
#4836=ORIENTED_EDGE('',*,*,#4835,.F.);
#4838=ORIENTED_EDGE('',*,*,#4837,.F.);
#4839=EDGE_LOOP('',(#4804,#4806,#4808,#4810,#4812,#4814,#4816,#4818,#4820,#4822,
#4824,#4826,#4828,#4830,#4832,#4834,#4836,#4838));
#4840=FACE_OUTER_BOUND('',#4839,.F.);
#4841=ADVANCED_FACE('',(#4840),#4802,.F.);
#4842=CARTESIAN_POINT('',(-4.E0,-2.5E-2,-1.8E0));
#4843=DIRECTION('',(0.E0,-1.E0,0.E0));
#4844=DIRECTION('',(1.E0,0.E0,0.E0));
#4845=AXIS2_PLACEMENT_3D('',#4842,#4843,#4844);
#4846=PLANE('',#4845);
#4848=ORIENTED_EDGE('',*,*,#4847,.T.);
#4850=ORIENTED_EDGE('',*,*,#4849,.T.);
#4852=ORIENTED_EDGE('',*,*,#4851,.T.);
#4854=ORIENTED_EDGE('',*,*,#4853,.T.);
#4856=ORIENTED_EDGE('',*,*,#4855,.T.);
#4858=ORIENTED_EDGE('',*,*,#4857,.F.);
#4860=ORIENTED_EDGE('',*,*,#4859,.T.);
#4862=ORIENTED_EDGE('',*,*,#4861,.T.);
#4864=ORIENTED_EDGE('',*,*,#4863,.T.);
#4866=ORIENTED_EDGE('',*,*,#4865,.T.);
#4868=ORIENTED_EDGE('',*,*,#4867,.F.);
#4869=ORIENTED_EDGE('',*,*,#4783,.F.);
#4871=ORIENTED_EDGE('',*,*,#4870,.T.);
#4873=ORIENTED_EDGE('',*,*,#4872,.T.);
#4875=ORIENTED_EDGE('',*,*,#4874,.T.);
#4877=ORIENTED_EDGE('',*,*,#4876,.T.);
#4879=ORIENTED_EDGE('',*,*,#4878,.T.);
#4881=ORIENTED_EDGE('',*,*,#4880,.T.);
#4882=EDGE_LOOP('',(#4848,#4850,#4852,#4854,#4856,#4858,#4860,#4862,#4864,#4866,
#4868,#4869,#4871,#4873,#4875,#4877,#4879,#4881));
#4883=FACE_OUTER_BOUND('',#4882,.F.);
#4884=ADVANCED_FACE('',(#4883),#4846,.F.);
#4885=CARTESIAN_POINT('',(4.225E0,-2.225E0,-6.45E-1));
#4886=DIRECTION('',(-1.E0,0.E0,0.E0));
#4887=DIRECTION('',(0.E0,0.E0,-1.E0));
#4888=AXIS2_PLACEMENT_3D('',#4885,#4886,#4887);
#4889=PLANE('',#4888);
#4891=ORIENTED_EDGE('',*,*,#4890,.F.);
#4893=ORIENTED_EDGE('',*,*,#4892,.T.);
#4895=ORIENTED_EDGE('',*,*,#4894,.T.);
#4896=ORIENTED_EDGE('',*,*,#4803,.F.);
#4898=ORIENTED_EDGE('',*,*,#4897,.T.);
#4900=ORIENTED_EDGE('',*,*,#4899,.F.);
#4901=EDGE_LOOP('',(#4891,#4893,#4895,#4896,#4898,#4900));
#4902=FACE_OUTER_BOUND('',#4901,.F.);
#4903=ADVANCED_FACE('',(#4902),#4889,.T.);
#4904=CARTESIAN_POINT('',(4.575E0,-2.225E0,-6.45E-1));
#4905=DIRECTION('',(0.E0,-1.E0,0.E0));
#4906=DIRECTION('',(1.E0,0.E0,0.E0));
#4907=AXIS2_PLACEMENT_3D('',#4904,#4905,#4906);
#4908=CYLINDRICAL_SURFACE('',#4907,3.5E-1);
#4910=ORIENTED_EDGE('',*,*,#4909,.F.);
#4911=ORIENTED_EDGE('',*,*,#4833,.F.);
#4913=ORIENTED_EDGE('',*,*,#4912,.F.);
#4915=ORIENTED_EDGE('',*,*,#4914,.T.);
#4916=ORIENTED_EDGE('',*,*,#4890,.T.);
#4918=ORIENTED_EDGE('',*,*,#4917,.F.);
#4919=EDGE_LOOP('',(#4910,#4911,#4913,#4915,#4916,#4918));
#4920=FACE_OUTER_BOUND('',#4919,.F.);
#4921=ADVANCED_FACE('',(#4920),#4908,.T.);
#4922=CARTESIAN_POINT('',(4.235E0,-2.225E0,-1.5E0));
#4923=DIRECTION('',(-1.E0,0.E0,0.E0));
#4924=DIRECTION('',(0.E0,0.E0,1.E0));
#4925=AXIS2_PLACEMENT_3D('',#4922,#4923,#4924);
#4926=PLANE('',#4925);
#4927=ORIENTED_EDGE('',*,*,#4909,.T.);
#4929=ORIENTED_EDGE('',*,*,#4928,.T.);
#4931=ORIENTED_EDGE('',*,*,#4930,.T.);
#4933=ORIENTED_EDGE('',*,*,#4932,.F.);
#4935=ORIENTED_EDGE('',*,*,#4934,.T.);
#4936=ORIENTED_EDGE('',*,*,#4835,.T.);
#4937=EDGE_LOOP('',(#4927,#4929,#4931,#4933,#4935,#4936));
#4938=FACE_OUTER_BOUND('',#4937,.F.);
#4939=ADVANCED_FACE('',(#4938),#4926,.F.);
#4940=CARTESIAN_POINT('',(4.135E0,-2.125E0,-8.85E-1));
#4941=DIRECTION('',(7.071067811865E-1,-7.071067811865E-1,0.E0));
#4942=DIRECTION('',(7.071067811865E-1,7.071067811865E-1,0.E0));
#4943=AXIS2_PLACEMENT_3D('',#4940,#4941,#4942);
#4944=PLANE('',#4943);
#4945=ORIENTED_EDGE('',*,*,#4917,.T.);
#4946=ORIENTED_EDGE('',*,*,#4899,.T.);
#4948=ORIENTED_EDGE('',*,*,#4947,.T.);
#4949=ORIENTED_EDGE('',*,*,#4706,.T.);
#4951=ORIENTED_EDGE('',*,*,#4950,.F.);
#4952=ORIENTED_EDGE('',*,*,#4928,.F.);
#4953=EDGE_LOOP('',(#4945,#4946,#4948,#4949,#4951,#4952));
#4954=FACE_OUTER_BOUND('',#4953,.F.);
#4955=ADVANCED_FACE('',(#4954),#4944,.T.);
#4956=CARTESIAN_POINT('',(4.135E0,-1.075E0,-1.4E0));
#4957=DIRECTION('',(7.071067811865E-1,0.E0,-7.071067811865E-1));
#4958=DIRECTION('',(7.071067811865E-1,0.E0,7.071067811865E-1));
#4959=AXIS2_PLACEMENT_3D('',#4956,#4957,#4958);
#4960=PLANE('',#4959);
#4961=ORIENTED_EDGE('',*,*,#4897,.F.);
#4962=ORIENTED_EDGE('',*,*,#4837,.T.);
#4963=ORIENTED_EDGE('',*,*,#4934,.F.);
#4965=ORIENTED_EDGE('',*,*,#4964,.T.);
#4967=ORIENTED_EDGE('',*,*,#4966,.T.);
#4968=ORIENTED_EDGE('',*,*,#4947,.F.);
#4969=EDGE_LOOP('',(#4961,#4962,#4963,#4965,#4967,#4968));
#4970=FACE_OUTER_BOUND('',#4969,.F.);
#4971=ADVANCED_FACE('',(#4970),#4960,.T.);
#4972=CARTESIAN_POINT('',(-4.E0,7.5E-2,-1.8E0));
#4973=DIRECTION('',(0.E0,1.E0,0.E0));
#4974=DIRECTION('',(-1.E0,0.E0,0.E0));
#4975=AXIS2_PLACEMENT_3D('',#4972,#4973,#4974);
#4976=PLANE('',#4975);
#4978=ORIENTED_EDGE('',*,*,#4977,.T.);
#4980=ORIENTED_EDGE('',*,*,#4979,.F.);
#4982=ORIENTED_EDGE('',*,*,#4981,.T.);
#4984=ORIENTED_EDGE('',*,*,#4983,.T.);
#4986=ORIENTED_EDGE('',*,*,#4985,.T.);
#4988=ORIENTED_EDGE('',*,*,#4987,.T.);
#4990=ORIENTED_EDGE('',*,*,#4989,.F.);
#4991=ORIENTED_EDGE('',*,*,#4766,.T.);
#4992=ORIENTED_EDGE('',*,*,#4787,.F.);
#4993=EDGE_LOOP('',(#4978,#4980,#4982,#4984,#4986,#4988,#4990,#4991,#4992));
#4994=FACE_OUTER_BOUND('',#4993,.F.);
#4995=ADVANCED_FACE('',(#4994),#4976,.F.);
#4996=CARTESIAN_POINT('',(-4.E0,7.5E-2,-1.8E0));
#4997=DIRECTION('',(0.E0,1.E0,0.E0));
#4998=DIRECTION('',(-1.E0,0.E0,0.E0));
#4999=AXIS2_PLACEMENT_3D('',#4996,#4997,#4998);
#5000=PLANE('',#4999);
#5002=ORIENTED_EDGE('',*,*,#5001,.T.);
#5003=ORIENTED_EDGE('',*,*,#4964,.F.);
#5004=ORIENTED_EDGE('',*,*,#4932,.T.);
#5006=ORIENTED_EDGE('',*,*,#5005,.T.);
#5008=ORIENTED_EDGE('',*,*,#5007,.T.);
#5010=ORIENTED_EDGE('',*,*,#5009,.T.);
#5012=ORIENTED_EDGE('',*,*,#5011,.F.);
#5014=ORIENTED_EDGE('',*,*,#5013,.T.);
#5016=ORIENTED_EDGE('',*,*,#5015,.F.);
#5017=EDGE_LOOP('',(#5002,#5003,#5004,#5006,#5008,#5010,#5012,#5014,#5016));
#5018=FACE_OUTER_BOUND('',#5017,.F.);
#5019=ADVANCED_FACE('',(#5018),#5000,.F.);
#5020=CARTESIAN_POINT('',(-4.465E0,-2.225E0,-1.5E0));
#5021=DIRECTION('',(-1.E0,0.E0,0.E0));
#5022=DIRECTION('',(0.E0,0.E0,1.E0));
#5023=AXIS2_PLACEMENT_3D('',#5020,#5021,#5022);
#5024=PLANE('',#5023);
#5025=ORIENTED_EDGE('',*,*,#4867,.T.);
#5027=ORIENTED_EDGE('',*,*,#5026,.T.);
#5028=ORIENTED_EDGE('',*,*,#4977,.F.);
#5029=ORIENTED_EDGE('',*,*,#4785,.T.);
#5030=EDGE_LOOP('',(#5025,#5027,#5028,#5029));
#5031=FACE_OUTER_BOUND('',#5030,.F.);
#5032=ADVANCED_FACE('',(#5031),#5024,.F.);
#5033=CARTESIAN_POINT('',(-4.565E0,-1.075E0,-6.7E-1));
#5034=DIRECTION('',(7.071067811865E-1,0.E0,7.071067811865E-1));
#5035=DIRECTION('',(7.071067811865E-1,0.E0,-7.071067811865E-1));
#5036=AXIS2_PLACEMENT_3D('',#5033,#5034,#5035);
#5037=PLANE('',#5036);
#5038=ORIENTED_EDGE('',*,*,#4865,.F.);
#5040=ORIENTED_EDGE('',*,*,#5039,.F.);
#5042=ORIENTED_EDGE('',*,*,#5041,.F.);
#5044=ORIENTED_EDGE('',*,*,#5043,.F.);
#5046=ORIENTED_EDGE('',*,*,#5045,.T.);
#5047=ORIENTED_EDGE('',*,*,#4979,.T.);
#5048=ORIENTED_EDGE('',*,*,#5026,.F.);
#5049=EDGE_LOOP('',(#5038,#5040,#5042,#5044,#5046,#5047,#5048));
#5050=FACE_OUTER_BOUND('',#5049,.F.);
#5051=ADVANCED_FACE('',(#5050),#5037,.T.);
#5052=CARTESIAN_POINT('',(-4.475E0,-2.225E0,-6.45E-1));
#5053=DIRECTION('',(-1.E0,0.E0,0.E0));
#5054=DIRECTION('',(0.E0,0.E0,-1.E0));
#5055=AXIS2_PLACEMENT_3D('',#5052,#5053,#5054);
#5056=PLANE('',#5055);
#5057=ORIENTED_EDGE('',*,*,#5039,.T.);
#5058=ORIENTED_EDGE('',*,*,#4863,.F.);
#5060=ORIENTED_EDGE('',*,*,#5059,.F.);
#5062=ORIENTED_EDGE('',*,*,#5061,.T.);
#5064=ORIENTED_EDGE('',*,*,#5063,.T.);
#5065=ORIENTED_EDGE('',*,*,#4870,.F.);
#5066=ORIENTED_EDGE('',*,*,#4793,.F.);
#5068=ORIENTED_EDGE('',*,*,#5067,.F.);
#5069=EDGE_LOOP('',(#5057,#5058,#5060,#5062,#5064,#5065,#5066,#5068));
#5070=FACE_OUTER_BOUND('',#5069,.F.);
#5071=ADVANCED_FACE('',(#5070),#5056,.T.);
#5072=CARTESIAN_POINT('',(-4.575E0,-2.225E0,-6.45E-1));
#5073=DIRECTION('',(0.E0,-1.E0,0.E0));
#5074=DIRECTION('',(1.E0,0.E0,0.E0));
#5075=AXIS2_PLACEMENT_3D('',#5072,#5073,#5074);
#5076=CYLINDRICAL_SURFACE('',#5075,1.E-1);
#5078=ORIENTED_EDGE('',*,*,#5077,.T.);
#5079=ORIENTED_EDGE('',*,*,#5059,.T.);
#5080=ORIENTED_EDGE('',*,*,#4861,.F.);
#5082=ORIENTED_EDGE('',*,*,#5081,.F.);
#5083=EDGE_LOOP('',(#5078,#5079,#5080,#5082));
#5084=FACE_OUTER_BOUND('',#5083,.F.);
#5085=ADVANCED_FACE('',(#5084),#5076,.F.);
#5086=CARTESIAN_POINT('',(-4.E0,-2.225E0,-1.8E0));
#5087=DIRECTION('',(0.E0,-1.E0,0.E0));
#5088=DIRECTION('',(1.E0,0.E0,0.E0));
#5089=AXIS2_PLACEMENT_3D('',#5086,#5087,#5088);
#5090=PLANE('',#5089);
#5092=ORIENTED_EDGE('',*,*,#5091,.F.);
#5094=ORIENTED_EDGE('',*,*,#5093,.F.);
#5096=ORIENTED_EDGE('',*,*,#5095,.F.);
#5098=ORIENTED_EDGE('',*,*,#5097,.F.);
#5100=ORIENTED_EDGE('',*,*,#5099,.F.);
#5102=ORIENTED_EDGE('',*,*,#5101,.F.);
#5104=ORIENTED_EDGE('',*,*,#5103,.F.);
#5105=ORIENTED_EDGE('',*,*,#4892,.F.);
#5106=ORIENTED_EDGE('',*,*,#4914,.F.);
#5108=ORIENTED_EDGE('',*,*,#5107,.F.);
#5110=ORIENTED_EDGE('',*,*,#5109,.F.);
#5112=ORIENTED_EDGE('',*,*,#5111,.F.);
#5113=EDGE_LOOP('',(#5092,#5094,#5096,#5098,#5100,#5102,#5104,#5105,#5106,#5108,
#5110,#5112));
#5114=FACE_OUTER_BOUND('',#5113,.F.);
#5115=ADVANCED_FACE('',(#5114),#5090,.T.);
#5116=CARTESIAN_POINT('',(-4.E0,-2.225E0,-1.8E0));
#5117=DIRECTION('',(0.E0,-1.E0,0.E0));
#5118=DIRECTION('',(1.E0,0.E0,0.E0));
#5119=AXIS2_PLACEMENT_3D('',#5116,#5117,#5118);
#5120=PLANE('',#5119);
#5121=ORIENTED_EDGE('',*,*,#5061,.F.);
#5122=ORIENTED_EDGE('',*,*,#5077,.F.);
#5124=ORIENTED_EDGE('',*,*,#5123,.F.);
#5126=ORIENTED_EDGE('',*,*,#5125,.F.);
#5128=ORIENTED_EDGE('',*,*,#5127,.F.);
#5130=ORIENTED_EDGE('',*,*,#5129,.F.);
#5132=ORIENTED_EDGE('',*,*,#5131,.F.);
#5134=ORIENTED_EDGE('',*,*,#5133,.F.);
#5136=ORIENTED_EDGE('',*,*,#5135,.F.);
#5138=ORIENTED_EDGE('',*,*,#5137,.F.);
#5140=ORIENTED_EDGE('',*,*,#5139,.F.);
#5142=ORIENTED_EDGE('',*,*,#5141,.F.);
#5143=EDGE_LOOP('',(#5121,#5122,#5124,#5126,#5128,#5130,#5132,#5134,#5136,#5138,
#5140,#5142));
#5144=FACE_OUTER_BOUND('',#5143,.F.);
#5145=ADVANCED_FACE('',(#5144),#5120,.T.);
#5146=CARTESIAN_POINT('',(4.575E0,-2.225E0,-6.45E-1));
#5147=DIRECTION('',(0.E0,-1.E0,0.E0));
#5148=DIRECTION('',(1.E0,0.E0,0.E0));
#5149=AXIS2_PLACEMENT_3D('',#5146,#5147,#5148);
#5150=CYLINDRICAL_SURFACE('',#5149,1.E-1);
#5151=ORIENTED_EDGE('',*,*,#5091,.T.);
#5153=ORIENTED_EDGE('',*,*,#5152,.T.);
#5154=ORIENTED_EDGE('',*,*,#4825,.F.);
#5156=ORIENTED_EDGE('',*,*,#5155,.F.);
#5157=EDGE_LOOP('',(#5151,#5153,#5154,#5156));
#5158=FACE_OUTER_BOUND('',#5157,.F.);
#5159=ADVANCED_FACE('',(#5158),#5150,.F.);
#5160=CARTESIAN_POINT('',(4.575E0,-2.225E0,-5.45E-1));
#5161=DIRECTION('',(0.E0,0.E0,-1.E0));
#5162=DIRECTION('',(1.E0,0.E0,0.E0));
#5163=AXIS2_PLACEMENT_3D('',#5160,#5161,#5162);
#5164=PLANE('',#5163);
#5166=ORIENTED_EDGE('',*,*,#5165,.T.);
#5168=ORIENTED_EDGE('',*,*,#5167,.T.);
#5169=ORIENTED_EDGE('',*,*,#4827,.F.);
#5170=ORIENTED_EDGE('',*,*,#5152,.F.);
#5171=ORIENTED_EDGE('',*,*,#5111,.T.);
#5172=EDGE_LOOP('',(#5166,#5168,#5169,#5170,#5171));
#5173=FACE_OUTER_BOUND('',#5172,.F.);
#5174=ADVANCED_FACE('',(#5173),#5164,.T.);
#5175=CARTESIAN_POINT('',(4.995E0,-2.225E0,-5.45E-1));
#5176=DIRECTION('',(1.E0,0.E0,0.E0));
#5177=DIRECTION('',(0.E0,0.E0,1.E0));
#5178=AXIS2_PLACEMENT_3D('',#5175,#5176,#5177);
#5179=PLANE('',#5178);
#5180=ORIENTED_EDGE('',*,*,#5165,.F.);
#5181=ORIENTED_EDGE('',*,*,#5109,.T.);
#5183=ORIENTED_EDGE('',*,*,#5182,.T.);
#5185=ORIENTED_EDGE('',*,*,#5184,.F.);
#5186=EDGE_LOOP('',(#5180,#5181,#5183,#5185));
#5187=FACE_OUTER_BOUND('',#5186,.F.);
#5188=ADVANCED_FACE('',(#5187),#5179,.T.);
#5189=CARTESIAN_POINT('',(4.995E0,-2.225E0,-2.95E-1));
#5190=DIRECTION('',(0.E0,0.E0,1.E0));
#5191=DIRECTION('',(-1.E0,0.E0,0.E0));
#5192=AXIS2_PLACEMENT_3D('',#5189,#5190,#5191);
#5193=PLANE('',#5192);
#5194=ORIENTED_EDGE('',*,*,#5182,.F.);
#5195=ORIENTED_EDGE('',*,*,#5107,.T.);
#5196=ORIENTED_EDGE('',*,*,#4912,.T.);
#5197=ORIENTED_EDGE('',*,*,#4831,.F.);
#5199=ORIENTED_EDGE('',*,*,#5198,.F.);
#5200=EDGE_LOOP('',(#5194,#5195,#5196,#5197,#5199));
#5201=FACE_OUTER_BOUND('',#5200,.F.);
#5202=ADVANCED_FACE('',(#5201),#5193,.T.);
#5203=CARTESIAN_POINT('',(4.995E0,-2.225E0,-2.7E-1));
#5204=DIRECTION('',(1.E0,0.E0,0.E0));
#5205=DIRECTION('',(0.E0,0.E0,-1.E0));
#5206=AXIS2_PLACEMENT_3D('',#5203,#5204,#5205);
#5207=PLANE('',#5206);
#5208=ORIENTED_EDGE('',*,*,#5167,.F.);
#5210=ORIENTED_EDGE('',*,*,#5209,.T.);
#5212=ORIENTED_EDGE('',*,*,#5211,.T.);
#5213=ORIENTED_EDGE('',*,*,#5007,.F.);
#5215=ORIENTED_EDGE('',*,*,#5214,.F.);
#5217=ORIENTED_EDGE('',*,*,#5216,.T.);
#5218=ORIENTED_EDGE('',*,*,#5198,.T.);
#5219=ORIENTED_EDGE('',*,*,#4829,.F.);
#5220=EDGE_LOOP('',(#5208,#5210,#5212,#5213,#5215,#5217,#5218,#5219));
#5221=FACE_OUTER_BOUND('',#5220,.F.);
#5222=ADVANCED_FACE('',(#5221),#5207,.F.);
#5223=CARTESIAN_POINT('',(5.095E0,-2.125E0,-4.2E-1));
#5224=DIRECTION('',(-7.071067811865E-1,-7.071067811865E-1,0.E0));
#5225=DIRECTION('',(-7.071067811865E-1,7.071067811865E-1,0.E0));
#5226=AXIS2_PLACEMENT_3D('',#5223,#5224,#5225);
#5227=PLANE('',#5226);
#5228=ORIENTED_EDGE('',*,*,#5184,.T.);
#5229=ORIENTED_EDGE('',*,*,#5216,.F.);
#5231=ORIENTED_EDGE('',*,*,#5230,.T.);
#5232=ORIENTED_EDGE('',*,*,#4702,.T.);
#5234=ORIENTED_EDGE('',*,*,#5233,.F.);
#5235=ORIENTED_EDGE('',*,*,#5209,.F.);
#5236=EDGE_LOOP('',(#5228,#5229,#5231,#5232,#5234,#5235));
#5237=FACE_OUTER_BOUND('',#5236,.F.);
#5238=ADVANCED_FACE('',(#5237),#5227,.T.);
#5239=CARTESIAN_POINT('',(4.615E0,-2.125E0,-1.7E-1));
#5240=DIRECTION('',(0.E0,-7.071067811865E-1,-7.071067811865E-1));
#5241=DIRECTION('',(0.E0,7.071067811865E-1,-7.071067811865E-1));
#5242=AXIS2_PLACEMENT_3D('',#5239,#5240,#5241);
#5243=PLANE('',#5242);
#5245=ORIENTED_EDGE('',*,*,#5244,.F.);
#5246=ORIENTED_EDGE('',*,*,#4950,.T.);
#5247=ORIENTED_EDGE('',*,*,#4704,.T.);
#5248=ORIENTED_EDGE('',*,*,#5230,.F.);
#5249=EDGE_LOOP('',(#5245,#5246,#5247,#5248));
#5250=FACE_OUTER_BOUND('',#5249,.F.);
#5251=ADVANCED_FACE('',(#5250),#5243,.T.);
#5252=CARTESIAN_POINT('',(4.235E0,-2.225E0,-2.7E-1));
#5253=DIRECTION('',(0.E0,0.E0,1.E0));
#5254=DIRECTION('',(1.E0,0.E0,0.E0));
#5255=AXIS2_PLACEMENT_3D('',#5252,#5253,#5254);
#5256=PLANE('',#5255);
#5257=ORIENTED_EDGE('',*,*,#5244,.T.);
#5258=ORIENTED_EDGE('',*,*,#5214,.T.);
#5259=ORIENTED_EDGE('',*,*,#5005,.F.);
#5260=ORIENTED_EDGE('',*,*,#4930,.F.);
#5261=EDGE_LOOP('',(#5257,#5258,#5259,#5260));
#5262=FACE_OUTER_BOUND('',#5261,.F.);
#5263=ADVANCED_FACE('',(#5262),#5256,.F.);
#5264=CARTESIAN_POINT('',(4.73E0,-2.125E0,-6.7E-1));
#5265=DIRECTION('',(0.E0,-7.071067811865E-1,7.071067811865E-1));
#5266=DIRECTION('',(0.E0,7.071067811865E-1,7.071067811865E-1));
#5267=AXIS2_PLACEMENT_3D('',#5264,#5265,#5266);
#5268=PLANE('',#5267);
#5270=ORIENTED_EDGE('',*,*,#5269,.F.);
#5271=ORIENTED_EDGE('',*,*,#5233,.T.);
#5272=ORIENTED_EDGE('',*,*,#4700,.T.);
#5274=ORIENTED_EDGE('',*,*,#5273,.T.);
#5276=ORIENTED_EDGE('',*,*,#5275,.T.);
#5277=EDGE_LOOP('',(#5270,#5271,#5272,#5274,#5276));
#5278=FACE_OUTER_BOUND('',#5277,.F.);
#5279=ADVANCED_FACE('',(#5278),#5268,.T.);
#5280=CARTESIAN_POINT('',(4.995E0,-2.225E0,-5.7E-1));
#5281=DIRECTION('',(0.E0,0.E0,-1.E0));
#5282=DIRECTION('',(-1.E0,0.E0,0.E0));
#5283=AXIS2_PLACEMENT_3D('',#5280,#5281,#5282);
#5284=PLANE('',#5283);
#5285=ORIENTED_EDGE('',*,*,#5269,.T.);
#5287=ORIENTED_EDGE('',*,*,#5286,.T.);
#5288=ORIENTED_EDGE('',*,*,#5009,.F.);
#5289=ORIENTED_EDGE('',*,*,#5211,.F.);
#5290=EDGE_LOOP('',(#5285,#5287,#5288,#5289));
#5291=FACE_OUTER_BOUND('',#5290,.F.);
#5292=ADVANCED_FACE('',(#5291),#5284,.F.);
#5293=CARTESIAN_POINT('',(4.565E0,-1.075E0,-6.7E-1));
#5294=DIRECTION('',(-7.071067811865E-1,0.E0,7.071067811865E-1));
#5295=DIRECTION('',(7.071067811865E-1,0.E0,7.071067811865E-1));
#5296=AXIS2_PLACEMENT_3D('',#5293,#5294,#5295);
#5297=PLANE('',#5296);
#5298=ORIENTED_EDGE('',*,*,#4821,.F.);
#5300=ORIENTED_EDGE('',*,*,#5299,.T.);
#5301=ORIENTED_EDGE('',*,*,#5011,.T.);
#5302=ORIENTED_EDGE('',*,*,#5286,.F.);
#5303=ORIENTED_EDGE('',*,*,#5275,.F.);
#5305=ORIENTED_EDGE('',*,*,#5304,.F.);
#5307=ORIENTED_EDGE('',*,*,#5306,.T.);
#5308=EDGE_LOOP('',(#5298,#5300,#5301,#5302,#5303,#5305,#5307));
#5309=FACE_OUTER_BOUND('',#5308,.F.);
#5310=ADVANCED_FACE('',(#5309),#5297,.T.);
#5311=CARTESIAN_POINT('',(4.465E0,-2.225E0,-5.7E-1));
#5312=DIRECTION('',(1.E0,0.E0,0.E0));
#5313=DIRECTION('',(0.E0,0.E0,-1.E0));
#5314=AXIS2_PLACEMENT_3D('',#5311,#5312,#5313);
#5315=PLANE('',#5314);
#5316=ORIENTED_EDGE('',*,*,#4819,.T.);
#5318=ORIENTED_EDGE('',*,*,#5317,.T.);
#5319=ORIENTED_EDGE('',*,*,#5013,.F.);
#5320=ORIENTED_EDGE('',*,*,#5299,.F.);
#5321=EDGE_LOOP('',(#5316,#5318,#5319,#5320));
#5322=FACE_OUTER_BOUND('',#5321,.F.);
#5323=ADVANCED_FACE('',(#5322),#5315,.F.);
#5324=CARTESIAN_POINT('',(4.565E0,-1.075E0,-1.4E0));
#5325=DIRECTION('',(-7.071067811865E-1,0.E0,-7.071067811865E-1));
#5326=DIRECTION('',(-7.071067811865E-1,0.E0,7.071067811865E-1));
#5327=AXIS2_PLACEMENT_3D('',#5324,#5325,#5326);
#5328=PLANE('',#5327);
#5329=ORIENTED_EDGE('',*,*,#4817,.F.);
#5331=ORIENTED_EDGE('',*,*,#5330,.F.);
#5333=ORIENTED_EDGE('',*,*,#5332,.T.);
#5335=ORIENTED_EDGE('',*,*,#5334,.F.);
#5337=ORIENTED_EDGE('',*,*,#5336,.T.);
#5338=ORIENTED_EDGE('',*,*,#5015,.T.);
#5339=ORIENTED_EDGE('',*,*,#5317,.F.);
#5340=EDGE_LOOP('',(#5329,#5331,#5333,#5335,#5337,#5338,#5339));
#5341=FACE_OUTER_BOUND('',#5340,.F.);
#5342=ADVANCED_FACE('',(#5341),#5328,.T.);
#5343=CARTESIAN_POINT('',(4.475E0,-2.225E0,-1.35E0));
#5344=DIRECTION('',(1.E0,0.E0,0.E0));
#5345=DIRECTION('',(0.E0,0.E0,1.E0));
#5346=AXIS2_PLACEMENT_3D('',#5343,#5344,#5345);
#5347=PLANE('',#5346);
#5348=ORIENTED_EDGE('',*,*,#5330,.T.);
#5349=ORIENTED_EDGE('',*,*,#4815,.F.);
#5351=ORIENTED_EDGE('',*,*,#5350,.F.);
#5352=ORIENTED_EDGE('',*,*,#5093,.T.);
#5353=ORIENTED_EDGE('',*,*,#5155,.T.);
#5354=ORIENTED_EDGE('',*,*,#4823,.F.);
#5355=ORIENTED_EDGE('',*,*,#5306,.F.);
#5357=ORIENTED_EDGE('',*,*,#5356,.T.);
#5358=EDGE_LOOP('',(#5348,#5349,#5351,#5352,#5353,#5354,#5355,#5357));
#5359=FACE_OUTER_BOUND('',#5358,.F.);
#5360=ADVANCED_FACE('',(#5359),#5347,.T.);
#5361=CARTESIAN_POINT('',(4.675E0,-2.225E0,-1.35E0));
#5362=DIRECTION('',(0.E0,-1.E0,0.E0));
#5363=DIRECTION('',(1.E0,0.E0,0.E0));
#5364=AXIS2_PLACEMENT_3D('',#5361,#5362,#5363);
#5365=CYLINDRICAL_SURFACE('',#5364,2.E-1);
#5366=ORIENTED_EDGE('',*,*,#5095,.T.);
#5367=ORIENTED_EDGE('',*,*,#5350,.T.);
#5368=ORIENTED_EDGE('',*,*,#4813,.F.);
#5370=ORIENTED_EDGE('',*,*,#5369,.F.);
#5371=EDGE_LOOP('',(#5366,#5367,#5368,#5370));
#5372=FACE_OUTER_BOUND('',#5371,.F.);
#5373=ADVANCED_FACE('',(#5372),#5365,.F.);
#5374=CARTESIAN_POINT('',(5.7E0,-2.225E0,-1.55E0));
#5375=DIRECTION('',(0.E0,0.E0,1.E0));
#5376=DIRECTION('',(-1.E0,0.E0,0.E0));
#5377=AXIS2_PLACEMENT_3D('',#5374,#5375,#5376);
#5378=PLANE('',#5377);
#5379=ORIENTED_EDGE('',*,*,#5097,.T.);
#5380=ORIENTED_EDGE('',*,*,#5369,.T.);
#5381=ORIENTED_EDGE('',*,*,#4811,.F.);
#5383=ORIENTED_EDGE('',*,*,#5382,.T.);
#5385=ORIENTED_EDGE('',*,*,#5384,.F.);
#5387=ORIENTED_EDGE('',*,*,#5386,.F.);
#5388=EDGE_LOOP('',(#5379,#5380,#5381,#5383,#5385,#5387));
#5389=FACE_OUTER_BOUND('',#5388,.F.);
#5390=ADVANCED_FACE('',(#5389),#5378,.T.);
#5391=CARTESIAN_POINT('',(5.5E0,-2.5E-2,-1.8E0));
#5392=DIRECTION('',(7.071067811865E-1,7.071067811865E-1,0.E0));
#5393=DIRECTION('',(0.E0,0.E0,1.E0));
#5394=AXIS2_PLACEMENT_3D('',#5391,#5392,#5393);
#5395=PLANE('',#5394);
#5396=ORIENTED_EDGE('',*,*,#4809,.F.);
#5398=ORIENTED_EDGE('',*,*,#5397,.T.);
#5400=ORIENTED_EDGE('',*,*,#5399,.T.);
#5401=ORIENTED_EDGE('',*,*,#5382,.F.);
#5402=EDGE_LOOP('',(#5396,#5398,#5400,#5401));
#5403=FACE_OUTER_BOUND('',#5402,.F.);
#5404=ADVANCED_FACE('',(#5403),#5395,.T.);
#5405=CARTESIAN_POINT('',(4.675E0,-2.225E0,-1.8E0));
#5406=DIRECTION('',(0.E0,0.E0,-1.E0));
#5407=DIRECTION('',(1.E0,0.E0,0.E0));
#5408=AXIS2_PLACEMENT_3D('',#5405,#5406,#5407);
#5409=PLANE('',#5408);
#5410=ORIENTED_EDGE('',*,*,#5101,.T.);
#5412=ORIENTED_EDGE('',*,*,#5411,.T.);
#5414=ORIENTED_EDGE('',*,*,#5413,.T.);
#5415=ORIENTED_EDGE('',*,*,#5397,.F.);
#5416=ORIENTED_EDGE('',*,*,#4807,.F.);
#5418=ORIENTED_EDGE('',*,*,#5417,.F.);
#5419=EDGE_LOOP('',(#5410,#5412,#5414,#5415,#5416,#5418));
#5420=FACE_OUTER_BOUND('',#5419,.F.);
#5421=ADVANCED_FACE('',(#5420),#5409,.T.);
#5422=CARTESIAN_POINT('',(5.5E0,-2.225E0,-1.8E0));
#5423=DIRECTION('',(-7.071067811865E-1,7.071067811865E-1,0.E0));
#5424=DIRECTION('',(0.E0,0.E0,1.E0));
#5425=AXIS2_PLACEMENT_3D('',#5422,#5423,#5424);
#5426=PLANE('',#5425);
#5427=ORIENTED_EDGE('',*,*,#5099,.T.);
#5428=ORIENTED_EDGE('',*,*,#5386,.T.);
#5430=ORIENTED_EDGE('',*,*,#5429,.F.);
#5431=ORIENTED_EDGE('',*,*,#5411,.F.);
#5432=EDGE_LOOP('',(#5427,#5428,#5430,#5431));
#5433=FACE_OUTER_BOUND('',#5432,.F.);
#5434=ADVANCED_FACE('',(#5433),#5426,.F.);
#5435=CARTESIAN_POINT('',(5.7E0,-2.225E0,-1.8E0));
#5436=DIRECTION('',(1.E0,0.E0,0.E0));
#5437=DIRECTION('',(0.E0,0.E0,1.E0));
#5438=AXIS2_PLACEMENT_3D('',#5435,#5436,#5437);
#5439=PLANE('',#5438);
#5440=ORIENTED_EDGE('',*,*,#5429,.T.);
#5441=ORIENTED_EDGE('',*,*,#5384,.T.);
#5442=ORIENTED_EDGE('',*,*,#5399,.F.);
#5443=ORIENTED_EDGE('',*,*,#5413,.F.);
#5444=EDGE_LOOP('',(#5440,#5441,#5442,#5443));
#5445=FACE_OUTER_BOUND('',#5444,.F.);
#5446=ADVANCED_FACE('',(#5445),#5439,.T.);
#5447=CARTESIAN_POINT('',(4.675E0,-2.225E0,-1.35E0));
#5448=DIRECTION('',(0.E0,-1.E0,0.E0));
#5449=DIRECTION('',(1.E0,0.E0,0.E0));
#5450=AXIS2_PLACEMENT_3D('',#5447,#5448,#5449);
#5451=CYLINDRICAL_SURFACE('',#5450,4.5E-1);
#5452=ORIENTED_EDGE('',*,*,#5103,.T.);
#5453=ORIENTED_EDGE('',*,*,#5417,.T.);
#5454=ORIENTED_EDGE('',*,*,#4805,.F.);
#5455=ORIENTED_EDGE('',*,*,#4894,.F.);
#5456=EDGE_LOOP('',(#5452,#5453,#5454,#5455));
#5457=FACE_OUTER_BOUND('',#5456,.F.);
#5458=ADVANCED_FACE('',(#5457),#5451,.T.);
#5459=CARTESIAN_POINT('',(4.565E0,-2.125E0,-1.035E0));
#5460=DIRECTION('',(-7.071067811865E-1,-7.071067811865E-1,0.E0));
#5461=DIRECTION('',(-7.071067811865E-1,7.071067811865E-1,0.E0));
#5462=AXIS2_PLACEMENT_3D('',#5459,#5460,#5461);
#5463=PLANE('',#5462);
#5464=ORIENTED_EDGE('',*,*,#5356,.F.);
#5465=ORIENTED_EDGE('',*,*,#5304,.T.);
#5466=ORIENTED_EDGE('',*,*,#5273,.F.);
#5467=ORIENTED_EDGE('',*,*,#4698,.T.);
#5469=ORIENTED_EDGE('',*,*,#5468,.F.);
#5470=ORIENTED_EDGE('',*,*,#5332,.F.);
#5471=EDGE_LOOP('',(#5464,#5465,#5466,#5467,#5469,#5470));
#5472=FACE_OUTER_BOUND('',#5471,.F.);
#5473=ADVANCED_FACE('',(#5472),#5463,.T.);
#5474=CARTESIAN_POINT('',(4.7325E0,-2.125E0,-1.4E0));
#5475=DIRECTION('',(0.E0,-7.071067811865E-1,-7.071067811865E-1));
#5476=DIRECTION('',(0.E0,7.071067811865E-1,-7.071067811865E-1));
#5477=AXIS2_PLACEMENT_3D('',#5474,#5475,#5476);
#5478=PLANE('',#5477);
#5480=ORIENTED_EDGE('',*,*,#5479,.T.);
#5482=ORIENTED_EDGE('',*,*,#5481,.F.);
#5483=ORIENTED_EDGE('',*,*,#5334,.T.);
#5484=ORIENTED_EDGE('',*,*,#5468,.T.);
#5485=ORIENTED_EDGE('',*,*,#4696,.T.);
#5486=EDGE_LOOP('',(#5480,#5482,#5483,#5484,#5485));
#5487=FACE_OUTER_BOUND('',#5486,.F.);
#5488=ADVANCED_FACE('',(#5487),#5478,.T.);
#5489=CARTESIAN_POINT('',(5.E0,5.75E-1,-1.5E0));
#5490=DIRECTION('',(7.071067811865E-1,0.E0,-7.071067811865E-1));
#5491=DIRECTION('',(7.071067811865E-1,0.E0,7.071067811865E-1));
#5492=AXIS2_PLACEMENT_3D('',#5489,#5490,#5491);
#5493=PLANE('',#5492);
#5494=ORIENTED_EDGE('',*,*,#5479,.F.);
#5495=ORIENTED_EDGE('',*,*,#4720,.T.);
#5497=ORIENTED_EDGE('',*,*,#5496,.F.);
#5499=ORIENTED_EDGE('',*,*,#5498,.F.);
#5501=ORIENTED_EDGE('',*,*,#5500,.T.);
#5502=EDGE_LOOP('',(#5494,#5495,#5497,#5499,#5501));
#5503=FACE_OUTER_BOUND('',#5502,.F.);
#5504=ADVANCED_FACE('',(#5503),#5493,.T.);
#5505=CARTESIAN_POINT('',(5.5E0,5.75E-1,-1.E0));
#5506=DIRECTION('',(1.E0,0.E0,0.E0));
#5507=DIRECTION('',(0.E0,0.E0,1.E0));
#5508=AXIS2_PLACEMENT_3D('',#5505,#5506,#5507);
#5509=PLANE('',#5508);
#5511=ORIENTED_EDGE('',*,*,#5510,.F.);
#5512=ORIENTED_EDGE('',*,*,#5496,.T.);
#5513=ORIENTED_EDGE('',*,*,#4718,.T.);
#5515=ORIENTED_EDGE('',*,*,#5514,.F.);
#5516=EDGE_LOOP('',(#5511,#5512,#5513,#5515));
#5517=FACE_OUTER_BOUND('',#5516,.F.);
#5518=ADVANCED_FACE('',(#5517),#5509,.T.);
#5519=CARTESIAN_POINT('',(-4.E0,5.75E-1,-1.8E0));
#5520=DIRECTION('',(0.E0,-1.E0,0.E0));
#5521=DIRECTION('',(1.E0,0.E0,0.E0));
#5522=AXIS2_PLACEMENT_3D('',#5519,#5520,#5521);
#5523=PLANE('',#5522);
#5524=ORIENTED_EDGE('',*,*,#4651,.T.);
#5526=ORIENTED_EDGE('',*,*,#5525,.T.);
#5528=ORIENTED_EDGE('',*,*,#5527,.T.);
#5530=ORIENTED_EDGE('',*,*,#5529,.T.);
#5532=ORIENTED_EDGE('',*,*,#5531,.T.);
#5533=ORIENTED_EDGE('',*,*,#4750,.T.);
#5534=ORIENTED_EDGE('',*,*,#4772,.T.);
#5535=EDGE_LOOP('',(#5524,#5526,#5528,#5530,#5532,#5533,#5534));
#5536=FACE_OUTER_BOUND('',#5535,.F.);
#5537=ADVANCED_FACE('',(#5536),#5523,.F.);
#5538=CARTESIAN_POINT('',(-4.E0,5.75E-1,-1.8E0));
#5539=DIRECTION('',(0.E0,-1.E0,0.E0));
#5540=DIRECTION('',(1.E0,0.E0,0.E0));
#5541=AXIS2_PLACEMENT_3D('',#5538,#5539,#5540);
#5542=PLANE('',#5541);
#5544=ORIENTED_EDGE('',*,*,#5543,.F.);
#5546=ORIENTED_EDGE('',*,*,#5545,.T.);
#5547=ORIENTED_EDGE('',*,*,#5498,.T.);
#5548=ORIENTED_EDGE('',*,*,#5510,.T.);
#5550=ORIENTED_EDGE('',*,*,#5549,.T.);
#5552=ORIENTED_EDGE('',*,*,#5551,.T.);
#5554=ORIENTED_EDGE('',*,*,#5553,.T.);
#5555=EDGE_LOOP('',(#5544,#5546,#5547,#5548,#5550,#5552,#5554));
#5556=FACE_OUTER_BOUND('',#5555,.F.);
#5557=ADVANCED_FACE('',(#5556),#5542,.F.);
#5558=CARTESIAN_POINT('',(-4.E0,5.75E-1,9.E-1));
#5559=DIRECTION('',(-7.071067811865E-1,0.E0,7.071067811865E-1));
#5560=DIRECTION('',(-7.071067811865E-1,0.E0,-7.071067811865E-1));
#5561=AXIS2_PLACEMENT_3D('',#5558,#5559,#5560);
#5562=PLANE('',#5561);
#5563=ORIENTED_EDGE('',*,*,#4649,.T.);
#5564=ORIENTED_EDGE('',*,*,#4673,.T.);
#5566=ORIENTED_EDGE('',*,*,#5565,.F.);
#5567=ORIENTED_EDGE('',*,*,#5525,.F.);
#5568=EDGE_LOOP('',(#5563,#5564,#5566,#5567));
#5569=FACE_OUTER_BOUND('',#5568,.F.);
#5570=ADVANCED_FACE('',(#5569),#5562,.T.);
#5571=CARTESIAN_POINT('',(-4.5E0,5.75E-1,4.E-1));
#5572=DIRECTION('',(0.E0,0.E0,1.E0));
#5573=DIRECTION('',(-1.E0,0.E0,0.E0));
#5574=AXIS2_PLACEMENT_3D('',#5571,#5572,#5573);
#5575=PLANE('',#5574);
#5576=ORIENTED_EDGE('',*,*,#5527,.F.);
#5577=ORIENTED_EDGE('',*,*,#5565,.T.);
#5578=ORIENTED_EDGE('',*,*,#4671,.T.);
#5580=ORIENTED_EDGE('',*,*,#5579,.F.);
#5581=EDGE_LOOP('',(#5576,#5577,#5578,#5580));
#5582=FACE_OUTER_BOUND('',#5581,.F.);
#5583=ADVANCED_FACE('',(#5582),#5575,.T.);
#5584=CARTESIAN_POINT('',(-5.2E0,5.75E-1,4.E-1));
#5585=DIRECTION('',(-7.071067811865E-1,0.E0,7.071067811865E-1));
#5586=DIRECTION('',(-7.071067811865E-1,0.E0,-7.071067811865E-1));
#5587=AXIS2_PLACEMENT_3D('',#5584,#5585,#5586);
#5588=PLANE('',#5587);
#5589=ORIENTED_EDGE('',*,*,#5529,.F.);
#5590=ORIENTED_EDGE('',*,*,#5579,.T.);
#5591=ORIENTED_EDGE('',*,*,#4669,.T.);
#5593=ORIENTED_EDGE('',*,*,#5592,.F.);
#5594=EDGE_LOOP('',(#5589,#5590,#5591,#5593));
#5595=FACE_OUTER_BOUND('',#5594,.F.);
#5596=ADVANCED_FACE('',(#5595),#5588,.T.);
#5597=CARTESIAN_POINT('',(-5.5E0,5.75E-1,1.E-1));
#5598=DIRECTION('',(-1.E0,0.E0,0.E0));
#5599=DIRECTION('',(0.E0,0.E0,-1.E0));
#5600=AXIS2_PLACEMENT_3D('',#5597,#5598,#5599);
#5601=PLANE('',#5600);
#5602=ORIENTED_EDGE('',*,*,#5531,.F.);
#5603=ORIENTED_EDGE('',*,*,#5592,.T.);
#5604=ORIENTED_EDGE('',*,*,#4667,.T.);
#5605=ORIENTED_EDGE('',*,*,#4752,.F.);
#5606=EDGE_LOOP('',(#5602,#5603,#5604,#5605));
#5607=FACE_OUTER_BOUND('',#5606,.F.);
#5608=ADVANCED_FACE('',(#5607),#5601,.T.);
#5609=CARTESIAN_POINT('',(4.E0,-3.225E0,-1.8E0));
#5610=DIRECTION('',(1.E0,0.E0,0.E0));
#5611=DIRECTION('',(0.E0,1.E0,0.E0));
#5612=AXIS2_PLACEMENT_3D('',#5609,#5610,#5611);
#5613=PLANE('',#5612);
#5615=ORIENTED_EDGE('',*,*,#5614,.T.);
#5617=ORIENTED_EDGE('',*,*,#5616,.F.);
#5619=ORIENTED_EDGE('',*,*,#5618,.T.);
#5621=ORIENTED_EDGE('',*,*,#5620,.T.);
#5623=ORIENTED_EDGE('',*,*,#5622,.F.);
#5625=ORIENTED_EDGE('',*,*,#5624,.F.);
#5627=ORIENTED_EDGE('',*,*,#5626,.F.);
#5628=ORIENTED_EDGE('',*,*,#4518,.T.);
#5629=ORIENTED_EDGE('',*,*,#4613,.T.);
#5631=ORIENTED_EDGE('',*,*,#5630,.T.);
#5633=ORIENTED_EDGE('',*,*,#5632,.F.);
#5634=ORIENTED_EDGE('',*,*,#4595,.T.);
#5635=EDGE_LOOP('',(#5615,#5617,#5619,#5621,#5623,#5625,#5627,#5628,#5629,#5631,
#5633,#5634));
#5636=FACE_OUTER_BOUND('',#5635,.F.);
#5637=ORIENTED_EDGE('',*,*,#4710,.F.);
#5639=ORIENTED_EDGE('',*,*,#5638,.F.);
#5640=ORIENTED_EDGE('',*,*,#5543,.T.);
#5642=ORIENTED_EDGE('',*,*,#5641,.T.);
#5643=EDGE_LOOP('',(#5637,#5639,#5640,#5642));
#5644=FACE_BOUND('',#5643,.F.);
#5645=ADVANCED_FACE('',(#5636,#5644),#5613,.T.);
#5646=CARTESIAN_POINT('',(4.E0,5.75E-1,-1.5E0));
#5647=DIRECTION('',(0.E0,0.E0,-1.E0));
#5648=DIRECTION('',(1.E0,0.E0,0.E0));
#5649=AXIS2_PLACEMENT_3D('',#5646,#5647,#5648);
#5650=PLANE('',#5649);
#5651=ORIENTED_EDGE('',*,*,#5481,.T.);
#5652=ORIENTED_EDGE('',*,*,#5500,.F.);
#5653=ORIENTED_EDGE('',*,*,#5545,.F.);
#5654=ORIENTED_EDGE('',*,*,#5638,.T.);
#5655=ORIENTED_EDGE('',*,*,#4708,.T.);
#5656=ORIENTED_EDGE('',*,*,#4966,.F.);
#5657=ORIENTED_EDGE('',*,*,#5001,.F.);
#5658=ORIENTED_EDGE('',*,*,#5336,.F.);
#5659=EDGE_LOOP('',(#5651,#5652,#5653,#5654,#5655,#5656,#5657,#5658));
#5660=FACE_OUTER_BOUND('',#5659,.F.);
#5661=ADVANCED_FACE('',(#5660),#5650,.T.);
#5662=CARTESIAN_POINT('',(4.5E0,5.75E-1,4.E-1));
#5663=DIRECTION('',(7.071067811865E-1,0.E0,7.071067811865E-1));
#5664=DIRECTION('',(-7.071067811865E-1,0.E0,7.071067811865E-1));
#5665=AXIS2_PLACEMENT_3D('',#5662,#5663,#5664);
#5666=PLANE('',#5665);
#5667=ORIENTED_EDGE('',*,*,#5641,.F.);
#5668=ORIENTED_EDGE('',*,*,#5553,.F.);
#5670=ORIENTED_EDGE('',*,*,#5669,.T.);
#5671=ORIENTED_EDGE('',*,*,#4712,.T.);
#5672=EDGE_LOOP('',(#5667,#5668,#5670,#5671));
#5673=FACE_OUTER_BOUND('',#5672,.F.);
#5674=ADVANCED_FACE('',(#5673),#5666,.T.);
#5675=CARTESIAN_POINT('',(5.2E0,5.75E-1,4.E-1));
#5676=DIRECTION('',(0.E0,0.E0,1.E0));
#5677=DIRECTION('',(-1.E0,0.E0,0.E0));
#5678=AXIS2_PLACEMENT_3D('',#5675,#5676,#5677);
#5679=PLANE('',#5678);
#5680=ORIENTED_EDGE('',*,*,#5551,.F.);
#5682=ORIENTED_EDGE('',*,*,#5681,.T.);
#5683=ORIENTED_EDGE('',*,*,#4714,.T.);
#5684=ORIENTED_EDGE('',*,*,#5669,.F.);
#5685=EDGE_LOOP('',(#5680,#5682,#5683,#5684));
#5686=FACE_OUTER_BOUND('',#5685,.F.);
#5687=ADVANCED_FACE('',(#5686),#5679,.T.);
#5688=CARTESIAN_POINT('',(5.5E0,5.75E-1,1.E-1));
#5689=DIRECTION('',(7.071067811865E-1,0.E0,7.071067811865E-1));
#5690=DIRECTION('',(-7.071067811865E-1,0.E0,7.071067811865E-1));
#5691=AXIS2_PLACEMENT_3D('',#5688,#5689,#5690);
#5692=PLANE('',#5691);
#5693=ORIENTED_EDGE('',*,*,#5549,.F.);
#5694=ORIENTED_EDGE('',*,*,#5514,.T.);
#5695=ORIENTED_EDGE('',*,*,#4716,.T.);
#5696=ORIENTED_EDGE('',*,*,#5681,.F.);
#5697=EDGE_LOOP('',(#5693,#5694,#5695,#5696));
#5698=FACE_OUTER_BOUND('',#5697,.F.);
#5699=ADVANCED_FACE('',(#5698),#5692,.T.);
#5700=CARTESIAN_POINT('',(0.E0,0.E0,1.1E0));
#5701=DIRECTION('',(0.E0,0.E0,1.E0));
#5702=DIRECTION('',(1.E0,0.E0,0.E0));
#5703=AXIS2_PLACEMENT_3D('',#5700,#5701,#5702);
#5704=PLANE('',#5703);
#5705=ORIENTED_EDGE('',*,*,#4624,.T.);
#5707=ORIENTED_EDGE('',*,*,#5706,.F.);
#5709=ORIENTED_EDGE('',*,*,#5708,.F.);
#5710=ORIENTED_EDGE('',*,*,#4545,.F.);
#5711=EDGE_LOOP('',(#5705,#5707,#5709,#5710));
#5712=FACE_OUTER_BOUND('',#5711,.F.);
#5713=ADVANCED_FACE('',(#5712),#5704,.T.);
#5714=CARTESIAN_POINT('',(0.E0,0.E0,1.1E0));
#5715=DIRECTION('',(0.E0,0.E0,1.E0));
#5716=DIRECTION('',(1.E0,0.E0,0.E0));
#5717=AXIS2_PLACEMENT_3D('',#5714,#5715,#5716);
#5718=PLANE('',#5717);
#5719=ORIENTED_EDGE('',*,*,#4593,.F.);
#5721=ORIENTED_EDGE('',*,*,#5720,.F.);
#5723=ORIENTED_EDGE('',*,*,#5722,.F.);
#5724=ORIENTED_EDGE('',*,*,#5614,.F.);
#5725=EDGE_LOOP('',(#5719,#5721,#5723,#5724));
#5726=FACE_OUTER_BOUND('',#5725,.F.);
#5727=ADVANCED_FACE('',(#5726),#5718,.T.);
#5728=CARTESIAN_POINT('',(-3.5E0,-2.625E0,1.6E0));
#5729=DIRECTION('',(0.E0,1.E0,0.E0));
#5730=DIRECTION('',(-1.E0,0.E0,0.E0));
#5731=AXIS2_PLACEMENT_3D('',#5728,#5729,#5730);
#5732=PLANE('',#5731);
#5734=ORIENTED_EDGE('',*,*,#5733,.T.);
#5736=ORIENTED_EDGE('',*,*,#5735,.T.);
#5737=ORIENTED_EDGE('',*,*,#5706,.T.);
#5738=ORIENTED_EDGE('',*,*,#4643,.F.);
#5739=EDGE_LOOP('',(#5734,#5736,#5737,#5738));
#5740=FACE_OUTER_BOUND('',#5739,.F.);
#5741=ADVANCED_FACE('',(#5740),#5732,.F.);
#5742=CARTESIAN_POINT('',(0.E0,0.E0,1.6E0));
#5743=DIRECTION('',(0.E0,0.E0,1.E0));
#5744=DIRECTION('',(1.E0,0.E0,0.E0));
#5745=AXIS2_PLACEMENT_3D('',#5742,#5743,#5744);
#5746=PLANE('',#5745);
#5748=ORIENTED_EDGE('',*,*,#5747,.T.);
#5750=ORIENTED_EDGE('',*,*,#5749,.F.);
#5751=ORIENTED_EDGE('',*,*,#4589,.F.);
#5753=ORIENTED_EDGE('',*,*,#5752,.T.);
#5755=ORIENTED_EDGE('',*,*,#5754,.T.);
#5757=ORIENTED_EDGE('',*,*,#5756,.F.);
#5758=ORIENTED_EDGE('',*,*,#4581,.F.);
#5760=ORIENTED_EDGE('',*,*,#5759,.T.);
#5762=ORIENTED_EDGE('',*,*,#5761,.T.);
#5764=ORIENTED_EDGE('',*,*,#5763,.F.);
#5765=ORIENTED_EDGE('',*,*,#4573,.F.);
#5767=ORIENTED_EDGE('',*,*,#5766,.T.);
#5769=ORIENTED_EDGE('',*,*,#5768,.T.);
#5771=ORIENTED_EDGE('',*,*,#5770,.F.);
#5772=ORIENTED_EDGE('',*,*,#4565,.F.);
#5774=ORIENTED_EDGE('',*,*,#5773,.T.);
#5776=ORIENTED_EDGE('',*,*,#5775,.T.);
#5778=ORIENTED_EDGE('',*,*,#5777,.F.);
#5779=ORIENTED_EDGE('',*,*,#4557,.F.);
#5781=ORIENTED_EDGE('',*,*,#5780,.T.);
#5783=ORIENTED_EDGE('',*,*,#5782,.T.);
#5785=ORIENTED_EDGE('',*,*,#5784,.F.);
#5786=ORIENTED_EDGE('',*,*,#4549,.F.);
#5788=ORIENTED_EDGE('',*,*,#5787,.T.);
#5789=ORIENTED_EDGE('',*,*,#5733,.F.);
#5790=ORIENTED_EDGE('',*,*,#4641,.F.);
#5792=ORIENTED_EDGE('',*,*,#5791,.T.);
#5794=ORIENTED_EDGE('',*,*,#5793,.T.);
#5796=ORIENTED_EDGE('',*,*,#5795,.T.);
#5798=ORIENTED_EDGE('',*,*,#5797,.T.);
#5800=ORIENTED_EDGE('',*,*,#5799,.F.);
#5801=ORIENTED_EDGE('',*,*,#5618,.F.);
#5802=EDGE_LOOP('',(#5748,#5750,#5751,#5753,#5755,#5757,#5758,#5760,#5762,#5764,
#5765,#5767,#5769,#5771,#5772,#5774,#5776,#5778,#5779,#5781,#5783,#5785,#5786,
#5788,#5789,#5790,#5792,#5794,#5796,#5798,#5800,#5801));
#5803=FACE_OUTER_BOUND('',#5802,.F.);
#5804=ADVANCED_FACE('',(#5803),#5746,.T.);
#5805=CARTESIAN_POINT('',(4.E0,-2.625E0,1.6E0));
#5806=DIRECTION('',(0.E0,1.E0,0.E0));
#5807=DIRECTION('',(-1.E0,0.E0,0.E0));
#5808=AXIS2_PLACEMENT_3D('',#5805,#5806,#5807);
#5809=PLANE('',#5808);
#5810=ORIENTED_EDGE('',*,*,#5747,.F.);
#5811=ORIENTED_EDGE('',*,*,#5616,.T.);
#5812=ORIENTED_EDGE('',*,*,#5722,.T.);
#5814=ORIENTED_EDGE('',*,*,#5813,.F.);
#5815=EDGE_LOOP('',(#5810,#5811,#5812,#5814));
#5816=FACE_OUTER_BOUND('',#5815,.F.);
#5817=ADVANCED_FACE('',(#5816),#5809,.F.);
#5818=CARTESIAN_POINT('',(3.5E0,-2.625E0,1.6E0));
#5819=DIRECTION('',(-1.E0,0.E0,0.E0));
#5820=DIRECTION('',(0.E0,-1.E0,0.E0));
#5821=AXIS2_PLACEMENT_3D('',#5818,#5819,#5820);
#5822=PLANE('',#5821);
#5823=ORIENTED_EDGE('',*,*,#5749,.T.);
#5824=ORIENTED_EDGE('',*,*,#5813,.T.);
#5825=ORIENTED_EDGE('',*,*,#5720,.T.);
#5826=ORIENTED_EDGE('',*,*,#4591,.F.);
#5827=EDGE_LOOP('',(#5823,#5824,#5825,#5826));
#5828=FACE_OUTER_BOUND('',#5827,.F.);
#5829=ADVANCED_FACE('',(#5828),#5822,.F.);
#5830=CARTESIAN_POINT('',(2.75E0,-3.225E0,1.6E0));
#5831=DIRECTION('',(1.E0,0.E0,0.E0));
#5832=DIRECTION('',(0.E0,1.E0,0.E0));
#5833=AXIS2_PLACEMENT_3D('',#5830,#5831,#5832);
#5834=PLANE('',#5833);
#5835=ORIENTED_EDGE('',*,*,#5752,.F.);
#5836=ORIENTED_EDGE('',*,*,#4587,.T.);
#5838=ORIENTED_EDGE('',*,*,#5837,.T.);
#5840=ORIENTED_EDGE('',*,*,#5839,.F.);
#5841=EDGE_LOOP('',(#5835,#5836,#5838,#5840));
#5842=FACE_OUTER_BOUND('',#5841,.F.);
#5843=ADVANCED_FACE('',(#5842),#5834,.F.);
#5844=CARTESIAN_POINT('',(0.E0,0.E0,1.1E0));
#5845=DIRECTION('',(0.E0,0.E0,1.E0));
#5846=DIRECTION('',(1.E0,0.E0,0.E0));
#5847=AXIS2_PLACEMENT_3D('',#5844,#5845,#5846);
#5848=PLANE('',#5847);
#5849=ORIENTED_EDGE('',*,*,#4585,.F.);
#5851=ORIENTED_EDGE('',*,*,#5850,.F.);
#5853=ORIENTED_EDGE('',*,*,#5852,.F.);
#5854=ORIENTED_EDGE('',*,*,#5837,.F.);
#5855=EDGE_LOOP('',(#5849,#5851,#5853,#5854));
#5856=FACE_OUTER_BOUND('',#5855,.F.);
#5857=ADVANCED_FACE('',(#5856),#5848,.T.);
#5858=CARTESIAN_POINT('',(2.25E0,-2.625E0,1.6E0));
#5859=DIRECTION('',(-1.E0,0.E0,0.E0));
#5860=DIRECTION('',(0.E0,-1.E0,0.E0));
#5861=AXIS2_PLACEMENT_3D('',#5858,#5859,#5860);
#5862=PLANE('',#5861);
#5863=ORIENTED_EDGE('',*,*,#5756,.T.);
#5865=ORIENTED_EDGE('',*,*,#5864,.T.);
#5866=ORIENTED_EDGE('',*,*,#5850,.T.);
#5867=ORIENTED_EDGE('',*,*,#4583,.F.);
#5868=EDGE_LOOP('',(#5863,#5865,#5866,#5867));
#5869=FACE_OUTER_BOUND('',#5868,.F.);
#5870=ADVANCED_FACE('',(#5869),#5862,.F.);
#5871=CARTESIAN_POINT('',(2.75E0,-2.625E0,1.6E0));
#5872=DIRECTION('',(0.E0,1.E0,0.E0));
#5873=DIRECTION('',(-1.E0,0.E0,0.E0));
#5874=AXIS2_PLACEMENT_3D('',#5871,#5872,#5873);
#5875=PLANE('',#5874);
#5876=ORIENTED_EDGE('',*,*,#5754,.F.);
#5877=ORIENTED_EDGE('',*,*,#5839,.T.);
#5878=ORIENTED_EDGE('',*,*,#5852,.T.);
#5879=ORIENTED_EDGE('',*,*,#5864,.F.);
#5880=EDGE_LOOP('',(#5876,#5877,#5878,#5879));
#5881=FACE_OUTER_BOUND('',#5880,.F.);
#5882=ADVANCED_FACE('',(#5881),#5875,.F.);
#5883=CARTESIAN_POINT('',(1.5E0,-3.225E0,1.6E0));
#5884=DIRECTION('',(1.E0,0.E0,0.E0));
#5885=DIRECTION('',(0.E0,1.E0,0.E0));
#5886=AXIS2_PLACEMENT_3D('',#5883,#5884,#5885);
#5887=PLANE('',#5886);
#5888=ORIENTED_EDGE('',*,*,#5759,.F.);
#5889=ORIENTED_EDGE('',*,*,#4579,.T.);
#5891=ORIENTED_EDGE('',*,*,#5890,.T.);
#5893=ORIENTED_EDGE('',*,*,#5892,.F.);
#5894=EDGE_LOOP('',(#5888,#5889,#5891,#5893));
#5895=FACE_OUTER_BOUND('',#5894,.F.);
#5896=ADVANCED_FACE('',(#5895),#5887,.F.);
#5897=CARTESIAN_POINT('',(0.E0,0.E0,1.1E0));
#5898=DIRECTION('',(0.E0,0.E0,1.E0));
#5899=DIRECTION('',(1.E0,0.E0,0.E0));
#5900=AXIS2_PLACEMENT_3D('',#5897,#5898,#5899);
#5901=PLANE('',#5900);
#5902=ORIENTED_EDGE('',*,*,#4577,.F.);
#5904=ORIENTED_EDGE('',*,*,#5903,.F.);
#5906=ORIENTED_EDGE('',*,*,#5905,.F.);
#5907=ORIENTED_EDGE('',*,*,#5890,.F.);
#5908=EDGE_LOOP('',(#5902,#5904,#5906,#5907));
#5909=FACE_OUTER_BOUND('',#5908,.F.);
#5910=ADVANCED_FACE('',(#5909),#5901,.T.);
#5911=CARTESIAN_POINT('',(1.E0,-2.625E0,1.6E0));
#5912=DIRECTION('',(-1.E0,0.E0,0.E0));
#5913=DIRECTION('',(0.E0,-1.E0,0.E0));
#5914=AXIS2_PLACEMENT_3D('',#5911,#5912,#5913);
#5915=PLANE('',#5914);
#5916=ORIENTED_EDGE('',*,*,#5763,.T.);
#5918=ORIENTED_EDGE('',*,*,#5917,.T.);
#5919=ORIENTED_EDGE('',*,*,#5903,.T.);
#5920=ORIENTED_EDGE('',*,*,#4575,.F.);
#5921=EDGE_LOOP('',(#5916,#5918,#5919,#5920));
#5922=FACE_OUTER_BOUND('',#5921,.F.);
#5923=ADVANCED_FACE('',(#5922),#5915,.F.);
#5924=CARTESIAN_POINT('',(1.5E0,-2.625E0,1.6E0));
#5925=DIRECTION('',(0.E0,1.E0,0.E0));
#5926=DIRECTION('',(-1.E0,0.E0,0.E0));
#5927=AXIS2_PLACEMENT_3D('',#5924,#5925,#5926);
#5928=PLANE('',#5927);
#5929=ORIENTED_EDGE('',*,*,#5761,.F.);
#5930=ORIENTED_EDGE('',*,*,#5892,.T.);
#5931=ORIENTED_EDGE('',*,*,#5905,.T.);
#5932=ORIENTED_EDGE('',*,*,#5917,.F.);
#5933=EDGE_LOOP('',(#5929,#5930,#5931,#5932));
#5934=FACE_OUTER_BOUND('',#5933,.F.);
#5935=ADVANCED_FACE('',(#5934),#5928,.F.);
#5936=CARTESIAN_POINT('',(2.5E-1,-3.225E0,1.6E0));
#5937=DIRECTION('',(1.E0,0.E0,0.E0));
#5938=DIRECTION('',(0.E0,1.E0,0.E0));
#5939=AXIS2_PLACEMENT_3D('',#5936,#5937,#5938);
#5940=PLANE('',#5939);
#5941=ORIENTED_EDGE('',*,*,#5766,.F.);
#5942=ORIENTED_EDGE('',*,*,#4571,.T.);
#5944=ORIENTED_EDGE('',*,*,#5943,.T.);
#5946=ORIENTED_EDGE('',*,*,#5945,.F.);
#5947=EDGE_LOOP('',(#5941,#5942,#5944,#5946));
#5948=FACE_OUTER_BOUND('',#5947,.F.);
#5949=ADVANCED_FACE('',(#5948),#5940,.F.);
#5950=CARTESIAN_POINT('',(0.E0,0.E0,1.1E0));
#5951=DIRECTION('',(0.E0,0.E0,1.E0));
#5952=DIRECTION('',(1.E0,0.E0,0.E0));
#5953=AXIS2_PLACEMENT_3D('',#5950,#5951,#5952);
#5954=PLANE('',#5953);
#5955=ORIENTED_EDGE('',*,*,#4569,.F.);
#5957=ORIENTED_EDGE('',*,*,#5956,.F.);
#5959=ORIENTED_EDGE('',*,*,#5958,.F.);
#5960=ORIENTED_EDGE('',*,*,#5943,.F.);
#5961=EDGE_LOOP('',(#5955,#5957,#5959,#5960));
#5962=FACE_OUTER_BOUND('',#5961,.F.);
#5963=ADVANCED_FACE('',(#5962),#5954,.T.);
#5964=CARTESIAN_POINT('',(-2.5E-1,-2.625E0,1.6E0));
#5965=DIRECTION('',(-1.E0,0.E0,0.E0));
#5966=DIRECTION('',(0.E0,-1.E0,0.E0));
#5967=AXIS2_PLACEMENT_3D('',#5964,#5965,#5966);
#5968=PLANE('',#5967);
#5969=ORIENTED_EDGE('',*,*,#5770,.T.);
#5971=ORIENTED_EDGE('',*,*,#5970,.T.);
#5972=ORIENTED_EDGE('',*,*,#5956,.T.);
#5973=ORIENTED_EDGE('',*,*,#4567,.F.);
#5974=EDGE_LOOP('',(#5969,#5971,#5972,#5973));
#5975=FACE_OUTER_BOUND('',#5974,.F.);
#5976=ADVANCED_FACE('',(#5975),#5968,.F.);
#5977=CARTESIAN_POINT('',(2.5E-1,-2.625E0,1.6E0));
#5978=DIRECTION('',(0.E0,1.E0,0.E0));
#5979=DIRECTION('',(-1.E0,0.E0,0.E0));
#5980=AXIS2_PLACEMENT_3D('',#5977,#5978,#5979);
#5981=PLANE('',#5980);
#5982=ORIENTED_EDGE('',*,*,#5768,.F.);
#5983=ORIENTED_EDGE('',*,*,#5945,.T.);
#5984=ORIENTED_EDGE('',*,*,#5958,.T.);
#5985=ORIENTED_EDGE('',*,*,#5970,.F.);
#5986=EDGE_LOOP('',(#5982,#5983,#5984,#5985));
#5987=FACE_OUTER_BOUND('',#5986,.F.);
#5988=ADVANCED_FACE('',(#5987),#5981,.F.);
#5989=CARTESIAN_POINT('',(-1.E0,-3.225E0,1.6E0));
#5990=DIRECTION('',(1.E0,0.E0,0.E0));
#5991=DIRECTION('',(0.E0,1.E0,0.E0));
#5992=AXIS2_PLACEMENT_3D('',#5989,#5990,#5991);
#5993=PLANE('',#5992);
#5994=ORIENTED_EDGE('',*,*,#5773,.F.);
#5995=ORIENTED_EDGE('',*,*,#4563,.T.);
#5997=ORIENTED_EDGE('',*,*,#5996,.T.);
#5999=ORIENTED_EDGE('',*,*,#5998,.F.);
#6000=EDGE_LOOP('',(#5994,#5995,#5997,#5999));
#6001=FACE_OUTER_BOUND('',#6000,.F.);
#6002=ADVANCED_FACE('',(#6001),#5993,.F.);
#6003=CARTESIAN_POINT('',(0.E0,0.E0,1.1E0));
#6004=DIRECTION('',(0.E0,0.E0,1.E0));
#6005=DIRECTION('',(1.E0,0.E0,0.E0));
#6006=AXIS2_PLACEMENT_3D('',#6003,#6004,#6005);
#6007=PLANE('',#6006);
#6008=ORIENTED_EDGE('',*,*,#4561,.F.);
#6010=ORIENTED_EDGE('',*,*,#6009,.F.);
#6012=ORIENTED_EDGE('',*,*,#6011,.F.);
#6013=ORIENTED_EDGE('',*,*,#5996,.F.);
#6014=EDGE_LOOP('',(#6008,#6010,#6012,#6013));
#6015=FACE_OUTER_BOUND('',#6014,.F.);
#6016=ADVANCED_FACE('',(#6015),#6007,.T.);
#6017=CARTESIAN_POINT('',(-1.5E0,-2.625E0,1.6E0));
#6018=DIRECTION('',(-1.E0,0.E0,0.E0));
#6019=DIRECTION('',(0.E0,-1.E0,0.E0));
#6020=AXIS2_PLACEMENT_3D('',#6017,#6018,#6019);
#6021=PLANE('',#6020);
#6022=ORIENTED_EDGE('',*,*,#5777,.T.);
#6024=ORIENTED_EDGE('',*,*,#6023,.T.);
#6025=ORIENTED_EDGE('',*,*,#6009,.T.);
#6026=ORIENTED_EDGE('',*,*,#4559,.F.);
#6027=EDGE_LOOP('',(#6022,#6024,#6025,#6026));
#6028=FACE_OUTER_BOUND('',#6027,.F.);
#6029=ADVANCED_FACE('',(#6028),#6021,.F.);
#6030=CARTESIAN_POINT('',(-1.E0,-2.625E0,1.6E0));
#6031=DIRECTION('',(0.E0,1.E0,0.E0));
#6032=DIRECTION('',(-1.E0,0.E0,0.E0));
#6033=AXIS2_PLACEMENT_3D('',#6030,#6031,#6032);
#6034=PLANE('',#6033);
#6035=ORIENTED_EDGE('',*,*,#5775,.F.);
#6036=ORIENTED_EDGE('',*,*,#5998,.T.);
#6037=ORIENTED_EDGE('',*,*,#6011,.T.);
#6038=ORIENTED_EDGE('',*,*,#6023,.F.);
#6039=EDGE_LOOP('',(#6035,#6036,#6037,#6038));
#6040=FACE_OUTER_BOUND('',#6039,.F.);
#6041=ADVANCED_FACE('',(#6040),#6034,.F.);
#6042=CARTESIAN_POINT('',(-2.25E0,-3.225E0,1.6E0));
#6043=DIRECTION('',(1.E0,0.E0,0.E0));
#6044=DIRECTION('',(0.E0,1.E0,0.E0));
#6045=AXIS2_PLACEMENT_3D('',#6042,#6043,#6044);
#6046=PLANE('',#6045);
#6047=ORIENTED_EDGE('',*,*,#5780,.F.);
#6048=ORIENTED_EDGE('',*,*,#4555,.T.);
#6050=ORIENTED_EDGE('',*,*,#6049,.T.);
#6052=ORIENTED_EDGE('',*,*,#6051,.F.);
#6053=EDGE_LOOP('',(#6047,#6048,#6050,#6052));
#6054=FACE_OUTER_BOUND('',#6053,.F.);
#6055=ADVANCED_FACE('',(#6054),#6046,.F.);
#6056=CARTESIAN_POINT('',(0.E0,0.E0,1.1E0));
#6057=DIRECTION('',(0.E0,0.E0,1.E0));
#6058=DIRECTION('',(1.E0,0.E0,0.E0));
#6059=AXIS2_PLACEMENT_3D('',#6056,#6057,#6058);
#6060=PLANE('',#6059);
#6061=ORIENTED_EDGE('',*,*,#4553,.F.);
#6063=ORIENTED_EDGE('',*,*,#6062,.F.);
#6065=ORIENTED_EDGE('',*,*,#6064,.F.);
#6066=ORIENTED_EDGE('',*,*,#6049,.F.);
#6067=EDGE_LOOP('',(#6061,#6063,#6065,#6066));
#6068=FACE_OUTER_BOUND('',#6067,.F.);
#6069=ADVANCED_FACE('',(#6068),#6060,.T.);
#6070=CARTESIAN_POINT('',(-2.75E0,-2.625E0,1.6E0));
#6071=DIRECTION('',(-1.E0,0.E0,0.E0));
#6072=DIRECTION('',(0.E0,-1.E0,0.E0));
#6073=AXIS2_PLACEMENT_3D('',#6070,#6071,#6072);
#6074=PLANE('',#6073);
#6075=ORIENTED_EDGE('',*,*,#5784,.T.);
#6077=ORIENTED_EDGE('',*,*,#6076,.T.);
#6078=ORIENTED_EDGE('',*,*,#6062,.T.);
#6079=ORIENTED_EDGE('',*,*,#4551,.F.);
#6080=EDGE_LOOP('',(#6075,#6077,#6078,#6079));
#6081=FACE_OUTER_BOUND('',#6080,.F.);
#6082=ADVANCED_FACE('',(#6081),#6074,.F.);
#6083=CARTESIAN_POINT('',(-2.25E0,-2.625E0,1.6E0));
#6084=DIRECTION('',(0.E0,1.E0,0.E0));
#6085=DIRECTION('',(-1.E0,0.E0,0.E0));
#6086=AXIS2_PLACEMENT_3D('',#6083,#6084,#6085);
#6087=PLANE('',#6086);
#6088=ORIENTED_EDGE('',*,*,#5782,.F.);
#6089=ORIENTED_EDGE('',*,*,#6051,.T.);
#6090=ORIENTED_EDGE('',*,*,#6064,.T.);
#6091=ORIENTED_EDGE('',*,*,#6076,.F.);
#6092=EDGE_LOOP('',(#6088,#6089,#6090,#6091));
#6093=FACE_OUTER_BOUND('',#6092,.F.);
#6094=ADVANCED_FACE('',(#6093),#6087,.F.);
#6095=CARTESIAN_POINT('',(-3.5E0,-3.225E0,1.6E0));
#6096=DIRECTION('',(1.E0,0.E0,0.E0));
#6097=DIRECTION('',(0.E0,1.E0,0.E0));
#6098=AXIS2_PLACEMENT_3D('',#6095,#6096,#6097);
#6099=PLANE('',#6098);
#6100=ORIENTED_EDGE('',*,*,#5787,.F.);
#6101=ORIENTED_EDGE('',*,*,#4547,.T.);
#6102=ORIENTED_EDGE('',*,*,#5708,.T.);
#6103=ORIENTED_EDGE('',*,*,#5735,.F.);
#6104=EDGE_LOOP('',(#6100,#6101,#6102,#6103));
#6105=FACE_OUTER_BOUND('',#6104,.F.);
#6106=ADVANCED_FACE('',(#6105),#6099,.F.);
#6107=CARTESIAN_POINT('',(-4.E0,-1.75E-1,1.6E0));
#6108=DIRECTION('',(0.E0,-1.E0,0.E0));
#6109=DIRECTION('',(1.E0,0.E0,0.E0));
#6110=AXIS2_PLACEMENT_3D('',#6107,#6108,#6109);
#6111=PLANE('',#6110);
#6113=ORIENTED_EDGE('',*,*,#6112,.T.);
#6115=ORIENTED_EDGE('',*,*,#6114,.F.);
#6116=ORIENTED_EDGE('',*,*,#5791,.F.);
#6117=ORIENTED_EDGE('',*,*,#4639,.T.);
#6119=ORIENTED_EDGE('',*,*,#6118,.T.);
#6121=ORIENTED_EDGE('',*,*,#6120,.F.);
#6122=EDGE_LOOP('',(#6113,#6115,#6116,#6117,#6119,#6121));
#6123=FACE_OUTER_BOUND('',#6122,.F.);
#6124=ADVANCED_FACE('',(#6123),#6111,.F.);
#6125=CARTESIAN_POINT('',(-3.225E0,-2.75E-1,1.3E0));
#6126=DIRECTION('',(0.E0,7.071067811865E-1,-7.071067811865E-1));
#6127=DIRECTION('',(0.E0,7.071067811865E-1,7.071067811865E-1));
#6128=AXIS2_PLACEMENT_3D('',#6125,#6126,#6127);
#6129=PLANE('',#6128);
#6131=ORIENTED_EDGE('',*,*,#6130,.T.);
#6132=ORIENTED_EDGE('',*,*,#6112,.F.);
#6134=ORIENTED_EDGE('',*,*,#6133,.T.);
#6136=ORIENTED_EDGE('',*,*,#6135,.T.);
#6137=EDGE_LOOP('',(#6131,#6132,#6134,#6136));
#6138=FACE_OUTER_BOUND('',#6137,.F.);
#6139=ADVANCED_FACE('',(#6138),#6129,.T.);
#6140=CARTESIAN_POINT('',(-3.05E0,-1.75E-1,1.6E0));
#6141=DIRECTION('',(-1.E0,0.E0,0.E0));
#6142=DIRECTION('',(0.E0,-1.E0,0.E0));
#6143=AXIS2_PLACEMENT_3D('',#6140,#6141,#6142);
#6144=PLANE('',#6143);
#6146=ORIENTED_EDGE('',*,*,#6145,.T.);
#6148=ORIENTED_EDGE('',*,*,#6147,.F.);
#6150=ORIENTED_EDGE('',*,*,#6149,.F.);
#6151=ORIENTED_EDGE('',*,*,#5793,.F.);
#6152=ORIENTED_EDGE('',*,*,#6114,.T.);
#6153=ORIENTED_EDGE('',*,*,#6130,.F.);
#6154=EDGE_LOOP('',(#6146,#6148,#6150,#6151,#6152,#6153));
#6155=FACE_OUTER_BOUND('',#6154,.F.);
#6156=ADVANCED_FACE('',(#6155),#6144,.F.);
#6157=CARTESIAN_POINT('',(-3.4E0,9.75E-1,1.2E0));
#6158=DIRECTION('',(0.E0,0.E0,1.E0));
#6159=DIRECTION('',(1.E0,0.E0,0.E0));
#6160=AXIS2_PLACEMENT_3D('',#6157,#6158,#6159);
#6161=PLANE('',#6160);
#6162=ORIENTED_EDGE('',*,*,#6135,.F.);
#6164=ORIENTED_EDGE('',*,*,#6163,.T.);
#6166=ORIENTED_EDGE('',*,*,#6165,.T.);
#6168=ORIENTED_EDGE('',*,*,#6167,.F.);
#6170=ORIENTED_EDGE('',*,*,#6169,.F.);
#6172=ORIENTED_EDGE('',*,*,#6171,.F.);
#6174=ORIENTED_EDGE('',*,*,#6173,.F.);
#6175=ORIENTED_EDGE('',*,*,#6145,.F.);
#6176=EDGE_LOOP('',(#6162,#6164,#6166,#6168,#6170,#6172,#6174,#6175));
#6177=FACE_OUTER_BOUND('',#6176,.F.);
#6178=ADVANCED_FACE('',(#6177),#6161,.F.);
#6179=CARTESIAN_POINT('',(-3.4E0,9.75E-1,-1.2E0));
#6180=DIRECTION('',(-1.E0,0.E0,0.E0));
#6181=DIRECTION('',(0.E0,0.E0,1.E0));
#6182=AXIS2_PLACEMENT_3D('',#6179,#6180,#6181);
#6183=PLANE('',#6182);
#6185=ORIENTED_EDGE('',*,*,#6184,.F.);
#6187=ORIENTED_EDGE('',*,*,#6186,.T.);
#6188=ORIENTED_EDGE('',*,*,#6163,.F.);
#6189=ORIENTED_EDGE('',*,*,#6133,.F.);
#6190=ORIENTED_EDGE('',*,*,#6120,.T.);
#6192=ORIENTED_EDGE('',*,*,#6191,.F.);
#6194=ORIENTED_EDGE('',*,*,#6193,.F.);
#6195=EDGE_LOOP('',(#6185,#6187,#6188,#6189,#6190,#6192,#6194));
#6196=FACE_OUTER_BOUND('',#6195,.F.);
#6197=ADVANCED_FACE('',(#6196),#6183,.F.);
#6198=CARTESIAN_POINT('',(-3.4E0,9.75E-1,-1.2E0));
#6199=DIRECTION('',(-1.E0,0.E0,0.E0));
#6200=DIRECTION('',(0.E0,0.E0,1.E0));
#6201=AXIS2_PLACEMENT_3D('',#6198,#6199,#6200);
#6202=PLANE('',#6201);
#6204=ORIENTED_EDGE('',*,*,#6203,.T.);
#6206=ORIENTED_EDGE('',*,*,#6205,.F.);
#6208=ORIENTED_EDGE('',*,*,#6207,.T.);
#6210=ORIENTED_EDGE('',*,*,#6209,.T.);
#6211=EDGE_LOOP('',(#6204,#6206,#6208,#6210));
#6212=FACE_OUTER_BOUND('',#6211,.F.);
#6213=ADVANCED_FACE('',(#6212),#6202,.F.);
#6214=CARTESIAN_POINT('',(-3.7E0,9.75E-1,4.E-1));
#6215=DIRECTION('',(0.E0,0.E0,1.E0));
#6216=DIRECTION('',(1.E0,0.E0,0.E0));
#6217=AXIS2_PLACEMENT_3D('',#6214,#6215,#6216);
#6218=PLANE('',#6217);
#6219=ORIENTED_EDGE('',*,*,#6184,.T.);
#6221=ORIENTED_EDGE('',*,*,#6220,.F.);
#6223=ORIENTED_EDGE('',*,*,#6222,.T.);
#6225=ORIENTED_EDGE('',*,*,#6224,.T.);
#6226=EDGE_LOOP('',(#6219,#6221,#6223,#6225));
#6227=FACE_OUTER_BOUND('',#6226,.F.);
#6228=ADVANCED_FACE('',(#6227),#6218,.F.);
#6229=CARTESIAN_POINT('',(-3.7E0,9.75E-1,-1.2E0));
#6230=DIRECTION('',(5.547001962252E-1,8.320502943378E-1,0.E0));
#6231=DIRECTION('',(0.E0,0.E0,1.E0));
#6232=AXIS2_PLACEMENT_3D('',#6229,#6230,#6231);
#6233=PLANE('',#6232);
#6234=ORIENTED_EDGE('',*,*,#6220,.T.);
#6235=ORIENTED_EDGE('',*,*,#6193,.T.);
#6237=ORIENTED_EDGE('',*,*,#6236,.F.);
#6239=ORIENTED_EDGE('',*,*,#6238,.T.);
#6240=EDGE_LOOP('',(#6234,#6235,#6237,#6239));
#6241=FACE_OUTER_BOUND('',#6240,.F.);
#6242=ADVANCED_FACE('',(#6241),#6233,.T.);
#6243=CARTESIAN_POINT('',(-3.7E0,9.75E-1,-1.2E0));
#6244=DIRECTION('',(5.547001962252E-1,8.320502943378E-1,0.E0));
#6245=DIRECTION('',(0.E0,0.E0,1.E0));
#6246=AXIS2_PLACEMENT_3D('',#6243,#6244,#6245);
#6247=PLANE('',#6246);
#6249=ORIENTED_EDGE('',*,*,#6248,.F.);
#6251=ORIENTED_EDGE('',*,*,#6250,.T.);
#6253=ORIENTED_EDGE('',*,*,#6252,.F.);
#6254=ORIENTED_EDGE('',*,*,#6205,.T.);
#6255=EDGE_LOOP('',(#6249,#6251,#6253,#6254));
#6256=FACE_OUTER_BOUND('',#6255,.F.);
#6257=ADVANCED_FACE('',(#6256),#6247,.T.);
#6258=CARTESIAN_POINT('',(0.E0,0.E0,1.2E0));
#6259=DIRECTION('',(0.E0,0.E0,1.E0));
#6260=DIRECTION('',(1.E0,0.E0,0.E0));
#6261=AXIS2_PLACEMENT_3D('',#6258,#6259,#6260);
#6262=PLANE('',#6261);
#6263=ORIENTED_EDGE('',*,*,#6118,.F.);
#6264=ORIENTED_EDGE('',*,*,#4637,.F.);
#6266=ORIENTED_EDGE('',*,*,#6265,.F.);
#6267=ORIENTED_EDGE('',*,*,#6236,.T.);
#6268=ORIENTED_EDGE('',*,*,#6191,.T.);
#6269=EDGE_LOOP('',(#6263,#6264,#6266,#6267,#6268));
#6270=FACE_OUTER_BOUND('',#6269,.F.);
#6271=ADVANCED_FACE('',(#6270),#6262,.T.);
#6272=CARTESIAN_POINT('',(0.E0,0.E0,1.2E0));
#6273=DIRECTION('',(0.E0,0.E0,1.E0));
#6274=DIRECTION('',(1.E0,0.E0,0.E0));
#6275=AXIS2_PLACEMENT_3D('',#6272,#6273,#6274);
#6276=PLANE('',#6275);
#6278=ORIENTED_EDGE('',*,*,#6277,.F.);
#6280=ORIENTED_EDGE('',*,*,#6279,.F.);
#6282=ORIENTED_EDGE('',*,*,#6281,.F.);
#6284=ORIENTED_EDGE('',*,*,#6283,.F.);
#6285=ORIENTED_EDGE('',*,*,#5622,.T.);
#6286=EDGE_LOOP('',(#6278,#6280,#6282,#6284,#6285));
#6287=FACE_OUTER_BOUND('',#6286,.F.);
#6288=ADVANCED_FACE('',(#6287),#6276,.T.);
#6289=CARTESIAN_POINT('',(4.E0,9.75E-1,-1.8E0));
#6290=DIRECTION('',(0.E0,1.E0,0.E0));
#6291=DIRECTION('',(-1.E0,0.E0,0.E0));
#6292=AXIS2_PLACEMENT_3D('',#6289,#6290,#6291);
#6293=PLANE('',#6292);
#6295=ORIENTED_EDGE('',*,*,#6294,.T.);
#6297=ORIENTED_EDGE('',*,*,#6296,.T.);
#6299=ORIENTED_EDGE('',*,*,#6298,.T.);
#6300=ORIENTED_EDGE('',*,*,#4428,.F.);
#6301=ORIENTED_EDGE('',*,*,#4505,.T.);
#6303=ORIENTED_EDGE('',*,*,#6302,.F.);
#6304=ORIENTED_EDGE('',*,*,#5624,.T.);
#6305=ORIENTED_EDGE('',*,*,#6283,.T.);
#6307=ORIENTED_EDGE('',*,*,#6306,.F.);
#6309=ORIENTED_EDGE('',*,*,#6308,.T.);
#6311=ORIENTED_EDGE('',*,*,#6310,.F.);
#6313=ORIENTED_EDGE('',*,*,#6312,.F.);
#6314=EDGE_LOOP('',(#6295,#6297,#6299,#6300,#6301,#6303,#6304,#6305,#6307,#6309,
#6311,#6313));
#6315=FACE_OUTER_BOUND('',#6314,.F.);
#6316=ADVANCED_FACE('',(#6315),#6293,.T.);
#6317=CARTESIAN_POINT('',(4.E0,9.75E-1,-1.8E0));
#6318=DIRECTION('',(0.E0,1.E0,0.E0));
#6319=DIRECTION('',(-1.E0,0.E0,0.E0));
#6320=AXIS2_PLACEMENT_3D('',#6317,#6318,#6319);
#6321=PLANE('',#6320);
#6323=ORIENTED_EDGE('',*,*,#6322,.T.);
#6325=ORIENTED_EDGE('',*,*,#6324,.T.);
#6327=ORIENTED_EDGE('',*,*,#6326,.F.);
#6329=ORIENTED_EDGE('',*,*,#6328,.F.);
#6330=EDGE_LOOP('',(#6323,#6325,#6327,#6329));
#6331=FACE_OUTER_BOUND('',#6330,.F.);
#6332=ADVANCED_FACE('',(#6331),#6321,.T.);
#6333=CARTESIAN_POINT('',(4.E0,9.75E-1,-1.8E0));
#6334=DIRECTION('',(0.E0,1.E0,0.E0));
#6335=DIRECTION('',(-1.E0,0.E0,0.E0));
#6336=AXIS2_PLACEMENT_3D('',#6333,#6334,#6335);
#6337=PLANE('',#6336);
#6339=ORIENTED_EDGE('',*,*,#6338,.F.);
#6341=ORIENTED_EDGE('',*,*,#6340,.F.);
#6342=ORIENTED_EDGE('',*,*,#6250,.F.);
#6344=ORIENTED_EDGE('',*,*,#6343,.T.);
#6345=ORIENTED_EDGE('',*,*,#6238,.F.);
#6346=ORIENTED_EDGE('',*,*,#6265,.T.);
#6347=ORIENTED_EDGE('',*,*,#4635,.F.);
#6349=ORIENTED_EDGE('',*,*,#6348,.T.);
#6351=ORIENTED_EDGE('',*,*,#6350,.F.);
#6352=ORIENTED_EDGE('',*,*,#4444,.F.);
#6354=ORIENTED_EDGE('',*,*,#6353,.F.);
#6356=ORIENTED_EDGE('',*,*,#6355,.T.);
#6357=EDGE_LOOP('',(#6339,#6341,#6342,#6344,#6345,#6346,#6347,#6349,#6351,#6352,
#6354,#6356));
#6358=FACE_OUTER_BOUND('',#6357,.F.);
#6359=ADVANCED_FACE('',(#6358),#6337,.T.);
#6360=CARTESIAN_POINT('',(2.025E0,9.75E-1,-1.6E0));
#6361=DIRECTION('',(1.E0,0.E0,0.E0));
#6362=DIRECTION('',(0.E0,-1.E0,0.E0));
#6363=AXIS2_PLACEMENT_3D('',#6360,#6361,#6362);
#6364=PLANE('',#6363);
#6365=ORIENTED_EDGE('',*,*,#6294,.F.);
#6367=ORIENTED_EDGE('',*,*,#6366,.T.);
#6369=ORIENTED_EDGE('',*,*,#6368,.T.);
#6371=ORIENTED_EDGE('',*,*,#6370,.F.);
#6373=ORIENTED_EDGE('',*,*,#6372,.F.);
#6374=EDGE_LOOP('',(#6365,#6367,#6369,#6371,#6373));
#6375=FACE_OUTER_BOUND('',#6374,.F.);
#6376=ADVANCED_FACE('',(#6375),#6364,.F.);
#6377=CARTESIAN_POINT('',(0.E0,8.75E-1,-1.3E0));
#6378=DIRECTION('',(0.E0,7.071067811865E-1,7.071067811865E-1));
#6379=DIRECTION('',(0.E0,-7.071067811865E-1,7.071067811865E-1));
#6380=AXIS2_PLACEMENT_3D('',#6377,#6378,#6379);
#6381=PLANE('',#6380);
#6382=ORIENTED_EDGE('',*,*,#6366,.F.);
#6383=ORIENTED_EDGE('',*,*,#6312,.T.);
#6385=ORIENTED_EDGE('',*,*,#6384,.T.);
#6387=ORIENTED_EDGE('',*,*,#6386,.F.);
#6388=EDGE_LOOP('',(#6382,#6383,#6385,#6387));
#6389=FACE_OUTER_BOUND('',#6388,.F.);
#6390=ADVANCED_FACE('',(#6389),#6381,.T.);
#6391=CARTESIAN_POINT('',(0.E0,8.75E-1,-1.3E0));
#6392=DIRECTION('',(0.E0,7.071067811865E-1,7.071067811865E-1));
#6393=DIRECTION('',(0.E0,-7.071067811865E-1,7.071067811865E-1));
#6394=AXIS2_PLACEMENT_3D('',#6391,#6392,#6393);
#6395=PLANE('',#6394);
#6397=ORIENTED_EDGE('',*,*,#6396,.F.);
#6398=ORIENTED_EDGE('',*,*,#6328,.T.);
#6400=ORIENTED_EDGE('',*,*,#6399,.T.);
#6402=ORIENTED_EDGE('',*,*,#6401,.F.);
#6403=EDGE_LOOP('',(#6397,#6398,#6400,#6402));
#6404=FACE_OUTER_BOUND('',#6403,.F.);
#6405=ADVANCED_FACE('',(#6404),#6395,.T.);
#6406=CARTESIAN_POINT('',(0.E0,8.75E-1,-1.3E0));
#6407=DIRECTION('',(0.E0,7.071067811865E-1,7.071067811865E-1));
#6408=DIRECTION('',(0.E0,-7.071067811865E-1,7.071067811865E-1));
#6409=AXIS2_PLACEMENT_3D('',#6406,#6407,#6408);
#6410=PLANE('',#6409);
#6412=ORIENTED_EDGE('',*,*,#6411,.T.);
#6414=ORIENTED_EDGE('',*,*,#6413,.F.);
#6415=ORIENTED_EDGE('',*,*,#6252,.T.);
#6416=ORIENTED_EDGE('',*,*,#6340,.T.);
#6417=EDGE_LOOP('',(#6412,#6414,#6415,#6416));
#6418=FACE_OUTER_BOUND('',#6417,.F.);
#6419=ADVANCED_FACE('',(#6418),#6410,.T.);
#6420=CARTESIAN_POINT('',(3.7E0,9.75E-1,1.2E0));
#6421=DIRECTION('',(-5.547001962252E-1,8.320502943378E-1,0.E0));
#6422=DIRECTION('',(0.E0,0.E0,-1.E0));
#6423=AXIS2_PLACEMENT_3D('',#6420,#6421,#6422);
#6424=PLANE('',#6423);
#6426=ORIENTED_EDGE('',*,*,#6425,.T.);
#6428=ORIENTED_EDGE('',*,*,#6427,.T.);
#6429=ORIENTED_EDGE('',*,*,#6384,.F.);
#6430=ORIENTED_EDGE('',*,*,#6310,.T.);
#6431=EDGE_LOOP('',(#6426,#6428,#6429,#6430));
#6432=FACE_OUTER_BOUND('',#6431,.F.);
#6433=ADVANCED_FACE('',(#6432),#6424,.T.);
#6434=CARTESIAN_POINT('',(3.7E0,9.75E-1,1.2E0));
#6435=DIRECTION('',(-5.547001962252E-1,8.320502943378E-1,0.E0));
#6436=DIRECTION('',(0.E0,0.E0,-1.E0));
#6437=AXIS2_PLACEMENT_3D('',#6434,#6435,#6436);
#6438=PLANE('',#6437);
#6440=ORIENTED_EDGE('',*,*,#6439,.F.);
#6441=ORIENTED_EDGE('',*,*,#6306,.T.);
#6442=ORIENTED_EDGE('',*,*,#6281,.T.);
#6444=ORIENTED_EDGE('',*,*,#6443,.T.);
#6445=EDGE_LOOP('',(#6440,#6441,#6442,#6444));
#6446=FACE_OUTER_BOUND('',#6445,.F.);
#6447=ADVANCED_FACE('',(#6446),#6438,.T.);
#6448=CARTESIAN_POINT('',(3.7E0,9.75E-1,-4.5E-1));
#6449=DIRECTION('',(0.E0,0.E0,-1.E0));
#6450=DIRECTION('',(-1.E0,0.E0,0.E0));
#6451=AXIS2_PLACEMENT_3D('',#6448,#6449,#6450);
#6452=PLANE('',#6451);
#6454=ORIENTED_EDGE('',*,*,#6453,.T.);
#6455=ORIENTED_EDGE('',*,*,#6425,.F.);
#6457=ORIENTED_EDGE('',*,*,#6456,.T.);
#6459=ORIENTED_EDGE('',*,*,#6458,.T.);
#6460=EDGE_LOOP('',(#6454,#6455,#6457,#6459));
#6461=FACE_OUTER_BOUND('',#6460,.F.);
#6462=ADVANCED_FACE('',(#6461),#6452,.F.);
#6463=CARTESIAN_POINT('',(3.4E0,9.75E-1,1.2E0));
#6464=DIRECTION('',(1.E0,0.E0,0.E0));
#6465=DIRECTION('',(0.E0,0.E0,-1.E0));
#6466=AXIS2_PLACEMENT_3D('',#6463,#6464,#6465);
#6467=PLANE('',#6466);
#6469=ORIENTED_EDGE('',*,*,#6468,.T.);
#6471=ORIENTED_EDGE('',*,*,#6470,.T.);
#6472=ORIENTED_EDGE('',*,*,#6443,.F.);
#6473=ORIENTED_EDGE('',*,*,#6279,.T.);
#6475=ORIENTED_EDGE('',*,*,#6474,.F.);
#6477=ORIENTED_EDGE('',*,*,#6476,.F.);
#6478=ORIENTED_EDGE('',*,*,#6167,.T.);
#6479=EDGE_LOOP('',(#6469,#6471,#6472,#6473,#6475,#6477,#6478));
#6480=FACE_OUTER_BOUND('',#6479,.F.);
#6481=ADVANCED_FACE('',(#6480),#6467,.F.);
#6482=CARTESIAN_POINT('',(3.4E0,9.75E-1,1.2E0));
#6483=DIRECTION('',(1.E0,0.E0,0.E0));
#6484=DIRECTION('',(0.E0,0.E0,-1.E0));
#6485=AXIS2_PLACEMENT_3D('',#6482,#6483,#6484);
#6486=PLANE('',#6485);
#6488=ORIENTED_EDGE('',*,*,#6487,.T.);
#6490=ORIENTED_EDGE('',*,*,#6489,.F.);
#6491=ORIENTED_EDGE('',*,*,#6427,.F.);
#6492=ORIENTED_EDGE('',*,*,#6453,.F.);
#6493=EDGE_LOOP('',(#6488,#6490,#6491,#6492));
#6494=FACE_OUTER_BOUND('',#6493,.F.);
#6495=ADVANCED_FACE('',(#6494),#6486,.F.);
#6496=CARTESIAN_POINT('',(4.E0,-1.975E0,-1.8E0));
#6497=DIRECTION('',(0.E0,1.E0,0.E0));
#6498=DIRECTION('',(1.E0,0.E0,0.E0));
#6499=AXIS2_PLACEMENT_3D('',#6496,#6497,#6498);
#6500=PLANE('',#6499);
#6501=ORIENTED_EDGE('',*,*,#6487,.F.);
#6502=ORIENTED_EDGE('',*,*,#6458,.F.);
#6504=ORIENTED_EDGE('',*,*,#6503,.F.);
#6506=ORIENTED_EDGE('',*,*,#6505,.F.);
#6507=ORIENTED_EDGE('',*,*,#6468,.F.);
#6508=ORIENTED_EDGE('',*,*,#6165,.F.);
#6509=ORIENTED_EDGE('',*,*,#6186,.F.);
#6510=ORIENTED_EDGE('',*,*,#6224,.F.);
#6512=ORIENTED_EDGE('',*,*,#6511,.F.);
#6514=ORIENTED_EDGE('',*,*,#6513,.F.);
#6515=ORIENTED_EDGE('',*,*,#6209,.F.);
#6517=ORIENTED_EDGE('',*,*,#6516,.F.);
#6518=EDGE_LOOP('',(#6501,#6502,#6504,#6506,#6507,#6508,#6509,#6510,#6512,#6514,
#6515,#6517));
#6519=FACE_OUTER_BOUND('',#6518,.F.);
#6521=ORIENTED_EDGE('',*,*,#6520,.T.);
#6523=ORIENTED_EDGE('',*,*,#6522,.T.);
#6525=ORIENTED_EDGE('',*,*,#6524,.T.);
#6527=ORIENTED_EDGE('',*,*,#6526,.T.);
#6528=EDGE_LOOP('',(#6521,#6523,#6525,#6527));
#6529=FACE_BOUND('',#6528,.F.);
#6531=ORIENTED_EDGE('',*,*,#6530,.T.);
#6533=ORIENTED_EDGE('',*,*,#6532,.T.);
#6535=ORIENTED_EDGE('',*,*,#6534,.T.);
#6537=ORIENTED_EDGE('',*,*,#6536,.T.);
#6538=EDGE_LOOP('',(#6531,#6533,#6535,#6537));
#6539=FACE_BOUND('',#6538,.F.);
#6541=ORIENTED_EDGE('',*,*,#6540,.T.);
#6543=ORIENTED_EDGE('',*,*,#6542,.T.);
#6545=ORIENTED_EDGE('',*,*,#6544,.T.);
#6547=ORIENTED_EDGE('',*,*,#6546,.T.);
#6548=EDGE_LOOP('',(#6541,#6543,#6545,#6547));
#6549=FACE_BOUND('',#6548,.F.);
#6551=ORIENTED_EDGE('',*,*,#6550,.T.);
#6553=ORIENTED_EDGE('',*,*,#6552,.T.);
#6555=ORIENTED_EDGE('',*,*,#6554,.T.);
#6557=ORIENTED_EDGE('',*,*,#6556,.T.);
#6558=EDGE_LOOP('',(#6551,#6553,#6555,#6557));
#6559=FACE_BOUND('',#6558,.F.);
#6561=ORIENTED_EDGE('',*,*,#6560,.T.);
#6563=ORIENTED_EDGE('',*,*,#6562,.T.);
#6565=ORIENTED_EDGE('',*,*,#6564,.T.);
#6567=ORIENTED_EDGE('',*,*,#6566,.T.);
#6568=EDGE_LOOP('',(#6561,#6563,#6565,#6567));
#6569=FACE_BOUND('',#6568,.F.);
#6570=ADVANCED_FACE('',(#6519,#6529,#6539,#6549,#6559,#6569),#6500,.T.);
#6571=CARTESIAN_POINT('',(3.7E0,9.75E-1,4.E-1));
#6572=DIRECTION('',(1.E0,0.E0,0.E0));
#6573=DIRECTION('',(0.E0,0.E0,-1.E0));
#6574=AXIS2_PLACEMENT_3D('',#6571,#6572,#6573);
#6575=PLANE('',#6574);
#6576=ORIENTED_EDGE('',*,*,#6308,.F.);
#6578=ORIENTED_EDGE('',*,*,#6577,.T.);
#6579=ORIENTED_EDGE('',*,*,#6503,.T.);
#6580=ORIENTED_EDGE('',*,*,#6456,.F.);
#6581=EDGE_LOOP('',(#6576,#6578,#6579,#6580));
#6582=FACE_OUTER_BOUND('',#6581,.F.);
#6583=ADVANCED_FACE('',(#6582),#6575,.F.);
#6584=CARTESIAN_POINT('',(3.4E0,9.75E-1,4.E-1));
#6585=DIRECTION('',(0.E0,0.E0,1.E0));
#6586=DIRECTION('',(1.E0,0.E0,0.E0));
#6587=AXIS2_PLACEMENT_3D('',#6584,#6585,#6586);
#6588=PLANE('',#6587);
#6589=ORIENTED_EDGE('',*,*,#6470,.F.);
#6590=ORIENTED_EDGE('',*,*,#6505,.T.);
#6591=ORIENTED_EDGE('',*,*,#6577,.F.);
#6592=ORIENTED_EDGE('',*,*,#6439,.T.);
#6593=EDGE_LOOP('',(#6589,#6590,#6591,#6592));
#6594=FACE_OUTER_BOUND('',#6593,.F.);
#6595=ADVANCED_FACE('',(#6594),#6588,.F.);
#6596=CARTESIAN_POINT('',(-3.7E0,9.75E-1,-4.5E-1));
#6597=DIRECTION('',(-1.E0,0.E0,0.E0));
#6598=DIRECTION('',(0.E0,0.E0,1.E0));
#6599=AXIS2_PLACEMENT_3D('',#6596,#6597,#6598);
#6600=PLANE('',#6599);
#6601=ORIENTED_EDGE('',*,*,#6343,.F.);
#6603=ORIENTED_EDGE('',*,*,#6602,.T.);
#6604=ORIENTED_EDGE('',*,*,#6511,.T.);
#6605=ORIENTED_EDGE('',*,*,#6222,.F.);
#6606=EDGE_LOOP('',(#6601,#6603,#6604,#6605));
#6607=FACE_OUTER_BOUND('',#6606,.F.);
#6608=ADVANCED_FACE('',(#6607),#6600,.F.);
#6609=CARTESIAN_POINT('',(-3.4E0,9.75E-1,-4.5E-1));
#6610=DIRECTION('',(0.E0,0.E0,-1.E0));
#6611=DIRECTION('',(-1.E0,0.E0,0.E0));
#6612=AXIS2_PLACEMENT_3D('',#6609,#6610,#6611);
#6613=PLANE('',#6612);
#6614=ORIENTED_EDGE('',*,*,#6203,.F.);
#6615=ORIENTED_EDGE('',*,*,#6513,.T.);
#6616=ORIENTED_EDGE('',*,*,#6602,.F.);
#6617=ORIENTED_EDGE('',*,*,#6248,.T.);
#6618=EDGE_LOOP('',(#6614,#6615,#6616,#6617));
#6619=FACE_OUTER_BOUND('',#6618,.F.);
#6620=ADVANCED_FACE('',(#6619),#6613,.F.);
#6621=CARTESIAN_POINT('',(3.4E0,9.75E-1,-1.2E0));
#6622=DIRECTION('',(0.E0,0.E0,-1.E0));
#6623=DIRECTION('',(-1.E0,0.E0,0.E0));
#6624=AXIS2_PLACEMENT_3D('',#6621,#6622,#6623);
#6625=PLANE('',#6624);
#6627=ORIENTED_EDGE('',*,*,#6626,.F.);
#6628=ORIENTED_EDGE('',*,*,#6401,.T.);
#6630=ORIENTED_EDGE('',*,*,#6629,.T.);
#6632=ORIENTED_EDGE('',*,*,#6631,.F.);
#6634=ORIENTED_EDGE('',*,*,#6633,.F.);
#6636=ORIENTED_EDGE('',*,*,#6635,.F.);
#6638=ORIENTED_EDGE('',*,*,#6637,.F.);
#6640=ORIENTED_EDGE('',*,*,#6639,.F.);
#6641=ORIENTED_EDGE('',*,*,#6368,.F.);
#6642=ORIENTED_EDGE('',*,*,#6386,.T.);
#6643=ORIENTED_EDGE('',*,*,#6489,.T.);
#6644=ORIENTED_EDGE('',*,*,#6516,.T.);
#6645=ORIENTED_EDGE('',*,*,#6207,.F.);
#6646=ORIENTED_EDGE('',*,*,#6413,.T.);
#6648=ORIENTED_EDGE('',*,*,#6647,.T.);
#6650=ORIENTED_EDGE('',*,*,#6649,.F.);
#6652=ORIENTED_EDGE('',*,*,#6651,.F.);
#6654=ORIENTED_EDGE('',*,*,#6653,.F.);
#6656=ORIENTED_EDGE('',*,*,#6655,.F.);
#6658=ORIENTED_EDGE('',*,*,#6657,.F.);
#6659=EDGE_LOOP('',(#6627,#6628,#6630,#6632,#6634,#6636,#6638,#6640,#6641,#6642,
#6643,#6644,#6645,#6646,#6648,#6650,#6652,#6654,#6656,#6658));
#6660=FACE_OUTER_BOUND('',#6659,.F.);
#6661=ADVANCED_FACE('',(#6660),#6625,.F.);
#6662=CARTESIAN_POINT('',(-1.725E0,9.75E-1,-1.6E0));
#6663=DIRECTION('',(1.E0,0.E0,0.E0));
#6664=DIRECTION('',(0.E0,-1.E0,0.E0));
#6665=AXIS2_PLACEMENT_3D('',#6662,#6663,#6664);
#6666=PLANE('',#6665);
#6667=ORIENTED_EDGE('',*,*,#6322,.F.);
#6668=ORIENTED_EDGE('',*,*,#6396,.T.);
#6669=ORIENTED_EDGE('',*,*,#6626,.T.);
#6671=ORIENTED_EDGE('',*,*,#6670,.F.);
#6673=ORIENTED_EDGE('',*,*,#6672,.F.);
#6674=EDGE_LOOP('',(#6667,#6668,#6669,#6671,#6673));
#6675=FACE_OUTER_BOUND('',#6674,.F.);
#6676=ADVANCED_FACE('',(#6675),#6666,.F.);
#6677=CARTESIAN_POINT('',(-1.725E0,-4.75E-1,-1.6E0));
#6678=DIRECTION('',(0.E0,1.E0,0.E0));
#6679=DIRECTION('',(1.E0,0.E0,0.E0));
#6680=AXIS2_PLACEMENT_3D('',#6677,#6678,#6679);
#6681=PLANE('',#6680);
#6683=ORIENTED_EDGE('',*,*,#6682,.F.);
#6684=ORIENTED_EDGE('',*,*,#6670,.T.);
#6685=ORIENTED_EDGE('',*,*,#6657,.T.);
#6687=ORIENTED_EDGE('',*,*,#6686,.F.);
#6688=EDGE_LOOP('',(#6683,#6684,#6685,#6687));
#6689=FACE_OUTER_BOUND('',#6688,.F.);
#6690=ADVANCED_FACE('',(#6689),#6681,.F.);
#6691=CARTESIAN_POINT('',(-3.3E0,9.75E-1,-1.6E0));
#6692=DIRECTION('',(0.E0,0.E0,1.E0));
#6693=DIRECTION('',(1.E0,0.E0,0.E0));
#6694=AXIS2_PLACEMENT_3D('',#6691,#6692,#6693);
#6695=PLANE('',#6694);
#6696=ORIENTED_EDGE('',*,*,#6672,.T.);
#6697=ORIENTED_EDGE('',*,*,#6682,.T.);
#6699=ORIENTED_EDGE('',*,*,#6698,.T.);
#6701=ORIENTED_EDGE('',*,*,#6700,.T.);
#6703=ORIENTED_EDGE('',*,*,#6702,.T.);
#6705=ORIENTED_EDGE('',*,*,#6704,.T.);
#6707=ORIENTED_EDGE('',*,*,#6706,.F.);
#6708=ORIENTED_EDGE('',*,*,#6355,.F.);
#6710=ORIENTED_EDGE('',*,*,#6709,.T.);
#6712=ORIENTED_EDGE('',*,*,#6711,.F.);
#6714=ORIENTED_EDGE('',*,*,#6713,.F.);
#6715=ORIENTED_EDGE('',*,*,#6348,.F.);
#6716=ORIENTED_EDGE('',*,*,#4633,.T.);
#6717=ORIENTED_EDGE('',*,*,#4533,.T.);
#6719=ORIENTED_EDGE('',*,*,#6718,.F.);
#6721=ORIENTED_EDGE('',*,*,#6720,.F.);
#6723=ORIENTED_EDGE('',*,*,#6722,.T.);
#6724=ORIENTED_EDGE('',*,*,#4526,.T.);
#6726=ORIENTED_EDGE('',*,*,#6725,.F.);
#6727=ORIENTED_EDGE('',*,*,#4475,.F.);
#6728=ORIENTED_EDGE('',*,*,#4491,.T.);
#6729=ORIENTED_EDGE('',*,*,#4520,.F.);
#6730=ORIENTED_EDGE('',*,*,#5626,.T.);
#6731=ORIENTED_EDGE('',*,*,#6302,.T.);
#6732=ORIENTED_EDGE('',*,*,#4503,.T.);
#6734=ORIENTED_EDGE('',*,*,#6733,.F.);
#6736=ORIENTED_EDGE('',*,*,#6735,.F.);
#6737=ORIENTED_EDGE('',*,*,#6296,.F.);
#6738=ORIENTED_EDGE('',*,*,#6372,.T.);
#6740=ORIENTED_EDGE('',*,*,#6739,.T.);
#6742=ORIENTED_EDGE('',*,*,#6741,.T.);
#6744=ORIENTED_EDGE('',*,*,#6743,.T.);
#6746=ORIENTED_EDGE('',*,*,#6745,.T.);
#6748=ORIENTED_EDGE('',*,*,#6747,.T.);
#6750=ORIENTED_EDGE('',*,*,#6749,.F.);
#6751=ORIENTED_EDGE('',*,*,#6324,.F.);
#6752=EDGE_LOOP('',(#6696,#6697,#6699,#6701,#6703,#6705,#6707,#6708,#6710,#6712,
#6714,#6715,#6716,#6717,#6719,#6721,#6723,#6724,#6726,#6727,#6728,#6729,#6730,
#6731,#6732,#6734,#6736,#6737,#6738,#6740,#6742,#6744,#6746,#6748,#6750,#6751));
#6753=FACE_OUTER_BOUND('',#6752,.F.);
#6754=ADVANCED_FACE('',(#6753),#6695,.F.);
#6755=CARTESIAN_POINT('',(-1.325E0,-4.75E-1,-1.6E0));
#6756=DIRECTION('',(1.E0,0.E0,0.E0));
#6757=DIRECTION('',(0.E0,-1.E0,0.E0));
#6758=AXIS2_PLACEMENT_3D('',#6755,#6756,#6757);
#6759=PLANE('',#6758);
#6760=ORIENTED_EDGE('',*,*,#6698,.F.);
#6761=ORIENTED_EDGE('',*,*,#6686,.T.);
#6762=ORIENTED_EDGE('',*,*,#6655,.T.);
#6764=ORIENTED_EDGE('',*,*,#6763,.F.);
#6765=EDGE_LOOP('',(#6760,#6761,#6762,#6764));
#6766=FACE_OUTER_BOUND('',#6765,.F.);
#6767=ADVANCED_FACE('',(#6766),#6759,.F.);
#6768=CARTESIAN_POINT('',(-1.325E0,-1.625E0,-1.6E0));
#6769=DIRECTION('',(0.E0,-1.E0,0.E0));
#6770=DIRECTION('',(-1.E0,0.E0,0.E0));
#6771=AXIS2_PLACEMENT_3D('',#6768,#6769,#6770);
#6772=PLANE('',#6771);
#6773=ORIENTED_EDGE('',*,*,#6700,.F.);
#6774=ORIENTED_EDGE('',*,*,#6763,.T.);
#6775=ORIENTED_EDGE('',*,*,#6653,.T.);
#6777=ORIENTED_EDGE('',*,*,#6776,.F.);
#6778=EDGE_LOOP('',(#6773,#6774,#6775,#6777));
#6779=FACE_OUTER_BOUND('',#6778,.F.);
#6780=ADVANCED_FACE('',(#6779),#6772,.F.);
#6781=CARTESIAN_POINT('',(-2.425E0,-1.625E0,-1.6E0));
#6782=DIRECTION('',(-1.E0,0.E0,0.E0));
#6783=DIRECTION('',(0.E0,1.E0,0.E0));
#6784=AXIS2_PLACEMENT_3D('',#6781,#6782,#6783);
#6785=PLANE('',#6784);
#6786=ORIENTED_EDGE('',*,*,#6702,.F.);
#6787=ORIENTED_EDGE('',*,*,#6776,.T.);
#6788=ORIENTED_EDGE('',*,*,#6651,.T.);
#6790=ORIENTED_EDGE('',*,*,#6789,.F.);
#6791=EDGE_LOOP('',(#6786,#6787,#6788,#6790));
#6792=FACE_OUTER_BOUND('',#6791,.F.);
#6793=ADVANCED_FACE('',(#6792),#6785,.F.);
#6794=CARTESIAN_POINT('',(-2.425E0,-4.75E-1,-1.6E0));
#6795=DIRECTION('',(0.E0,1.E0,0.E0));
#6796=DIRECTION('',(1.E0,0.E0,0.E0));
#6797=AXIS2_PLACEMENT_3D('',#6794,#6795,#6796);
#6798=PLANE('',#6797);
#6799=ORIENTED_EDGE('',*,*,#6704,.F.);
#6800=ORIENTED_EDGE('',*,*,#6789,.T.);
#6801=ORIENTED_EDGE('',*,*,#6649,.T.);
#6803=ORIENTED_EDGE('',*,*,#6802,.F.);
#6804=EDGE_LOOP('',(#6799,#6800,#6801,#6803));
#6805=FACE_OUTER_BOUND('',#6804,.F.);
#6806=ADVANCED_FACE('',(#6805),#6798,.F.);
#6807=CARTESIAN_POINT('',(-2.025E0,-4.75E-1,-1.6E0));
#6808=DIRECTION('',(-1.E0,0.E0,0.E0));
#6809=DIRECTION('',(0.E0,1.E0,0.E0));
#6810=AXIS2_PLACEMENT_3D('',#6807,#6808,#6809);
#6811=PLANE('',#6810);
#6812=ORIENTED_EDGE('',*,*,#6338,.T.);
#6813=ORIENTED_EDGE('',*,*,#6706,.T.);
#6814=ORIENTED_EDGE('',*,*,#6802,.T.);
#6815=ORIENTED_EDGE('',*,*,#6647,.F.);
#6816=ORIENTED_EDGE('',*,*,#6411,.F.);
#6817=EDGE_LOOP('',(#6812,#6813,#6814,#6815,#6816));
#6818=FACE_OUTER_BOUND('',#6817,.F.);
#6819=ADVANCED_FACE('',(#6818),#6811,.F.);
#6820=CARTESIAN_POINT('',(-3.3E0,9.75E-1,-1.8E0));
#6821=DIRECTION('',(-1.E0,0.E0,0.E0));
#6822=DIRECTION('',(0.E0,0.E0,1.E0));
#6823=AXIS2_PLACEMENT_3D('',#6820,#6821,#6822);
#6824=PLANE('',#6823);
#6826=ORIENTED_EDGE('',*,*,#6825,.T.);
#6827=ORIENTED_EDGE('',*,*,#6709,.F.);
#6828=ORIENTED_EDGE('',*,*,#6353,.T.);
#6829=ORIENTED_EDGE('',*,*,#4442,.F.);
#6830=EDGE_LOOP('',(#6826,#6827,#6828,#6829));
#6831=FACE_OUTER_BOUND('',#6830,.F.);
#6832=ADVANCED_FACE('',(#6831),#6824,.F.);
#6833=CARTESIAN_POINT('',(-3.3E0,9.75E-1,-1.8E0));
#6834=DIRECTION('',(-1.E0,0.E0,0.E0));
#6835=DIRECTION('',(0.E0,0.E0,1.E0));
#6836=AXIS2_PLACEMENT_3D('',#6833,#6834,#6835);
#6837=PLANE('',#6836);
#6839=ORIENTED_EDGE('',*,*,#6838,.F.);
#6840=ORIENTED_EDGE('',*,*,#4462,.F.);
#6841=ORIENTED_EDGE('',*,*,#4528,.F.);
#6842=ORIENTED_EDGE('',*,*,#6722,.F.);
#6843=EDGE_LOOP('',(#6839,#6840,#6841,#6842));
#6844=FACE_OUTER_BOUND('',#6843,.F.);
#6845=ADVANCED_FACE('',(#6844),#6837,.F.);
#6846=CARTESIAN_POINT('',(-3.8E0,-2.5E-2,-1.8E0));
#6847=DIRECTION('',(0.E0,1.E0,0.E0));
#6848=DIRECTION('',(1.E0,0.E0,0.E0));
#6849=AXIS2_PLACEMENT_3D('',#6846,#6847,#6848);
#6850=PLANE('',#6849);
#6851=ORIENTED_EDGE('',*,*,#4440,.F.);
#6853=ORIENTED_EDGE('',*,*,#6852,.F.);
#6854=ORIENTED_EDGE('',*,*,#6711,.T.);
#6855=ORIENTED_EDGE('',*,*,#6825,.F.);
#6856=EDGE_LOOP('',(#6851,#6853,#6854,#6855));
#6857=FACE_OUTER_BOUND('',#6856,.F.);
#6858=ADVANCED_FACE('',(#6857),#6850,.F.);
#6859=CARTESIAN_POINT('',(-3.8E0,9.75E-1,-1.6E0));
#6860=DIRECTION('',(1.E0,0.E0,0.E0));
#6861=DIRECTION('',(0.E0,0.E0,-1.E0));
#6862=AXIS2_PLACEMENT_3D('',#6859,#6860,#6861);
#6863=PLANE('',#6862);
#6864=ORIENTED_EDGE('',*,*,#6852,.T.);
#6865=ORIENTED_EDGE('',*,*,#4446,.T.);
#6866=ORIENTED_EDGE('',*,*,#6350,.T.);
#6867=ORIENTED_EDGE('',*,*,#6713,.T.);
#6868=EDGE_LOOP('',(#6864,#6865,#6866,#6867));
#6869=FACE_OUTER_BOUND('',#6868,.F.);
#6870=ADVANCED_FACE('',(#6869),#6863,.F.);
#6871=CARTESIAN_POINT('',(-3.8E0,9.75E-1,-1.6E0));
#6872=DIRECTION('',(1.E0,0.E0,0.E0));
#6873=DIRECTION('',(0.E0,0.E0,-1.E0));
#6874=AXIS2_PLACEMENT_3D('',#6871,#6872,#6873);
#6875=PLANE('',#6874);
#6877=ORIENTED_EDGE('',*,*,#6876,.F.);
#6878=ORIENTED_EDGE('',*,*,#6718,.T.);
#6879=ORIENTED_EDGE('',*,*,#4531,.F.);
#6880=ORIENTED_EDGE('',*,*,#4458,.T.);
#6881=EDGE_LOOP('',(#6877,#6878,#6879,#6880));
#6882=FACE_OUTER_BOUND('',#6881,.F.);
#6883=ADVANCED_FACE('',(#6882),#6875,.F.);
#6884=CARTESIAN_POINT('',(-3.3E0,-2.225E0,-1.8E0));
#6885=DIRECTION('',(0.E0,-1.E0,0.E0));
#6886=DIRECTION('',(-1.E0,0.E0,0.E0));
#6887=AXIS2_PLACEMENT_3D('',#6884,#6885,#6886);
#6888=PLANE('',#6887);
#6889=ORIENTED_EDGE('',*,*,#4456,.T.);
#6890=ORIENTED_EDGE('',*,*,#6838,.T.);
#6891=ORIENTED_EDGE('',*,*,#6720,.T.);
#6892=ORIENTED_EDGE('',*,*,#6876,.T.);
#6893=EDGE_LOOP('',(#6889,#6890,#6891,#6892));
#6894=FACE_OUTER_BOUND('',#6893,.F.);
#6895=ADVANCED_FACE('',(#6894),#6888,.F.);
#6896=CARTESIAN_POINT('',(3.3E0,9.75E-1,-1.6E0));
#6897=DIRECTION('',(1.E0,0.E0,0.E0));
#6898=DIRECTION('',(0.E0,0.E0,-1.E0));
#6899=AXIS2_PLACEMENT_3D('',#6896,#6897,#6898);
#6900=PLANE('',#6899);
#6901=ORIENTED_EDGE('',*,*,#4477,.F.);
#6902=ORIENTED_EDGE('',*,*,#6725,.T.);
#6903=ORIENTED_EDGE('',*,*,#4524,.T.);
#6904=ORIENTED_EDGE('',*,*,#4410,.T.);
#6905=EDGE_LOOP('',(#6901,#6902,#6903,#6904));
#6906=FACE_OUTER_BOUND('',#6905,.F.);
#6907=ADVANCED_FACE('',(#6906),#6900,.F.);
#6908=CARTESIAN_POINT('',(3.3E0,9.75E-1,-1.6E0));
#6909=DIRECTION('',(1.E0,0.E0,0.E0));
#6910=DIRECTION('',(0.E0,0.E0,-1.E0));
#6911=AXIS2_PLACEMENT_3D('',#6908,#6909,#6910);
#6912=PLANE('',#6911);
#6914=ORIENTED_EDGE('',*,*,#6913,.T.);
#6915=ORIENTED_EDGE('',*,*,#4430,.T.);
#6916=ORIENTED_EDGE('',*,*,#6298,.F.);
#6917=ORIENTED_EDGE('',*,*,#6735,.T.);
#6918=EDGE_LOOP('',(#6914,#6915,#6916,#6917));
#6919=FACE_OUTER_BOUND('',#6918,.F.);
#6920=ADVANCED_FACE('',(#6919),#6912,.F.);
#6921=CARTESIAN_POINT('',(3.3E0,-2.5E-2,-1.8E0));
#6922=DIRECTION('',(0.E0,1.E0,0.E0));
#6923=DIRECTION('',(1.E0,0.E0,0.E0));
#6924=AXIS2_PLACEMENT_3D('',#6921,#6922,#6923);
#6925=PLANE('',#6924);
#6926=ORIENTED_EDGE('',*,*,#4424,.T.);
#6927=ORIENTED_EDGE('',*,*,#6913,.F.);
#6928=ORIENTED_EDGE('',*,*,#6733,.T.);
#6929=ORIENTED_EDGE('',*,*,#4501,.F.);
#6930=EDGE_LOOP('',(#6926,#6927,#6928,#6929));
#6931=FACE_OUTER_BOUND('',#6930,.F.);
#6932=ADVANCED_FACE('',(#6931),#6925,.F.);
#6933=CARTESIAN_POINT('',(2.025E0,-4.75E-1,-1.6E0));
#6934=DIRECTION('',(0.E0,1.E0,0.E0));
#6935=DIRECTION('',(1.E0,0.E0,0.E0));
#6936=AXIS2_PLACEMENT_3D('',#6933,#6934,#6935);
#6937=PLANE('',#6936);
#6938=ORIENTED_EDGE('',*,*,#6739,.F.);
#6939=ORIENTED_EDGE('',*,*,#6370,.T.);
#6940=ORIENTED_EDGE('',*,*,#6639,.T.);
#6942=ORIENTED_EDGE('',*,*,#6941,.F.);
#6943=EDGE_LOOP('',(#6938,#6939,#6940,#6942));
#6944=FACE_OUTER_BOUND('',#6943,.F.);
#6945=ADVANCED_FACE('',(#6944),#6937,.F.);
#6946=CARTESIAN_POINT('',(2.425E0,-4.75E-1,-1.6E0));
#6947=DIRECTION('',(1.E0,0.E0,0.E0));
#6948=DIRECTION('',(0.E0,-1.E0,0.E0));
#6949=AXIS2_PLACEMENT_3D('',#6946,#6947,#6948);
#6950=PLANE('',#6949);
#6951=ORIENTED_EDGE('',*,*,#6741,.F.);
#6952=ORIENTED_EDGE('',*,*,#6941,.T.);
#6953=ORIENTED_EDGE('',*,*,#6637,.T.);
#6955=ORIENTED_EDGE('',*,*,#6954,.F.);
#6956=EDGE_LOOP('',(#6951,#6952,#6953,#6955));
#6957=FACE_OUTER_BOUND('',#6956,.F.);
#6958=ADVANCED_FACE('',(#6957),#6950,.F.);
#6959=CARTESIAN_POINT('',(2.425E0,-1.625E0,-1.6E0));
#6960=DIRECTION('',(0.E0,-1.E0,0.E0));
#6961=DIRECTION('',(-1.E0,0.E0,0.E0));
#6962=AXIS2_PLACEMENT_3D('',#6959,#6960,#6961);
#6963=PLANE('',#6962);
#6964=ORIENTED_EDGE('',*,*,#6743,.F.);
#6965=ORIENTED_EDGE('',*,*,#6954,.T.);
#6966=ORIENTED_EDGE('',*,*,#6635,.T.);
#6968=ORIENTED_EDGE('',*,*,#6967,.F.);
#6969=EDGE_LOOP('',(#6964,#6965,#6966,#6968));
#6970=FACE_OUTER_BOUND('',#6969,.F.);
#6971=ADVANCED_FACE('',(#6970),#6963,.F.);
#6972=CARTESIAN_POINT('',(1.325E0,-1.625E0,-1.6E0));
#6973=DIRECTION('',(-1.E0,0.E0,0.E0));
#6974=DIRECTION('',(0.E0,1.E0,0.E0));
#6975=AXIS2_PLACEMENT_3D('',#6972,#6973,#6974);
#6976=PLANE('',#6975);
#6977=ORIENTED_EDGE('',*,*,#6745,.F.);
#6978=ORIENTED_EDGE('',*,*,#6967,.T.);
#6979=ORIENTED_EDGE('',*,*,#6633,.T.);
#6981=ORIENTED_EDGE('',*,*,#6980,.F.);
#6982=EDGE_LOOP('',(#6977,#6978,#6979,#6981));
#6983=FACE_OUTER_BOUND('',#6982,.F.);
#6984=ADVANCED_FACE('',(#6983),#6976,.F.);
#6985=CARTESIAN_POINT('',(1.325E0,-4.75E-1,-1.6E0));
#6986=DIRECTION('',(0.E0,1.E0,0.E0));
#6987=DIRECTION('',(1.E0,0.E0,0.E0));
#6988=AXIS2_PLACEMENT_3D('',#6985,#6986,#6987);
#6989=PLANE('',#6988);
#6990=ORIENTED_EDGE('',*,*,#6747,.F.);
#6991=ORIENTED_EDGE('',*,*,#6980,.T.);
#6992=ORIENTED_EDGE('',*,*,#6631,.T.);
#6994=ORIENTED_EDGE('',*,*,#6993,.F.);
#6995=EDGE_LOOP('',(#6990,#6991,#6992,#6994));
#6996=FACE_OUTER_BOUND('',#6995,.F.);
#6997=ADVANCED_FACE('',(#6996),#6989,.F.);
#6998=CARTESIAN_POINT('',(1.725E0,-4.75E-1,-1.6E0));
#6999=DIRECTION('',(-1.E0,0.E0,0.E0));
#7000=DIRECTION('',(0.E0,1.E0,0.E0));
#7001=AXIS2_PLACEMENT_3D('',#6998,#6999,#7000);
#7002=PLANE('',#7001);
#7003=ORIENTED_EDGE('',*,*,#6326,.T.);
#7004=ORIENTED_EDGE('',*,*,#6749,.T.);
#7005=ORIENTED_EDGE('',*,*,#6993,.T.);
#7006=ORIENTED_EDGE('',*,*,#6629,.F.);
#7007=ORIENTED_EDGE('',*,*,#6399,.F.);
#7008=EDGE_LOOP('',(#7003,#7004,#7005,#7006,#7007));
#7009=FACE_OUTER_BOUND('',#7008,.F.);
#7010=ADVANCED_FACE('',(#7009),#7002,.F.);
#7011=CARTESIAN_POINT('',(2.34E0,-1.1E0,-4.75E-1));
#7012=DIRECTION('',(-1.E0,0.E0,0.E0));
#7013=DIRECTION('',(0.E0,0.E0,1.E0));
#7014=AXIS2_PLACEMENT_3D('',#7011,#7012,#7013);
#7015=PLANE('',#7014);
#7016=ORIENTED_EDGE('',*,*,#6520,.F.);
#7018=ORIENTED_EDGE('',*,*,#7017,.T.);
#7020=ORIENTED_EDGE('',*,*,#7019,.T.);
#7022=ORIENTED_EDGE('',*,*,#7021,.F.);
#7023=EDGE_LOOP('',(#7016,#7018,#7020,#7022));
#7024=FACE_OUTER_BOUND('',#7023,.F.);
#7025=ADVANCED_FACE('',(#7024),#7015,.T.);
#7026=CARTESIAN_POINT('',(2.5E0,-1.1E0,-8.5E-1));
#7027=DIRECTION('',(0.E0,0.E0,-1.E0));
#7028=DIRECTION('',(-1.E0,0.E0,0.E0));
#7029=AXIS2_PLACEMENT_3D('',#7026,#7027,#7028);
#7030=PLANE('',#7029);
#7031=ORIENTED_EDGE('',*,*,#6526,.F.);
#7033=ORIENTED_EDGE('',*,*,#7032,.T.);
#7035=ORIENTED_EDGE('',*,*,#7034,.T.);
#7036=ORIENTED_EDGE('',*,*,#7017,.F.);
#7037=EDGE_LOOP('',(#7031,#7033,#7035,#7036));
#7038=FACE_OUTER_BOUND('',#7037,.F.);
#7039=ADVANCED_FACE('',(#7038),#7030,.T.);
#7040=CARTESIAN_POINT('',(2.66E0,-1.1E0,-4.75E-1));
#7041=DIRECTION('',(1.E0,0.E0,0.E0));
#7042=DIRECTION('',(0.E0,0.E0,-1.E0));
#7043=AXIS2_PLACEMENT_3D('',#7040,#7041,#7042);
#7044=PLANE('',#7043);
#7045=ORIENTED_EDGE('',*,*,#6524,.F.);
#7047=ORIENTED_EDGE('',*,*,#7046,.T.);
#7049=ORIENTED_EDGE('',*,*,#7048,.T.);
#7050=ORIENTED_EDGE('',*,*,#7032,.F.);
#7051=EDGE_LOOP('',(#7045,#7047,#7049,#7050));
#7052=FACE_OUTER_BOUND('',#7051,.F.);
#7053=ADVANCED_FACE('',(#7052),#7044,.T.);
#7054=CARTESIAN_POINT('',(2.5E0,-1.1E0,-1.E-1));
#7055=DIRECTION('',(0.E0,0.E0,1.E0));
#7056=DIRECTION('',(1.E0,0.E0,0.E0));
#7057=AXIS2_PLACEMENT_3D('',#7054,#7055,#7056);
#7058=PLANE('',#7057);
#7059=ORIENTED_EDGE('',*,*,#6522,.F.);
#7060=ORIENTED_EDGE('',*,*,#7021,.T.);
#7062=ORIENTED_EDGE('',*,*,#7061,.T.);
#7063=ORIENTED_EDGE('',*,*,#7046,.F.);
#7064=EDGE_LOOP('',(#7059,#7060,#7062,#7063));
#7065=FACE_OUTER_BOUND('',#7064,.F.);
#7066=ADVANCED_FACE('',(#7065),#7058,.T.);
#7067=CARTESIAN_POINT('',(2.5E0,2.5E-2,-1.875E-1));
#7068=DIRECTION('',(0.E0,3.303504247281E-1,9.438583563660E-1));
#7069=DIRECTION('',(1.E0,0.E0,0.E0));
#7070=AXIS2_PLACEMENT_3D('',#7067,#7068,#7069);
#7071=PLANE('',#7070);
#7072=ORIENTED_EDGE('',*,*,#7061,.F.);
#7074=ORIENTED_EDGE('',*,*,#7073,.T.);
#7076=ORIENTED_EDGE('',*,*,#7075,.T.);
#7078=ORIENTED_EDGE('',*,*,#7077,.F.);
#7079=EDGE_LOOP('',(#7072,#7074,#7076,#7078));
#7080=FACE_OUTER_BOUND('',#7079,.F.);
#7081=ADVANCED_FACE('',(#7080),#7071,.T.);
#7082=CARTESIAN_POINT('',(2.395E0,2.5E-2,-4.75E-1));
#7083=DIRECTION('',(-9.766444667051E-1,2.148617826751E-1,0.E0));
#7084=DIRECTION('',(0.E0,0.E0,1.E0));
#7085=AXIS2_PLACEMENT_3D('',#7082,#7083,#7084);
#7086=PLANE('',#7085);
#7087=ORIENTED_EDGE('',*,*,#7019,.F.);
#7089=ORIENTED_EDGE('',*,*,#7088,.T.);
#7091=ORIENTED_EDGE('',*,*,#7090,.T.);
#7092=ORIENTED_EDGE('',*,*,#7073,.F.);
#7093=EDGE_LOOP('',(#7087,#7089,#7091,#7092));
#7094=FACE_OUTER_BOUND('',#7093,.F.);
#7095=ADVANCED_FACE('',(#7094),#7086,.T.);
#7096=CARTESIAN_POINT('',(2.5E0,2.5E-2,-7.625E-1));
#7097=DIRECTION('',(0.E0,3.303504247281E-1,-9.438583563660E-1));
#7098=DIRECTION('',(-1.E0,0.E0,0.E0));
#7099=AXIS2_PLACEMENT_3D('',#7096,#7097,#7098);
#7100=PLANE('',#7099);
#7101=ORIENTED_EDGE('',*,*,#7034,.F.);
#7103=ORIENTED_EDGE('',*,*,#7102,.T.);
#7105=ORIENTED_EDGE('',*,*,#7104,.T.);
#7106=ORIENTED_EDGE('',*,*,#7088,.F.);
#7107=EDGE_LOOP('',(#7101,#7103,#7105,#7106));
#7108=FACE_OUTER_BOUND('',#7107,.F.);
#7109=ADVANCED_FACE('',(#7108),#7100,.T.);
#7110=CARTESIAN_POINT('',(2.605E0,2.5E-2,-4.75E-1));
#7111=DIRECTION('',(9.766444667051E-1,2.148617826751E-1,0.E0));
#7112=DIRECTION('',(0.E0,0.E0,-1.E0));
#7113=AXIS2_PLACEMENT_3D('',#7110,#7111,#7112);
#7114=PLANE('',#7113);
#7115=ORIENTED_EDGE('',*,*,#7048,.F.);
#7116=ORIENTED_EDGE('',*,*,#7077,.T.);
#7118=ORIENTED_EDGE('',*,*,#7117,.T.);
#7119=ORIENTED_EDGE('',*,*,#7102,.F.);
#7120=EDGE_LOOP('',(#7115,#7116,#7118,#7119));
#7121=FACE_OUTER_BOUND('',#7120,.F.);
#7122=ADVANCED_FACE('',(#7121),#7114,.T.);
#7123=CARTESIAN_POINT('',(4.E0,2.75E-1,-1.8E0));
#7124=DIRECTION('',(0.E0,1.E0,0.E0));
#7125=DIRECTION('',(-1.E0,0.E0,0.E0));
#7126=AXIS2_PLACEMENT_3D('',#7123,#7124,#7125);
#7127=PLANE('',#7126);
#7128=ORIENTED_EDGE('',*,*,#7090,.F.);
#7129=ORIENTED_EDGE('',*,*,#7104,.F.);
#7130=ORIENTED_EDGE('',*,*,#7117,.F.);
#7131=ORIENTED_EDGE('',*,*,#7075,.F.);
#7132=EDGE_LOOP('',(#7128,#7129,#7130,#7131));
#7133=FACE_OUTER_BOUND('',#7132,.F.);
#7134=ADVANCED_FACE('',(#7133),#7127,.T.);
#7135=CARTESIAN_POINT('',(1.09E0,-1.1E0,-4.75E-1));
#7136=DIRECTION('',(-1.E0,0.E0,0.E0));
#7137=DIRECTION('',(0.E0,0.E0,1.E0));
#7138=AXIS2_PLACEMENT_3D('',#7135,#7136,#7137);
#7139=PLANE('',#7138);
#7140=ORIENTED_EDGE('',*,*,#6530,.F.);
#7142=ORIENTED_EDGE('',*,*,#7141,.T.);
#7144=ORIENTED_EDGE('',*,*,#7143,.T.);
#7146=ORIENTED_EDGE('',*,*,#7145,.F.);
#7147=EDGE_LOOP('',(#7140,#7142,#7144,#7146));
#7148=FACE_OUTER_BOUND('',#7147,.F.);
#7149=ADVANCED_FACE('',(#7148),#7139,.T.);
#7150=CARTESIAN_POINT('',(1.25E0,-1.1E0,-8.5E-1));
#7151=DIRECTION('',(0.E0,0.E0,-1.E0));
#7152=DIRECTION('',(-1.E0,0.E0,0.E0));
#7153=AXIS2_PLACEMENT_3D('',#7150,#7151,#7152);
#7154=PLANE('',#7153);
#7155=ORIENTED_EDGE('',*,*,#6536,.F.);
#7157=ORIENTED_EDGE('',*,*,#7156,.T.);
#7159=ORIENTED_EDGE('',*,*,#7158,.T.);
#7160=ORIENTED_EDGE('',*,*,#7141,.F.);
#7161=EDGE_LOOP('',(#7155,#7157,#7159,#7160));
#7162=FACE_OUTER_BOUND('',#7161,.F.);
#7163=ADVANCED_FACE('',(#7162),#7154,.T.);
#7164=CARTESIAN_POINT('',(1.41E0,-1.1E0,-4.75E-1));
#7165=DIRECTION('',(1.E0,0.E0,0.E0));
#7166=DIRECTION('',(0.E0,0.E0,-1.E0));
#7167=AXIS2_PLACEMENT_3D('',#7164,#7165,#7166);
#7168=PLANE('',#7167);
#7169=ORIENTED_EDGE('',*,*,#6534,.F.);
#7171=ORIENTED_EDGE('',*,*,#7170,.T.);
#7173=ORIENTED_EDGE('',*,*,#7172,.T.);
#7174=ORIENTED_EDGE('',*,*,#7156,.F.);
#7175=EDGE_LOOP('',(#7169,#7171,#7173,#7174));
#7176=FACE_OUTER_BOUND('',#7175,.F.);
#7177=ADVANCED_FACE('',(#7176),#7168,.T.);
#7178=CARTESIAN_POINT('',(1.25E0,-1.1E0,-1.E-1));
#7179=DIRECTION('',(0.E0,0.E0,1.E0));
#7180=DIRECTION('',(1.E0,0.E0,0.E0));
#7181=AXIS2_PLACEMENT_3D('',#7178,#7179,#7180);
#7182=PLANE('',#7181);
#7183=ORIENTED_EDGE('',*,*,#6532,.F.);
#7184=ORIENTED_EDGE('',*,*,#7145,.T.);
#7186=ORIENTED_EDGE('',*,*,#7185,.T.);
#7187=ORIENTED_EDGE('',*,*,#7170,.F.);
#7188=EDGE_LOOP('',(#7183,#7184,#7186,#7187));
#7189=FACE_OUTER_BOUND('',#7188,.F.);
#7190=ADVANCED_FACE('',(#7189),#7182,.T.);
#7191=CARTESIAN_POINT('',(1.25E0,2.5E-2,-1.875E-1));
#7192=DIRECTION('',(0.E0,3.303504247281E-1,9.438583563660E-1));
#7193=DIRECTION('',(1.E0,0.E0,0.E0));
#7194=AXIS2_PLACEMENT_3D('',#7191,#7192,#7193);
#7195=PLANE('',#7194);
#7196=ORIENTED_EDGE('',*,*,#7185,.F.);
#7198=ORIENTED_EDGE('',*,*,#7197,.T.);
#7200=ORIENTED_EDGE('',*,*,#7199,.T.);
#7202=ORIENTED_EDGE('',*,*,#7201,.F.);
#7203=EDGE_LOOP('',(#7196,#7198,#7200,#7202));
#7204=FACE_OUTER_BOUND('',#7203,.F.);
#7205=ADVANCED_FACE('',(#7204),#7195,.T.);
#7206=CARTESIAN_POINT('',(1.145E0,2.5E-2,-4.75E-1));
#7207=DIRECTION('',(-9.766444667051E-1,2.148617826751E-1,0.E0));
#7208=DIRECTION('',(0.E0,0.E0,1.E0));
#7209=AXIS2_PLACEMENT_3D('',#7206,#7207,#7208);
#7210=PLANE('',#7209);
#7211=ORIENTED_EDGE('',*,*,#7143,.F.);
#7213=ORIENTED_EDGE('',*,*,#7212,.T.);
#7215=ORIENTED_EDGE('',*,*,#7214,.T.);
#7216=ORIENTED_EDGE('',*,*,#7197,.F.);
#7217=EDGE_LOOP('',(#7211,#7213,#7215,#7216));
#7218=FACE_OUTER_BOUND('',#7217,.F.);
#7219=ADVANCED_FACE('',(#7218),#7210,.T.);
#7220=CARTESIAN_POINT('',(1.25E0,2.5E-2,-7.625E-1));
#7221=DIRECTION('',(0.E0,3.303504247281E-1,-9.438583563660E-1));
#7222=DIRECTION('',(-1.E0,0.E0,0.E0));
#7223=AXIS2_PLACEMENT_3D('',#7220,#7221,#7222);
#7224=PLANE('',#7223);
#7225=ORIENTED_EDGE('',*,*,#7158,.F.);
#7227=ORIENTED_EDGE('',*,*,#7226,.T.);
#7229=ORIENTED_EDGE('',*,*,#7228,.T.);
#7230=ORIENTED_EDGE('',*,*,#7212,.F.);
#7231=EDGE_LOOP('',(#7225,#7227,#7229,#7230));
#7232=FACE_OUTER_BOUND('',#7231,.F.);
#7233=ADVANCED_FACE('',(#7232),#7224,.T.);
#7234=CARTESIAN_POINT('',(1.355E0,2.5E-2,-4.75E-1));
#7235=DIRECTION('',(9.766444667051E-1,2.148617826751E-1,0.E0));
#7236=DIRECTION('',(0.E0,0.E0,-1.E0));
#7237=AXIS2_PLACEMENT_3D('',#7234,#7235,#7236);
#7238=PLANE('',#7237);
#7239=ORIENTED_EDGE('',*,*,#7172,.F.);
#7240=ORIENTED_EDGE('',*,*,#7201,.T.);
#7242=ORIENTED_EDGE('',*,*,#7241,.T.);
#7243=ORIENTED_EDGE('',*,*,#7226,.F.);
#7244=EDGE_LOOP('',(#7239,#7240,#7242,#7243));
#7245=FACE_OUTER_BOUND('',#7244,.F.);
#7246=ADVANCED_FACE('',(#7245),#7238,.T.);
#7247=CARTESIAN_POINT('',(4.E0,2.75E-1,-1.8E0));
#7248=DIRECTION('',(0.E0,1.E0,0.E0));
#7249=DIRECTION('',(-1.E0,0.E0,0.E0));
#7250=AXIS2_PLACEMENT_3D('',#7247,#7248,#7249);
#7251=PLANE('',#7250);
#7252=ORIENTED_EDGE('',*,*,#7214,.F.);
#7253=ORIENTED_EDGE('',*,*,#7228,.F.);
#7254=ORIENTED_EDGE('',*,*,#7241,.F.);
#7255=ORIENTED_EDGE('',*,*,#7199,.F.);
#7256=EDGE_LOOP('',(#7252,#7253,#7254,#7255));
#7257=FACE_OUTER_BOUND('',#7256,.F.);
#7258=ADVANCED_FACE('',(#7257),#7251,.T.);
#7259=CARTESIAN_POINT('',(-1.6E-1,-1.1E0,-4.75E-1));
#7260=DIRECTION('',(-1.E0,0.E0,0.E0));
#7261=DIRECTION('',(0.E0,0.E0,1.E0));
#7262=AXIS2_PLACEMENT_3D('',#7259,#7260,#7261);
#7263=PLANE('',#7262);
#7264=ORIENTED_EDGE('',*,*,#6540,.F.);
#7266=ORIENTED_EDGE('',*,*,#7265,.T.);
#7268=ORIENTED_EDGE('',*,*,#7267,.T.);
#7270=ORIENTED_EDGE('',*,*,#7269,.F.);
#7271=EDGE_LOOP('',(#7264,#7266,#7268,#7270));
#7272=FACE_OUTER_BOUND('',#7271,.F.);
#7273=ADVANCED_FACE('',(#7272),#7263,.T.);
#7274=CARTESIAN_POINT('',(0.E0,-1.1E0,-8.5E-1));
#7275=DIRECTION('',(0.E0,0.E0,-1.E0));
#7276=DIRECTION('',(-1.E0,0.E0,0.E0));
#7277=AXIS2_PLACEMENT_3D('',#7274,#7275,#7276);
#7278=PLANE('',#7277);
#7279=ORIENTED_EDGE('',*,*,#6546,.F.);
#7281=ORIENTED_EDGE('',*,*,#7280,.T.);
#7283=ORIENTED_EDGE('',*,*,#7282,.T.);
#7284=ORIENTED_EDGE('',*,*,#7265,.F.);
#7285=EDGE_LOOP('',(#7279,#7281,#7283,#7284));
#7286=FACE_OUTER_BOUND('',#7285,.F.);
#7287=ADVANCED_FACE('',(#7286),#7278,.T.);
#7288=CARTESIAN_POINT('',(1.6E-1,-1.1E0,-4.75E-1));
#7289=DIRECTION('',(1.E0,0.E0,0.E0));
#7290=DIRECTION('',(0.E0,0.E0,-1.E0));
#7291=AXIS2_PLACEMENT_3D('',#7288,#7289,#7290);
#7292=PLANE('',#7291);
#7293=ORIENTED_EDGE('',*,*,#6544,.F.);
#7295=ORIENTED_EDGE('',*,*,#7294,.T.);
#7297=ORIENTED_EDGE('',*,*,#7296,.T.);
#7298=ORIENTED_EDGE('',*,*,#7280,.F.);
#7299=EDGE_LOOP('',(#7293,#7295,#7297,#7298));
#7300=FACE_OUTER_BOUND('',#7299,.F.);
#7301=ADVANCED_FACE('',(#7300),#7292,.T.);
#7302=CARTESIAN_POINT('',(0.E0,-1.1E0,-1.E-1));
#7303=DIRECTION('',(0.E0,0.E0,1.E0));
#7304=DIRECTION('',(1.E0,0.E0,0.E0));
#7305=AXIS2_PLACEMENT_3D('',#7302,#7303,#7304);
#7306=PLANE('',#7305);
#7307=ORIENTED_EDGE('',*,*,#6542,.F.);
#7308=ORIENTED_EDGE('',*,*,#7269,.T.);
#7310=ORIENTED_EDGE('',*,*,#7309,.T.);
#7311=ORIENTED_EDGE('',*,*,#7294,.F.);
#7312=EDGE_LOOP('',(#7307,#7308,#7310,#7311));
#7313=FACE_OUTER_BOUND('',#7312,.F.);
#7314=ADVANCED_FACE('',(#7313),#7306,.T.);
#7315=CARTESIAN_POINT('',(0.E0,2.5E-2,-1.875E-1));
#7316=DIRECTION('',(0.E0,3.303504247281E-1,9.438583563660E-1));
#7317=DIRECTION('',(1.E0,0.E0,0.E0));
#7318=AXIS2_PLACEMENT_3D('',#7315,#7316,#7317);
#7319=PLANE('',#7318);
#7320=ORIENTED_EDGE('',*,*,#7309,.F.);
#7322=ORIENTED_EDGE('',*,*,#7321,.T.);
#7324=ORIENTED_EDGE('',*,*,#7323,.T.);
#7326=ORIENTED_EDGE('',*,*,#7325,.F.);
#7327=EDGE_LOOP('',(#7320,#7322,#7324,#7326));
#7328=FACE_OUTER_BOUND('',#7327,.F.);
#7329=ADVANCED_FACE('',(#7328),#7319,.T.);
#7330=CARTESIAN_POINT('',(-1.05E-1,2.5E-2,-4.75E-1));
#7331=DIRECTION('',(-9.766444667051E-1,2.148617826751E-1,0.E0));
#7332=DIRECTION('',(0.E0,0.E0,1.E0));
#7333=AXIS2_PLACEMENT_3D('',#7330,#7331,#7332);
#7334=PLANE('',#7333);
#7335=ORIENTED_EDGE('',*,*,#7267,.F.);
#7337=ORIENTED_EDGE('',*,*,#7336,.T.);
#7339=ORIENTED_EDGE('',*,*,#7338,.T.);
#7340=ORIENTED_EDGE('',*,*,#7321,.F.);
#7341=EDGE_LOOP('',(#7335,#7337,#7339,#7340));
#7342=FACE_OUTER_BOUND('',#7341,.F.);
#7343=ADVANCED_FACE('',(#7342),#7334,.T.);
#7344=CARTESIAN_POINT('',(0.E0,2.5E-2,-7.625E-1));
#7345=DIRECTION('',(0.E0,3.303504247281E-1,-9.438583563660E-1));
#7346=DIRECTION('',(-1.E0,0.E0,0.E0));
#7347=AXIS2_PLACEMENT_3D('',#7344,#7345,#7346);
#7348=PLANE('',#7347);
#7349=ORIENTED_EDGE('',*,*,#7282,.F.);
#7351=ORIENTED_EDGE('',*,*,#7350,.T.);
#7353=ORIENTED_EDGE('',*,*,#7352,.T.);
#7354=ORIENTED_EDGE('',*,*,#7336,.F.);
#7355=EDGE_LOOP('',(#7349,#7351,#7353,#7354));
#7356=FACE_OUTER_BOUND('',#7355,.F.);
#7357=ADVANCED_FACE('',(#7356),#7348,.T.);
#7358=CARTESIAN_POINT('',(1.05E-1,2.5E-2,-4.75E-1));
#7359=DIRECTION('',(9.766444667051E-1,2.148617826751E-1,0.E0));
#7360=DIRECTION('',(0.E0,0.E0,-1.E0));
#7361=AXIS2_PLACEMENT_3D('',#7358,#7359,#7360);
#7362=PLANE('',#7361);
#7363=ORIENTED_EDGE('',*,*,#7296,.F.);
#7364=ORIENTED_EDGE('',*,*,#7325,.T.);
#7366=ORIENTED_EDGE('',*,*,#7365,.T.);
#7367=ORIENTED_EDGE('',*,*,#7350,.F.);
#7368=EDGE_LOOP('',(#7363,#7364,#7366,#7367));
#7369=FACE_OUTER_BOUND('',#7368,.F.);
#7370=ADVANCED_FACE('',(#7369),#7362,.T.);
#7371=CARTESIAN_POINT('',(4.E0,2.75E-1,-1.8E0));
#7372=DIRECTION('',(0.E0,1.E0,0.E0));
#7373=DIRECTION('',(-1.E0,0.E0,0.E0));
#7374=AXIS2_PLACEMENT_3D('',#7371,#7372,#7373);
#7375=PLANE('',#7374);
#7376=ORIENTED_EDGE('',*,*,#7338,.F.);
#7377=ORIENTED_EDGE('',*,*,#7352,.F.);
#7378=ORIENTED_EDGE('',*,*,#7365,.F.);
#7379=ORIENTED_EDGE('',*,*,#7323,.F.);
#7380=EDGE_LOOP('',(#7376,#7377,#7378,#7379));
#7381=FACE_OUTER_BOUND('',#7380,.F.);
#7382=ADVANCED_FACE('',(#7381),#7375,.T.);
#7383=CARTESIAN_POINT('',(-1.41E0,-1.1E0,-4.75E-1));
#7384=DIRECTION('',(-1.E0,0.E0,0.E0));
#7385=DIRECTION('',(0.E0,0.E0,1.E0));
#7386=AXIS2_PLACEMENT_3D('',#7383,#7384,#7385);
#7387=PLANE('',#7386);
#7388=ORIENTED_EDGE('',*,*,#6550,.F.);
#7390=ORIENTED_EDGE('',*,*,#7389,.T.);
#7392=ORIENTED_EDGE('',*,*,#7391,.T.);
#7394=ORIENTED_EDGE('',*,*,#7393,.F.);
#7395=EDGE_LOOP('',(#7388,#7390,#7392,#7394));
#7396=FACE_OUTER_BOUND('',#7395,.F.);
#7397=ADVANCED_FACE('',(#7396),#7387,.T.);
#7398=CARTESIAN_POINT('',(-1.25E0,-1.1E0,-8.5E-1));
#7399=DIRECTION('',(0.E0,0.E0,-1.E0));
#7400=DIRECTION('',(-1.E0,0.E0,0.E0));
#7401=AXIS2_PLACEMENT_3D('',#7398,#7399,#7400);
#7402=PLANE('',#7401);
#7403=ORIENTED_EDGE('',*,*,#6556,.F.);
#7405=ORIENTED_EDGE('',*,*,#7404,.T.);
#7407=ORIENTED_EDGE('',*,*,#7406,.T.);
#7408=ORIENTED_EDGE('',*,*,#7389,.F.);
#7409=EDGE_LOOP('',(#7403,#7405,#7407,#7408));
#7410=FACE_OUTER_BOUND('',#7409,.F.);
#7411=ADVANCED_FACE('',(#7410),#7402,.T.);
#7412=CARTESIAN_POINT('',(-1.09E0,-1.1E0,-4.75E-1));
#7413=DIRECTION('',(1.E0,0.E0,0.E0));
#7414=DIRECTION('',(0.E0,0.E0,-1.E0));
#7415=AXIS2_PLACEMENT_3D('',#7412,#7413,#7414);
#7416=PLANE('',#7415);
#7417=ORIENTED_EDGE('',*,*,#6554,.F.);
#7419=ORIENTED_EDGE('',*,*,#7418,.T.);
#7421=ORIENTED_EDGE('',*,*,#7420,.T.);
#7422=ORIENTED_EDGE('',*,*,#7404,.F.);
#7423=EDGE_LOOP('',(#7417,#7419,#7421,#7422));
#7424=FACE_OUTER_BOUND('',#7423,.F.);
#7425=ADVANCED_FACE('',(#7424),#7416,.T.);
#7426=CARTESIAN_POINT('',(-1.25E0,-1.1E0,-1.E-1));
#7427=DIRECTION('',(0.E0,0.E0,1.E0));
#7428=DIRECTION('',(1.E0,0.E0,0.E0));
#7429=AXIS2_PLACEMENT_3D('',#7426,#7427,#7428);
#7430=PLANE('',#7429);
#7431=ORIENTED_EDGE('',*,*,#6552,.F.);
#7432=ORIENTED_EDGE('',*,*,#7393,.T.);
#7434=ORIENTED_EDGE('',*,*,#7433,.T.);
#7435=ORIENTED_EDGE('',*,*,#7418,.F.);
#7436=EDGE_LOOP('',(#7431,#7432,#7434,#7435));
#7437=FACE_OUTER_BOUND('',#7436,.F.);
#7438=ADVANCED_FACE('',(#7437),#7430,.T.);
#7439=CARTESIAN_POINT('',(-1.25E0,2.5E-2,-1.875E-1));
#7440=DIRECTION('',(0.E0,3.303504247281E-1,9.438583563660E-1));
#7441=DIRECTION('',(1.E0,0.E0,0.E0));
#7442=AXIS2_PLACEMENT_3D('',#7439,#7440,#7441);
#7443=PLANE('',#7442);
#7444=ORIENTED_EDGE('',*,*,#7433,.F.);
#7446=ORIENTED_EDGE('',*,*,#7445,.T.);
#7448=ORIENTED_EDGE('',*,*,#7447,.T.);
#7450=ORIENTED_EDGE('',*,*,#7449,.F.);
#7451=EDGE_LOOP('',(#7444,#7446,#7448,#7450));
#7452=FACE_OUTER_BOUND('',#7451,.F.);
#7453=ADVANCED_FACE('',(#7452),#7443,.T.);
#7454=CARTESIAN_POINT('',(-1.355E0,2.5E-2,-4.75E-1));
#7455=DIRECTION('',(-9.766444667051E-1,2.148617826751E-1,0.E0));
#7456=DIRECTION('',(0.E0,0.E0,1.E0));
#7457=AXIS2_PLACEMENT_3D('',#7454,#7455,#7456);
#7458=PLANE('',#7457);
#7459=ORIENTED_EDGE('',*,*,#7391,.F.);
#7461=ORIENTED_EDGE('',*,*,#7460,.T.);
#7463=ORIENTED_EDGE('',*,*,#7462,.T.);
#7464=ORIENTED_EDGE('',*,*,#7445,.F.);
#7465=EDGE_LOOP('',(#7459,#7461,#7463,#7464));
#7466=FACE_OUTER_BOUND('',#7465,.F.);
#7467=ADVANCED_FACE('',(#7466),#7458,.T.);
#7468=CARTESIAN_POINT('',(-1.25E0,2.5E-2,-7.625E-1));
#7469=DIRECTION('',(0.E0,3.303504247281E-1,-9.438583563660E-1));
#7470=DIRECTION('',(-1.E0,0.E0,0.E0));
#7471=AXIS2_PLACEMENT_3D('',#7468,#7469,#7470);
#7472=PLANE('',#7471);
#7473=ORIENTED_EDGE('',*,*,#7406,.F.);
#7475=ORIENTED_EDGE('',*,*,#7474,.T.);
#7477=ORIENTED_EDGE('',*,*,#7476,.T.);
#7478=ORIENTED_EDGE('',*,*,#7460,.F.);
#7479=EDGE_LOOP('',(#7473,#7475,#7477,#7478));
#7480=FACE_OUTER_BOUND('',#7479,.F.);
#7481=ADVANCED_FACE('',(#7480),#7472,.T.);
#7482=CARTESIAN_POINT('',(-1.145E0,2.5E-2,-4.75E-1));
#7483=DIRECTION('',(9.766444667051E-1,2.148617826751E-1,0.E0));
#7484=DIRECTION('',(0.E0,0.E0,-1.E0));
#7485=AXIS2_PLACEMENT_3D('',#7482,#7483,#7484);
#7486=PLANE('',#7485);
#7487=ORIENTED_EDGE('',*,*,#7420,.F.);
#7488=ORIENTED_EDGE('',*,*,#7449,.T.);
#7490=ORIENTED_EDGE('',*,*,#7489,.T.);
#7491=ORIENTED_EDGE('',*,*,#7474,.F.);
#7492=EDGE_LOOP('',(#7487,#7488,#7490,#7491));
#7493=FACE_OUTER_BOUND('',#7492,.F.);
#7494=ADVANCED_FACE('',(#7493),#7486,.T.);
#7495=CARTESIAN_POINT('',(4.E0,2.75E-1,-1.8E0));
#7496=DIRECTION('',(0.E0,1.E0,0.E0));
#7497=DIRECTION('',(-1.E0,0.E0,0.E0));
#7498=AXIS2_PLACEMENT_3D('',#7495,#7496,#7497);
#7499=PLANE('',#7498);
#7500=ORIENTED_EDGE('',*,*,#7462,.F.);
#7501=ORIENTED_EDGE('',*,*,#7476,.F.);
#7502=ORIENTED_EDGE('',*,*,#7489,.F.);
#7503=ORIENTED_EDGE('',*,*,#7447,.F.);
#7504=EDGE_LOOP('',(#7500,#7501,#7502,#7503));
#7505=FACE_OUTER_BOUND('',#7504,.F.);
#7506=ADVANCED_FACE('',(#7505),#7499,.T.);
#7507=CARTESIAN_POINT('',(-2.66E0,-1.1E0,-4.75E-1));
#7508=DIRECTION('',(-1.E0,0.E0,0.E0));
#7509=DIRECTION('',(0.E0,0.E0,1.E0));
#7510=AXIS2_PLACEMENT_3D('',#7507,#7508,#7509);
#7511=PLANE('',#7510);
#7512=ORIENTED_EDGE('',*,*,#6560,.F.);
#7514=ORIENTED_EDGE('',*,*,#7513,.T.);
#7516=ORIENTED_EDGE('',*,*,#7515,.T.);
#7518=ORIENTED_EDGE('',*,*,#7517,.F.);
#7519=EDGE_LOOP('',(#7512,#7514,#7516,#7518));
#7520=FACE_OUTER_BOUND('',#7519,.F.);
#7521=ADVANCED_FACE('',(#7520),#7511,.T.);
#7522=CARTESIAN_POINT('',(-2.5E0,-1.1E0,-8.5E-1));
#7523=DIRECTION('',(0.E0,0.E0,-1.E0));
#7524=DIRECTION('',(-1.E0,0.E0,0.E0));
#7525=AXIS2_PLACEMENT_3D('',#7522,#7523,#7524);
#7526=PLANE('',#7525);
#7527=ORIENTED_EDGE('',*,*,#6566,.F.);
#7529=ORIENTED_EDGE('',*,*,#7528,.T.);
#7531=ORIENTED_EDGE('',*,*,#7530,.T.);
#7532=ORIENTED_EDGE('',*,*,#7513,.F.);
#7533=EDGE_LOOP('',(#7527,#7529,#7531,#7532));
#7534=FACE_OUTER_BOUND('',#7533,.F.);
#7535=ADVANCED_FACE('',(#7534),#7526,.T.);
#7536=CARTESIAN_POINT('',(-2.34E0,-1.1E0,-4.75E-1));
#7537=DIRECTION('',(1.E0,0.E0,0.E0));
#7538=DIRECTION('',(0.E0,0.E0,-1.E0));
#7539=AXIS2_PLACEMENT_3D('',#7536,#7537,#7538);
#7540=PLANE('',#7539);
#7541=ORIENTED_EDGE('',*,*,#6564,.F.);
#7543=ORIENTED_EDGE('',*,*,#7542,.T.);
#7545=ORIENTED_EDGE('',*,*,#7544,.T.);
#7546=ORIENTED_EDGE('',*,*,#7528,.F.);
#7547=EDGE_LOOP('',(#7541,#7543,#7545,#7546));
#7548=FACE_OUTER_BOUND('',#7547,.F.);
#7549=ADVANCED_FACE('',(#7548),#7540,.T.);
#7550=CARTESIAN_POINT('',(-2.5E0,-1.1E0,-1.E-1));
#7551=DIRECTION('',(0.E0,0.E0,1.E0));
#7552=DIRECTION('',(1.E0,0.E0,0.E0));
#7553=AXIS2_PLACEMENT_3D('',#7550,#7551,#7552);
#7554=PLANE('',#7553);
#7555=ORIENTED_EDGE('',*,*,#6562,.F.);
#7556=ORIENTED_EDGE('',*,*,#7517,.T.);
#7558=ORIENTED_EDGE('',*,*,#7557,.T.);
#7559=ORIENTED_EDGE('',*,*,#7542,.F.);
#7560=EDGE_LOOP('',(#7555,#7556,#7558,#7559));
#7561=FACE_OUTER_BOUND('',#7560,.F.);
#7562=ADVANCED_FACE('',(#7561),#7554,.T.);
#7563=CARTESIAN_POINT('',(-2.5E0,2.5E-2,-1.875E-1));
#7564=DIRECTION('',(0.E0,3.303504247281E-1,9.438583563660E-1));
#7565=DIRECTION('',(1.E0,0.E0,0.E0));
#7566=AXIS2_PLACEMENT_3D('',#7563,#7564,#7565);
#7567=PLANE('',#7566);
#7568=ORIENTED_EDGE('',*,*,#7557,.F.);
#7570=ORIENTED_EDGE('',*,*,#7569,.T.);
#7572=ORIENTED_EDGE('',*,*,#7571,.T.);
#7574=ORIENTED_EDGE('',*,*,#7573,.F.);
#7575=EDGE_LOOP('',(#7568,#7570,#7572,#7574));
#7576=FACE_OUTER_BOUND('',#7575,.F.);
#7577=ADVANCED_FACE('',(#7576),#7567,.T.);
#7578=CARTESIAN_POINT('',(-2.605E0,2.5E-2,-4.75E-1));
#7579=DIRECTION('',(-9.766444667051E-1,2.148617826751E-1,0.E0));
#7580=DIRECTION('',(0.E0,0.E0,1.E0));
#7581=AXIS2_PLACEMENT_3D('',#7578,#7579,#7580);
#7582=PLANE('',#7581);
#7583=ORIENTED_EDGE('',*,*,#7515,.F.);
#7585=ORIENTED_EDGE('',*,*,#7584,.T.);
#7587=ORIENTED_EDGE('',*,*,#7586,.T.);
#7588=ORIENTED_EDGE('',*,*,#7569,.F.);
#7589=EDGE_LOOP('',(#7583,#7585,#7587,#7588));
#7590=FACE_OUTER_BOUND('',#7589,.F.);
#7591=ADVANCED_FACE('',(#7590),#7582,.T.);
#7592=CARTESIAN_POINT('',(-2.5E0,2.5E-2,-7.625E-1));
#7593=DIRECTION('',(0.E0,3.303504247281E-1,-9.438583563660E-1));
#7594=DIRECTION('',(-1.E0,0.E0,0.E0));
#7595=AXIS2_PLACEMENT_3D('',#7592,#7593,#7594);
#7596=PLANE('',#7595);
#7597=ORIENTED_EDGE('',*,*,#7530,.F.);
#7599=ORIENTED_EDGE('',*,*,#7598,.T.);
#7601=ORIENTED_EDGE('',*,*,#7600,.T.);
#7602=ORIENTED_EDGE('',*,*,#7584,.F.);
#7603=EDGE_LOOP('',(#7597,#7599,#7601,#7602));
#7604=FACE_OUTER_BOUND('',#7603,.F.);
#7605=ADVANCED_FACE('',(#7604),#7596,.T.);
#7606=CARTESIAN_POINT('',(-2.395E0,2.5E-2,-4.75E-1));
#7607=DIRECTION('',(9.766444667051E-1,2.148617826751E-1,0.E0));
#7608=DIRECTION('',(0.E0,0.E0,-1.E0));
#7609=AXIS2_PLACEMENT_3D('',#7606,#7607,#7608);
#7610=PLANE('',#7609);
#7611=ORIENTED_EDGE('',*,*,#7544,.F.);
#7612=ORIENTED_EDGE('',*,*,#7573,.T.);
#7614=ORIENTED_EDGE('',*,*,#7613,.T.);
#7615=ORIENTED_EDGE('',*,*,#7598,.F.);
#7616=EDGE_LOOP('',(#7611,#7612,#7614,#7615));
#7617=FACE_OUTER_BOUND('',#7616,.F.);
#7618=ADVANCED_FACE('',(#7617),#7610,.T.);
#7619=CARTESIAN_POINT('',(4.E0,2.75E-1,-1.8E0));
#7620=DIRECTION('',(0.E0,1.E0,0.E0));
#7621=DIRECTION('',(-1.E0,0.E0,0.E0));
#7622=AXIS2_PLACEMENT_3D('',#7619,#7620,#7621);
#7623=PLANE('',#7622);
#7624=ORIENTED_EDGE('',*,*,#7586,.F.);
#7625=ORIENTED_EDGE('',*,*,#7600,.F.);
#7626=ORIENTED_EDGE('',*,*,#7613,.F.);
#7627=ORIENTED_EDGE('',*,*,#7571,.F.);
#7628=EDGE_LOOP('',(#7624,#7625,#7626,#7627));
#7629=FACE_OUTER_BOUND('',#7628,.F.);
#7630=ADVANCED_FACE('',(#7629),#7623,.T.);
#7631=CARTESIAN_POINT('',(3.05E0,-1.75E-1,1.6E0));
#7632=DIRECTION('',(0.E0,-1.E0,0.E0));
#7633=DIRECTION('',(1.E0,0.E0,0.E0));
#7634=AXIS2_PLACEMENT_3D('',#7631,#7632,#7633);
#7635=PLANE('',#7634);
#7637=ORIENTED_EDGE('',*,*,#7636,.T.);
#7638=ORIENTED_EDGE('',*,*,#6474,.T.);
#7639=ORIENTED_EDGE('',*,*,#6277,.T.);
#7640=ORIENTED_EDGE('',*,*,#5620,.F.);
#7641=ORIENTED_EDGE('',*,*,#5799,.T.);
#7643=ORIENTED_EDGE('',*,*,#7642,.T.);
#7644=EDGE_LOOP('',(#7637,#7638,#7639,#7640,#7641,#7643));
#7645=FACE_OUTER_BOUND('',#7644,.F.);
#7646=ADVANCED_FACE('',(#7645),#7635,.F.);
#7647=CARTESIAN_POINT('',(3.225E0,-2.75E-1,1.3E0));
#7648=DIRECTION('',(0.E0,7.071067811865E-1,-7.071067811865E-1));
#7649=DIRECTION('',(0.E0,7.071067811865E-1,7.071067811865E-1));
#7650=AXIS2_PLACEMENT_3D('',#7647,#7648,#7649);
#7651=PLANE('',#7650);
#7652=ORIENTED_EDGE('',*,*,#7636,.F.);
#7654=ORIENTED_EDGE('',*,*,#7653,.T.);
#7655=ORIENTED_EDGE('',*,*,#6169,.T.);
#7656=ORIENTED_EDGE('',*,*,#6476,.T.);
#7657=EDGE_LOOP('',(#7652,#7654,#7655,#7656));
#7658=FACE_OUTER_BOUND('',#7657,.F.);
#7659=ADVANCED_FACE('',(#7658),#7651,.T.);
#7660=CARTESIAN_POINT('',(3.05E0,-6.25E-1,1.6E0));
#7661=DIRECTION('',(1.E0,0.E0,0.E0));
#7662=DIRECTION('',(0.E0,1.E0,0.E0));
#7663=AXIS2_PLACEMENT_3D('',#7660,#7661,#7662);
#7664=PLANE('',#7663);
#7666=ORIENTED_EDGE('',*,*,#7665,.T.);
#7668=ORIENTED_EDGE('',*,*,#7667,.F.);
#7669=ORIENTED_EDGE('',*,*,#6171,.T.);
#7670=ORIENTED_EDGE('',*,*,#7653,.F.);
#7671=ORIENTED_EDGE('',*,*,#7642,.F.);
#7672=ORIENTED_EDGE('',*,*,#5797,.F.);
#7673=EDGE_LOOP('',(#7666,#7668,#7669,#7670,#7671,#7672));
#7674=FACE_OUTER_BOUND('',#7673,.F.);
#7675=ADVANCED_FACE('',(#7674),#7664,.F.);
#7676=CARTESIAN_POINT('',(-3.05E0,-6.25E-1,1.6E0));
#7677=DIRECTION('',(0.E0,-1.E0,0.E0));
#7678=DIRECTION('',(1.E0,0.E0,0.E0));
#7679=AXIS2_PLACEMENT_3D('',#7676,#7677,#7678);
#7680=PLANE('',#7679);
#7682=ORIENTED_EDGE('',*,*,#7681,.T.);
#7683=ORIENTED_EDGE('',*,*,#7665,.F.);
#7684=ORIENTED_EDGE('',*,*,#5795,.F.);
#7685=ORIENTED_EDGE('',*,*,#6149,.T.);
#7686=EDGE_LOOP('',(#7682,#7683,#7684,#7685));
#7687=FACE_OUTER_BOUND('',#7686,.F.);
#7688=ADVANCED_FACE('',(#7687),#7680,.F.);
#7689=CARTESIAN_POINT('',(0.E0,-7.25E-1,1.3E0));
#7690=DIRECTION('',(0.E0,7.071067811865E-1,-7.071067811865E-1));
#7691=DIRECTION('',(0.E0,7.071067811865E-1,7.071067811865E-1));
#7692=AXIS2_PLACEMENT_3D('',#7689,#7690,#7691);
#7693=PLANE('',#7692);
#7694=ORIENTED_EDGE('',*,*,#7681,.F.);
#7695=ORIENTED_EDGE('',*,*,#6147,.T.);
#7696=ORIENTED_EDGE('',*,*,#6173,.T.);
#7697=ORIENTED_EDGE('',*,*,#7667,.T.);
#7698=EDGE_LOOP('',(#7694,#7695,#7696,#7697));
#7699=FACE_OUTER_BOUND('',#7698,.F.);
#7700=ADVANCED_FACE('',(#7699),#7693,.T.);
#7701=CARTESIAN_POINT('',(6.84E0,-3.125E0,-1.3E0));
#7702=DIRECTION('',(0.E0,1.E0,0.E0));
#7703=DIRECTION('',(0.E0,0.E0,1.E0));
#7704=AXIS2_PLACEMENT_3D('',#7701,#7702,#7703);
#7705=PLANE('',#7704);
#7706=ORIENTED_EDGE('',*,*,#4629,.T.);
#7708=ORIENTED_EDGE('',*,*,#7707,.F.);
#7709=ORIENTED_EDGE('',*,*,#5630,.F.);
#7710=ORIENTED_EDGE('',*,*,#4611,.T.);
#7711=EDGE_LOOP('',(#7706,#7708,#7709,#7710));
#7712=FACE_OUTER_BOUND('',#7711,.F.);
#7714=ORIENTED_EDGE('',*,*,#7713,.F.);
#7716=ORIENTED_EDGE('',*,*,#7715,.F.);
#7718=ORIENTED_EDGE('',*,*,#7717,.T.);
#7720=ORIENTED_EDGE('',*,*,#7719,.T.);
#7721=EDGE_LOOP('',(#7714,#7716,#7718,#7720));
#7722=FACE_BOUND('',#7721,.F.);
#7724=ORIENTED_EDGE('',*,*,#7723,.T.);
#7726=ORIENTED_EDGE('',*,*,#7725,.F.);
#7728=ORIENTED_EDGE('',*,*,#7727,.F.);
#7730=ORIENTED_EDGE('',*,*,#7729,.T.);
#7731=EDGE_LOOP('',(#7724,#7726,#7728,#7730));
#7732=FACE_BOUND('',#7731,.F.);
#7734=ORIENTED_EDGE('',*,*,#7733,.T.);
#7736=ORIENTED_EDGE('',*,*,#7735,.F.);
#7738=ORIENTED_EDGE('',*,*,#7737,.F.);
#7740=ORIENTED_EDGE('',*,*,#7739,.T.);
#7741=EDGE_LOOP('',(#7734,#7736,#7738,#7740));
#7742=FACE_BOUND('',#7741,.F.);
#7744=ORIENTED_EDGE('',*,*,#7743,.T.);
#7746=ORIENTED_EDGE('',*,*,#7745,.F.);
#7748=ORIENTED_EDGE('',*,*,#7747,.F.);
#7750=ORIENTED_EDGE('',*,*,#7749,.T.);
#7751=EDGE_LOOP('',(#7744,#7746,#7748,#7750));
#7752=FACE_BOUND('',#7751,.F.);
#7754=ORIENTED_EDGE('',*,*,#7753,.T.);
#7756=ORIENTED_EDGE('',*,*,#7755,.F.);
#7758=ORIENTED_EDGE('',*,*,#7757,.F.);
#7760=ORIENTED_EDGE('',*,*,#7759,.T.);
#7761=EDGE_LOOP('',(#7754,#7756,#7758,#7760));
#7762=FACE_BOUND('',#7761,.F.);
#7764=ORIENTED_EDGE('',*,*,#7763,.T.);
#7766=ORIENTED_EDGE('',*,*,#7765,.T.);
#7768=ORIENTED_EDGE('',*,*,#7767,.T.);
#7770=ORIENTED_EDGE('',*,*,#7769,.T.);
#7772=ORIENTED_EDGE('',*,*,#7771,.T.);
#7774=ORIENTED_EDGE('',*,*,#7773,.T.);
#7776=ORIENTED_EDGE('',*,*,#7775,.T.);
#7777=EDGE_LOOP('',(#7764,#7766,#7768,#7770,#7772,#7774,#7776));
#7778=FACE_BOUND('',#7777,.F.);
#7779=ADVANCED_FACE('',(#7712,#7722,#7732,#7742,#7752,#7762,#7778),#7705,.F.);
#7780=CARTESIAN_POINT('',(6.84E0,-3.125E0,7.E-1));
#7781=DIRECTION('',(0.E0,0.E0,1.E0));
#7782=DIRECTION('',(0.E0,-1.E0,0.E0));
#7783=AXIS2_PLACEMENT_3D('',#7780,#7781,#7782);
#7784=PLANE('',#7783);
#7785=ORIENTED_EDGE('',*,*,#4627,.F.);
#7786=ORIENTED_EDGE('',*,*,#4597,.T.);
#7787=ORIENTED_EDGE('',*,*,#5632,.T.);
#7788=ORIENTED_EDGE('',*,*,#7707,.T.);
#7789=EDGE_LOOP('',(#7785,#7786,#7787,#7788));
#7790=FACE_OUTER_BOUND('',#7789,.F.);
#7791=ADVANCED_FACE('',(#7790),#7784,.F.);
#7792=CARTESIAN_POINT('',(2.66E0,-3.225E0,1.6E0));
#7793=DIRECTION('',(1.E0,0.E0,0.E0));
#7794=DIRECTION('',(0.E0,-1.E0,0.E0));
#7795=AXIS2_PLACEMENT_3D('',#7792,#7793,#7794);
#7796=PLANE('',#7795);
#7797=ORIENTED_EDGE('',*,*,#7713,.T.);
#7799=ORIENTED_EDGE('',*,*,#7798,.T.);
#7801=ORIENTED_EDGE('',*,*,#7800,.F.);
#7803=ORIENTED_EDGE('',*,*,#7802,.T.);
#7805=ORIENTED_EDGE('',*,*,#7804,.T.);
#7807=ORIENTED_EDGE('',*,*,#7806,.T.);
#7809=ORIENTED_EDGE('',*,*,#7808,.T.);
#7811=ORIENTED_EDGE('',*,*,#7810,.T.);
#7813=ORIENTED_EDGE('',*,*,#7812,.T.);
#7815=ORIENTED_EDGE('',*,*,#7814,.T.);
#7817=ORIENTED_EDGE('',*,*,#7816,.F.);
#7819=ORIENTED_EDGE('',*,*,#7818,.T.);
#7820=EDGE_LOOP('',(#7797,#7799,#7801,#7803,#7805,#7807,#7809,#7811,#7813,#7815,
#7817,#7819));
#7821=FACE_OUTER_BOUND('',#7820,.F.);
#7822=ADVANCED_FACE('',(#7821),#7796,.T.);
#7823=CARTESIAN_POINT('',(2.66E0,-3.225E0,-9.25E-1));
#7824=DIRECTION('',(0.E0,0.E0,-1.E0));
#7825=DIRECTION('',(0.E0,1.E0,0.E0));
#7826=AXIS2_PLACEMENT_3D('',#7823,#7824,#7825);
#7827=PLANE('',#7826);
#7828=ORIENTED_EDGE('',*,*,#7719,.F.);
#7830=ORIENTED_EDGE('',*,*,#7829,.T.);
#7832=ORIENTED_EDGE('',*,*,#7831,.F.);
#7833=ORIENTED_EDGE('',*,*,#7798,.F.);
#7834=EDGE_LOOP('',(#7828,#7830,#7832,#7833));
#7835=FACE_OUTER_BOUND('',#7834,.F.);
#7836=ADVANCED_FACE('',(#7835),#7827,.T.);
#7837=CARTESIAN_POINT('',(2.34E0,-3.225E0,1.6E0));
#7838=DIRECTION('',(1.E0,0.E0,0.E0));
#7839=DIRECTION('',(0.E0,-1.E0,0.E0));
#7840=AXIS2_PLACEMENT_3D('',#7837,#7838,#7839);
#7841=PLANE('',#7840);
#7842=ORIENTED_EDGE('',*,*,#7717,.F.);
#7844=ORIENTED_EDGE('',*,*,#7843,.F.);
#7846=ORIENTED_EDGE('',*,*,#7845,.T.);
#7848=ORIENTED_EDGE('',*,*,#7847,.F.);
#7850=ORIENTED_EDGE('',*,*,#7849,.F.);
#7852=ORIENTED_EDGE('',*,*,#7851,.F.);
#7854=ORIENTED_EDGE('',*,*,#7853,.F.);
#7856=ORIENTED_EDGE('',*,*,#7855,.F.);
#7858=ORIENTED_EDGE('',*,*,#7857,.F.);
#7860=ORIENTED_EDGE('',*,*,#7859,.F.);
#7862=ORIENTED_EDGE('',*,*,#7861,.T.);
#7863=ORIENTED_EDGE('',*,*,#7829,.F.);
#7864=EDGE_LOOP('',(#7842,#7844,#7846,#7848,#7850,#7852,#7854,#7856,#7858,#7860,
#7862,#7863));
#7865=FACE_OUTER_BOUND('',#7864,.F.);
#7866=ADVANCED_FACE('',(#7865),#7841,.F.);
#7867=CARTESIAN_POINT('',(2.66E0,-3.125E0,-4.25E-1));
#7868=DIRECTION('',(0.E0,0.E0,1.E0));
#7869=DIRECTION('',(0.E0,-1.E0,0.E0));
#7870=AXIS2_PLACEMENT_3D('',#7867,#7868,#7869);
#7871=PLANE('',#7870);
#7872=ORIENTED_EDGE('',*,*,#7715,.T.);
#7873=ORIENTED_EDGE('',*,*,#7818,.F.);
#7875=ORIENTED_EDGE('',*,*,#7874,.T.);
#7876=ORIENTED_EDGE('',*,*,#7843,.T.);
#7877=EDGE_LOOP('',(#7872,#7873,#7875,#7876));
#7878=FACE_OUTER_BOUND('',#7877,.F.);
#7879=ADVANCED_FACE('',(#7878),#7871,.T.);
#7880=CARTESIAN_POINT('',(2.66E0,-3.775E0,-5.75E-1));
#7881=DIRECTION('',(1.E0,0.E0,0.E0));
#7882=DIRECTION('',(0.E0,-1.E0,0.E0));
#7883=AXIS2_PLACEMENT_3D('',#7880,#7881,#7882);
#7884=CYLINDRICAL_SURFACE('',#7883,1.5E-1);
#7885=ORIENTED_EDGE('',*,*,#7816,.T.);
#7887=ORIENTED_EDGE('',*,*,#7886,.T.);
#7888=ORIENTED_EDGE('',*,*,#7845,.F.);
#7889=ORIENTED_EDGE('',*,*,#7874,.F.);
#7890=EDGE_LOOP('',(#7885,#7887,#7888,#7889));
#7891=FACE_OUTER_BOUND('',#7890,.F.);
#7892=ADVANCED_FACE('',(#7891),#7884,.T.);
#7893=CARTESIAN_POINT('',(2.66E0,-3.925E0,-5.75E-1));
#7894=DIRECTION('',(0.E0,-1.E0,0.E0));
#7895=DIRECTION('',(0.E0,0.E0,-1.E0));
#7896=AXIS2_PLACEMENT_3D('',#7893,#7894,#7895);
#7897=PLANE('',#7896);
#7898=ORIENTED_EDGE('',*,*,#7814,.F.);
#7900=ORIENTED_EDGE('',*,*,#7899,.F.);
#7901=ORIENTED_EDGE('',*,*,#7847,.T.);
#7902=ORIENTED_EDGE('',*,*,#7886,.F.);
#7903=EDGE_LOOP('',(#7898,#7900,#7901,#7902));
#7904=FACE_OUTER_BOUND('',#7903,.F.);
#7905=ADVANCED_FACE('',(#7904),#7897,.T.);
#7906=CARTESIAN_POINT('',(2.66E0,-3.925E0,-1.3E0));
#7907=DIRECTION('',(0.E0,0.E0,1.E0));
#7908=DIRECTION('',(0.E0,-1.E0,0.E0));
#7909=AXIS2_PLACEMENT_3D('',#7906,#7907,#7908);
#7910=PLANE('',#7909);
#7911=ORIENTED_EDGE('',*,*,#7812,.F.);
#7913=ORIENTED_EDGE('',*,*,#7912,.F.);
#7914=ORIENTED_EDGE('',*,*,#7849,.T.);
#7915=ORIENTED_EDGE('',*,*,#7899,.T.);
#7916=EDGE_LOOP('',(#7911,#7913,#7914,#7915));
#7917=FACE_OUTER_BOUND('',#7916,.F.);
#7918=ADVANCED_FACE('',(#7917),#7910,.T.);
#7919=CARTESIAN_POINT('',(2.66E0,-4.225E0,-1.3E0));
#7920=DIRECTION('',(0.E0,-1.E0,0.E0));
#7921=DIRECTION('',(0.E0,0.E0,-1.E0));
#7922=AXIS2_PLACEMENT_3D('',#7919,#7920,#7921);
#7923=PLANE('',#7922);
#7924=ORIENTED_EDGE('',*,*,#7810,.F.);
#7926=ORIENTED_EDGE('',*,*,#7925,.F.);
#7927=ORIENTED_EDGE('',*,*,#7851,.T.);
#7928=ORIENTED_EDGE('',*,*,#7912,.T.);
#7929=EDGE_LOOP('',(#7924,#7926,#7927,#7928));
#7930=FACE_OUTER_BOUND('',#7929,.F.);
#7931=ADVANCED_FACE('',(#7930),#7923,.T.);
#7932=CARTESIAN_POINT('',(2.66E0,-4.225E0,-1.6E0));
#7933=DIRECTION('',(0.E0,-7.071067811864E-1,-7.071067811867E-1));
#7934=DIRECTION('',(0.E0,7.071067811867E-1,-7.071067811864E-1));
#7935=AXIS2_PLACEMENT_3D('',#7932,#7933,#7934);
#7936=PLANE('',#7935);
#7937=ORIENTED_EDGE('',*,*,#7808,.F.);
#7939=ORIENTED_EDGE('',*,*,#7938,.F.);
#7940=ORIENTED_EDGE('',*,*,#7853,.T.);
#7941=ORIENTED_EDGE('',*,*,#7925,.T.);
#7942=EDGE_LOOP('',(#7937,#7939,#7940,#7941));
#7943=FACE_OUTER_BOUND('',#7942,.F.);
#7944=ADVANCED_FACE('',(#7943),#7936,.T.);
#7945=CARTESIAN_POINT('',(2.66E0,-4.025E0,-1.8E0));
#7946=DIRECTION('',(0.E0,0.E0,-1.E0));
#7947=DIRECTION('',(0.E0,1.E0,0.E0));
#7948=AXIS2_PLACEMENT_3D('',#7945,#7946,#7947);
#7949=PLANE('',#7948);
#7950=ORIENTED_EDGE('',*,*,#7806,.F.);
#7952=ORIENTED_EDGE('',*,*,#7951,.F.);
#7953=ORIENTED_EDGE('',*,*,#7855,.T.);
#7954=ORIENTED_EDGE('',*,*,#7938,.T.);
#7955=EDGE_LOOP('',(#7950,#7952,#7953,#7954));
#7956=FACE_OUTER_BOUND('',#7955,.F.);
#7957=ADVANCED_FACE('',(#7956),#7949,.T.);
#7958=CARTESIAN_POINT('',(2.66E0,-3.625E0,-1.8E0));
#7959=DIRECTION('',(0.E0,7.071067811867E-1,-7.071067811864E-1));
#7960=DIRECTION('',(0.E0,7.071067811864E-1,7.071067811867E-1));
#7961=AXIS2_PLACEMENT_3D('',#7958,#7959,#7960);
#7962=PLANE('',#7961);
#7963=ORIENTED_EDGE('',*,*,#7804,.F.);
#7965=ORIENTED_EDGE('',*,*,#7964,.F.);
#7966=ORIENTED_EDGE('',*,*,#7857,.T.);
#7967=ORIENTED_EDGE('',*,*,#7951,.T.);
#7968=EDGE_LOOP('',(#7963,#7965,#7966,#7967));
#7969=FACE_OUTER_BOUND('',#7968,.F.);
#7970=ADVANCED_FACE('',(#7969),#7962,.T.);
#7971=CARTESIAN_POINT('',(2.66E0,-3.425E0,-1.6E0));
#7972=DIRECTION('',(0.E0,1.E0,0.E0));
#7973=DIRECTION('',(0.E0,0.E0,1.E0));
#7974=AXIS2_PLACEMENT_3D('',#7971,#7972,#7973);
#7975=PLANE('',#7974);
#7976=ORIENTED_EDGE('',*,*,#7802,.F.);
#7978=ORIENTED_EDGE('',*,*,#7977,.T.);
#7979=ORIENTED_EDGE('',*,*,#7859,.T.);
#7980=ORIENTED_EDGE('',*,*,#7964,.T.);
#7981=EDGE_LOOP('',(#7976,#7978,#7979,#7980));
#7982=FACE_OUTER_BOUND('',#7981,.F.);
#7983=ADVANCED_FACE('',(#7982),#7975,.T.);
#7984=CARTESIAN_POINT('',(2.66E0,-3.225E0,-1.125E0));
#7985=DIRECTION('',(1.E0,0.E0,0.E0));
#7986=DIRECTION('',(0.E0,-1.E0,0.E0));
#7987=AXIS2_PLACEMENT_3D('',#7984,#7985,#7986);
#7988=CYLINDRICAL_SURFACE('',#7987,2.E-1);
#7989=ORIENTED_EDGE('',*,*,#7800,.T.);
#7990=ORIENTED_EDGE('',*,*,#7831,.T.);
#7991=ORIENTED_EDGE('',*,*,#7861,.F.);
#7992=ORIENTED_EDGE('',*,*,#7977,.F.);
#7993=EDGE_LOOP('',(#7989,#7990,#7991,#7992));
#7994=FACE_OUTER_BOUND('',#7993,.F.);
#7995=ADVANCED_FACE('',(#7994),#7988,.F.);
#7996=CARTESIAN_POINT('',(1.41E0,-3.225E0,1.6E0));
#7997=DIRECTION('',(1.E0,0.E0,0.E0));
#7998=DIRECTION('',(0.E0,-1.E0,0.E0));
#7999=AXIS2_PLACEMENT_3D('',#7996,#7997,#7998);
#8000=PLANE('',#7999);
#8001=ORIENTED_EDGE('',*,*,#7723,.F.);
#8003=ORIENTED_EDGE('',*,*,#8002,.F.);
#8005=ORIENTED_EDGE('',*,*,#8004,.F.);
#8007=ORIENTED_EDGE('',*,*,#8006,.F.);
#8009=ORIENTED_EDGE('',*,*,#8008,.F.);
#8011=ORIENTED_EDGE('',*,*,#8010,.F.);
#8013=ORIENTED_EDGE('',*,*,#8012,.F.);
#8015=ORIENTED_EDGE('',*,*,#8014,.F.);
#8017=ORIENTED_EDGE('',*,*,#8016,.F.);
#8019=ORIENTED_EDGE('',*,*,#8018,.F.);
#8021=ORIENTED_EDGE('',*,*,#8020,.F.);
#8023=ORIENTED_EDGE('',*,*,#8022,.F.);
#8024=EDGE_LOOP('',(#8001,#8003,#8005,#8007,#8009,#8011,#8013,#8015,#8017,#8019,
#8021,#8023));
#8025=FACE_OUTER_BOUND('',#8024,.F.);
#8026=ADVANCED_FACE('',(#8025),#8000,.T.);
#8027=CARTESIAN_POINT('',(1.41E0,-3.225E0,-9.25E-1));
#8028=DIRECTION('',(0.E0,0.E0,-1.E0));
#8029=DIRECTION('',(0.E0,1.E0,0.E0));
#8030=AXIS2_PLACEMENT_3D('',#8027,#8028,#8029);
#8031=PLANE('',#8030);
#8032=ORIENTED_EDGE('',*,*,#7729,.F.);
#8034=ORIENTED_EDGE('',*,*,#8033,.F.);
#8036=ORIENTED_EDGE('',*,*,#8035,.F.);
#8037=ORIENTED_EDGE('',*,*,#8002,.T.);
#8038=EDGE_LOOP('',(#8032,#8034,#8036,#8037));
#8039=FACE_OUTER_BOUND('',#8038,.F.);
#8040=ADVANCED_FACE('',(#8039),#8031,.T.);
#8041=CARTESIAN_POINT('',(1.09E0,-3.225E0,1.6E0));
#8042=DIRECTION('',(1.E0,0.E0,0.E0));
#8043=DIRECTION('',(0.E0,-1.E0,0.E0));
#8044=AXIS2_PLACEMENT_3D('',#8041,#8042,#8043);
#8045=PLANE('',#8044);
#8046=ORIENTED_EDGE('',*,*,#7727,.T.);
#8048=ORIENTED_EDGE('',*,*,#8047,.T.);
#8050=ORIENTED_EDGE('',*,*,#8049,.T.);
#8052=ORIENTED_EDGE('',*,*,#8051,.T.);
#8054=ORIENTED_EDGE('',*,*,#8053,.T.);
#8056=ORIENTED_EDGE('',*,*,#8055,.T.);
#8058=ORIENTED_EDGE('',*,*,#8057,.T.);
#8060=ORIENTED_EDGE('',*,*,#8059,.T.);
#8062=ORIENTED_EDGE('',*,*,#8061,.T.);
#8064=ORIENTED_EDGE('',*,*,#8063,.T.);
#8066=ORIENTED_EDGE('',*,*,#8065,.T.);
#8067=ORIENTED_EDGE('',*,*,#8033,.T.);
#8068=EDGE_LOOP('',(#8046,#8048,#8050,#8052,#8054,#8056,#8058,#8060,#8062,#8064,
#8066,#8067));
#8069=FACE_OUTER_BOUND('',#8068,.F.);
#8070=ADVANCED_FACE('',(#8069),#8045,.F.);
#8071=CARTESIAN_POINT('',(1.41E0,-3.125E0,-4.25E-1));
#8072=DIRECTION('',(0.E0,0.E0,1.E0));
#8073=DIRECTION('',(0.E0,-1.E0,0.E0));
#8074=AXIS2_PLACEMENT_3D('',#8071,#8072,#8073);
#8075=PLANE('',#8074);
#8076=ORIENTED_EDGE('',*,*,#7725,.T.);
#8077=ORIENTED_EDGE('',*,*,#8022,.T.);
#8079=ORIENTED_EDGE('',*,*,#8078,.T.);
#8080=ORIENTED_EDGE('',*,*,#8047,.F.);
#8081=EDGE_LOOP('',(#8076,#8077,#8079,#8080));
#8082=FACE_OUTER_BOUND('',#8081,.F.);
#8083=ADVANCED_FACE('',(#8082),#8075,.T.);
#8084=CARTESIAN_POINT('',(1.41E0,-3.775E0,-5.75E-1));
#8085=DIRECTION('',(1.E0,0.E0,0.E0));
#8086=DIRECTION('',(0.E0,-1.E0,0.E0));
#8087=AXIS2_PLACEMENT_3D('',#8084,#8085,#8086);
#8088=CYLINDRICAL_SURFACE('',#8087,1.5E-1);
#8089=ORIENTED_EDGE('',*,*,#8020,.T.);
#8091=ORIENTED_EDGE('',*,*,#8090,.T.);
#8092=ORIENTED_EDGE('',*,*,#8049,.F.);
#8093=ORIENTED_EDGE('',*,*,#8078,.F.);
#8094=EDGE_LOOP('',(#8089,#8091,#8092,#8093));
#8095=FACE_OUTER_BOUND('',#8094,.F.);
#8096=ADVANCED_FACE('',(#8095),#8088,.T.);
#8097=CARTESIAN_POINT('',(1.41E0,-3.925E0,-5.75E-1));
#8098=DIRECTION('',(0.E0,-1.E0,0.E0));
#8099=DIRECTION('',(0.E0,0.E0,-1.E0));
#8100=AXIS2_PLACEMENT_3D('',#8097,#8098,#8099);
#8101=PLANE('',#8100);
#8102=ORIENTED_EDGE('',*,*,#8018,.T.);
#8104=ORIENTED_EDGE('',*,*,#8103,.T.);
#8105=ORIENTED_EDGE('',*,*,#8051,.F.);
#8106=ORIENTED_EDGE('',*,*,#8090,.F.);
#8107=EDGE_LOOP('',(#8102,#8104,#8105,#8106));
#8108=FACE_OUTER_BOUND('',#8107,.F.);
#8109=ADVANCED_FACE('',(#8108),#8101,.T.);
#8110=CARTESIAN_POINT('',(1.41E0,-3.925E0,-1.3E0));
#8111=DIRECTION('',(0.E0,0.E0,1.E0));
#8112=DIRECTION('',(0.E0,-1.E0,0.E0));
#8113=AXIS2_PLACEMENT_3D('',#8110,#8111,#8112);
#8114=PLANE('',#8113);
#8115=ORIENTED_EDGE('',*,*,#8016,.T.);
#8117=ORIENTED_EDGE('',*,*,#8116,.T.);
#8118=ORIENTED_EDGE('',*,*,#8053,.F.);
#8119=ORIENTED_EDGE('',*,*,#8103,.F.);
#8120=EDGE_LOOP('',(#8115,#8117,#8118,#8119));
#8121=FACE_OUTER_BOUND('',#8120,.F.);
#8122=ADVANCED_FACE('',(#8121),#8114,.T.);
#8123=CARTESIAN_POINT('',(1.41E0,-4.225E0,-1.3E0));
#8124=DIRECTION('',(0.E0,-1.E0,0.E0));
#8125=DIRECTION('',(0.E0,0.E0,-1.E0));
#8126=AXIS2_PLACEMENT_3D('',#8123,#8124,#8125);
#8127=PLANE('',#8126);
#8128=ORIENTED_EDGE('',*,*,#8014,.T.);
#8130=ORIENTED_EDGE('',*,*,#8129,.T.);
#8131=ORIENTED_EDGE('',*,*,#8055,.F.);
#8132=ORIENTED_EDGE('',*,*,#8116,.F.);
#8133=EDGE_LOOP('',(#8128,#8130,#8131,#8132));
#8134=FACE_OUTER_BOUND('',#8133,.F.);
#8135=ADVANCED_FACE('',(#8134),#8127,.T.);
#8136=CARTESIAN_POINT('',(1.41E0,-4.225E0,-1.6E0));
#8137=DIRECTION('',(0.E0,-7.071067811864E-1,-7.071067811867E-1));
#8138=DIRECTION('',(0.E0,7.071067811867E-1,-7.071067811864E-1));
#8139=AXIS2_PLACEMENT_3D('',#8136,#8137,#8138);
#8140=PLANE('',#8139);
#8141=ORIENTED_EDGE('',*,*,#8012,.T.);
#8143=ORIENTED_EDGE('',*,*,#8142,.T.);
#8144=ORIENTED_EDGE('',*,*,#8057,.F.);
#8145=ORIENTED_EDGE('',*,*,#8129,.F.);
#8146=EDGE_LOOP('',(#8141,#8143,#8144,#8145));
#8147=FACE_OUTER_BOUND('',#8146,.F.);
#8148=ADVANCED_FACE('',(#8147),#8140,.T.);
#8149=CARTESIAN_POINT('',(1.41E0,-4.025E0,-1.8E0));
#8150=DIRECTION('',(0.E0,0.E0,-1.E0));
#8151=DIRECTION('',(0.E0,1.E0,0.E0));
#8152=AXIS2_PLACEMENT_3D('',#8149,#8150,#8151);
#8153=PLANE('',#8152);
#8154=ORIENTED_EDGE('',*,*,#8010,.T.);
#8156=ORIENTED_EDGE('',*,*,#8155,.T.);
#8157=ORIENTED_EDGE('',*,*,#8059,.F.);
#8158=ORIENTED_EDGE('',*,*,#8142,.F.);
#8159=EDGE_LOOP('',(#8154,#8156,#8157,#8158));
#8160=FACE_OUTER_BOUND('',#8159,.F.);
#8161=ADVANCED_FACE('',(#8160),#8153,.T.);
#8162=CARTESIAN_POINT('',(1.41E0,-3.625E0,-1.8E0));
#8163=DIRECTION('',(0.E0,7.071067811867E-1,-7.071067811864E-1));
#8164=DIRECTION('',(0.E0,7.071067811864E-1,7.071067811867E-1));
#8165=AXIS2_PLACEMENT_3D('',#8162,#8163,#8164);
#8166=PLANE('',#8165);
#8167=ORIENTED_EDGE('',*,*,#8008,.T.);
#8169=ORIENTED_EDGE('',*,*,#8168,.T.);
#8170=ORIENTED_EDGE('',*,*,#8061,.F.);
#8171=ORIENTED_EDGE('',*,*,#8155,.F.);
#8172=EDGE_LOOP('',(#8167,#8169,#8170,#8171));
#8173=FACE_OUTER_BOUND('',#8172,.F.);
#8174=ADVANCED_FACE('',(#8173),#8166,.T.);
#8175=CARTESIAN_POINT('',(1.41E0,-3.425E0,-1.6E0));
#8176=DIRECTION('',(0.E0,1.E0,0.E0));
#8177=DIRECTION('',(0.E0,0.E0,1.E0));
#8178=AXIS2_PLACEMENT_3D('',#8175,#8176,#8177);
#8179=PLANE('',#8178);
#8180=ORIENTED_EDGE('',*,*,#8006,.T.);
#8182=ORIENTED_EDGE('',*,*,#8181,.T.);
#8183=ORIENTED_EDGE('',*,*,#8063,.F.);
#8184=ORIENTED_EDGE('',*,*,#8168,.F.);
#8185=EDGE_LOOP('',(#8180,#8182,#8183,#8184));
#8186=FACE_OUTER_BOUND('',#8185,.F.);
#8187=ADVANCED_FACE('',(#8186),#8179,.T.);
#8188=CARTESIAN_POINT('',(1.41E0,-3.225E0,-1.125E0));
#8189=DIRECTION('',(1.E0,0.E0,0.E0));
#8190=DIRECTION('',(0.E0,-1.E0,0.E0));
#8191=AXIS2_PLACEMENT_3D('',#8188,#8189,#8190);
#8192=CYLINDRICAL_SURFACE('',#8191,2.E-1);
#8193=ORIENTED_EDGE('',*,*,#8004,.T.);
#8194=ORIENTED_EDGE('',*,*,#8035,.T.);
#8195=ORIENTED_EDGE('',*,*,#8065,.F.);
#8196=ORIENTED_EDGE('',*,*,#8181,.F.);
#8197=EDGE_LOOP('',(#8193,#8194,#8195,#8196));
#8198=FACE_OUTER_BOUND('',#8197,.F.);
#8199=ADVANCED_FACE('',(#8198),#8192,.F.);
#8200=CARTESIAN_POINT('',(1.6E-1,-3.225E0,1.6E0));
#8201=DIRECTION('',(1.E0,0.E0,0.E0));
#8202=DIRECTION('',(0.E0,-1.E0,0.E0));
#8203=AXIS2_PLACEMENT_3D('',#8200,#8201,#8202);
#8204=PLANE('',#8203);
#8205=ORIENTED_EDGE('',*,*,#7733,.F.);
#8207=ORIENTED_EDGE('',*,*,#8206,.F.);
#8209=ORIENTED_EDGE('',*,*,#8208,.F.);
#8211=ORIENTED_EDGE('',*,*,#8210,.F.);
#8213=ORIENTED_EDGE('',*,*,#8212,.F.);
#8215=ORIENTED_EDGE('',*,*,#8214,.F.);
#8217=ORIENTED_EDGE('',*,*,#8216,.F.);
#8219=ORIENTED_EDGE('',*,*,#8218,.F.);
#8221=ORIENTED_EDGE('',*,*,#8220,.F.);
#8223=ORIENTED_EDGE('',*,*,#8222,.F.);
#8225=ORIENTED_EDGE('',*,*,#8224,.F.);
#8227=ORIENTED_EDGE('',*,*,#8226,.F.);
#8228=EDGE_LOOP('',(#8205,#8207,#8209,#8211,#8213,#8215,#8217,#8219,#8221,#8223,
#8225,#8227));
#8229=FACE_OUTER_BOUND('',#8228,.F.);
#8230=ADVANCED_FACE('',(#8229),#8204,.T.);
#8231=CARTESIAN_POINT('',(1.6E-1,-3.225E0,-9.25E-1));
#8232=DIRECTION('',(0.E0,0.E0,-1.E0));
#8233=DIRECTION('',(0.E0,1.E0,0.E0));
#8234=AXIS2_PLACEMENT_3D('',#8231,#8232,#8233);
#8235=PLANE('',#8234);
#8236=ORIENTED_EDGE('',*,*,#7739,.F.);
#8238=ORIENTED_EDGE('',*,*,#8237,.F.);
#8240=ORIENTED_EDGE('',*,*,#8239,.F.);
#8241=ORIENTED_EDGE('',*,*,#8206,.T.);
#8242=EDGE_LOOP('',(#8236,#8238,#8240,#8241));
#8243=FACE_OUTER_BOUND('',#8242,.F.);
#8244=ADVANCED_FACE('',(#8243),#8235,.T.);
#8245=CARTESIAN_POINT('',(-1.6E-1,-3.225E0,1.6E0));
#8246=DIRECTION('',(1.E0,0.E0,0.E0));
#8247=DIRECTION('',(0.E0,-1.E0,0.E0));
#8248=AXIS2_PLACEMENT_3D('',#8245,#8246,#8247);
#8249=PLANE('',#8248);
#8250=ORIENTED_EDGE('',*,*,#7737,.T.);
#8252=ORIENTED_EDGE('',*,*,#8251,.T.);
#8254=ORIENTED_EDGE('',*,*,#8253,.T.);
#8256=ORIENTED_EDGE('',*,*,#8255,.T.);
#8258=ORIENTED_EDGE('',*,*,#8257,.T.);
#8260=ORIENTED_EDGE('',*,*,#8259,.T.);
#8262=ORIENTED_EDGE('',*,*,#8261,.T.);
#8264=ORIENTED_EDGE('',*,*,#8263,.T.);
#8266=ORIENTED_EDGE('',*,*,#8265,.T.);
#8268=ORIENTED_EDGE('',*,*,#8267,.T.);
#8270=ORIENTED_EDGE('',*,*,#8269,.T.);
#8271=ORIENTED_EDGE('',*,*,#8237,.T.);
#8272=EDGE_LOOP('',(#8250,#8252,#8254,#8256,#8258,#8260,#8262,#8264,#8266,#8268,
#8270,#8271));
#8273=FACE_OUTER_BOUND('',#8272,.F.);
#8274=ADVANCED_FACE('',(#8273),#8249,.F.);
#8275=CARTESIAN_POINT('',(1.6E-1,-3.125E0,-4.25E-1));
#8276=DIRECTION('',(0.E0,0.E0,1.E0));
#8277=DIRECTION('',(0.E0,-1.E0,0.E0));
#8278=AXIS2_PLACEMENT_3D('',#8275,#8276,#8277);
#8279=PLANE('',#8278);
#8280=ORIENTED_EDGE('',*,*,#7735,.T.);
#8281=ORIENTED_EDGE('',*,*,#8226,.T.);
#8283=ORIENTED_EDGE('',*,*,#8282,.T.);
#8284=ORIENTED_EDGE('',*,*,#8251,.F.);
#8285=EDGE_LOOP('',(#8280,#8281,#8283,#8284));
#8286=FACE_OUTER_BOUND('',#8285,.F.);
#8287=ADVANCED_FACE('',(#8286),#8279,.T.);
#8288=CARTESIAN_POINT('',(1.6E-1,-3.775E0,-5.75E-1));
#8289=DIRECTION('',(1.E0,0.E0,0.E0));
#8290=DIRECTION('',(0.E0,-1.E0,0.E0));
#8291=AXIS2_PLACEMENT_3D('',#8288,#8289,#8290);
#8292=CYLINDRICAL_SURFACE('',#8291,1.5E-1);
#8293=ORIENTED_EDGE('',*,*,#8224,.T.);
#8295=ORIENTED_EDGE('',*,*,#8294,.T.);
#8296=ORIENTED_EDGE('',*,*,#8253,.F.);
#8297=ORIENTED_EDGE('',*,*,#8282,.F.);
#8298=EDGE_LOOP('',(#8293,#8295,#8296,#8297));
#8299=FACE_OUTER_BOUND('',#8298,.F.);
#8300=ADVANCED_FACE('',(#8299),#8292,.T.);
#8301=CARTESIAN_POINT('',(1.6E-1,-3.925E0,-5.75E-1));
#8302=DIRECTION('',(0.E0,-1.E0,0.E0));
#8303=DIRECTION('',(0.E0,0.E0,-1.E0));
#8304=AXIS2_PLACEMENT_3D('',#8301,#8302,#8303);
#8305=PLANE('',#8304);
#8306=ORIENTED_EDGE('',*,*,#8222,.T.);
#8308=ORIENTED_EDGE('',*,*,#8307,.T.);
#8309=ORIENTED_EDGE('',*,*,#8255,.F.);
#8310=ORIENTED_EDGE('',*,*,#8294,.F.);
#8311=EDGE_LOOP('',(#8306,#8308,#8309,#8310));
#8312=FACE_OUTER_BOUND('',#8311,.F.);
#8313=ADVANCED_FACE('',(#8312),#8305,.T.);
#8314=CARTESIAN_POINT('',(1.6E-1,-3.925E0,-1.3E0));
#8315=DIRECTION('',(0.E0,0.E0,1.E0));
#8316=DIRECTION('',(0.E0,-1.E0,0.E0));
#8317=AXIS2_PLACEMENT_3D('',#8314,#8315,#8316);
#8318=PLANE('',#8317);
#8319=ORIENTED_EDGE('',*,*,#8220,.T.);
#8321=ORIENTED_EDGE('',*,*,#8320,.T.);
#8322=ORIENTED_EDGE('',*,*,#8257,.F.);
#8323=ORIENTED_EDGE('',*,*,#8307,.F.);
#8324=EDGE_LOOP('',(#8319,#8321,#8322,#8323));
#8325=FACE_OUTER_BOUND('',#8324,.F.);
#8326=ADVANCED_FACE('',(#8325),#8318,.T.);
#8327=CARTESIAN_POINT('',(1.6E-1,-4.225E0,-1.3E0));
#8328=DIRECTION('',(0.E0,-1.E0,0.E0));
#8329=DIRECTION('',(0.E0,0.E0,-1.E0));
#8330=AXIS2_PLACEMENT_3D('',#8327,#8328,#8329);
#8331=PLANE('',#8330);
#8332=ORIENTED_EDGE('',*,*,#8218,.T.);
#8334=ORIENTED_EDGE('',*,*,#8333,.T.);
#8335=ORIENTED_EDGE('',*,*,#8259,.F.);
#8336=ORIENTED_EDGE('',*,*,#8320,.F.);
#8337=EDGE_LOOP('',(#8332,#8334,#8335,#8336));
#8338=FACE_OUTER_BOUND('',#8337,.F.);
#8339=ADVANCED_FACE('',(#8338),#8331,.T.);
#8340=CARTESIAN_POINT('',(1.6E-1,-4.225E0,-1.6E0));
#8341=DIRECTION('',(0.E0,-7.071067811864E-1,-7.071067811867E-1));
#8342=DIRECTION('',(0.E0,7.071067811867E-1,-7.071067811864E-1));
#8343=AXIS2_PLACEMENT_3D('',#8340,#8341,#8342);
#8344=PLANE('',#8343);
#8345=ORIENTED_EDGE('',*,*,#8216,.T.);
#8347=ORIENTED_EDGE('',*,*,#8346,.T.);
#8348=ORIENTED_EDGE('',*,*,#8261,.F.);
#8349=ORIENTED_EDGE('',*,*,#8333,.F.);
#8350=EDGE_LOOP('',(#8345,#8347,#8348,#8349));
#8351=FACE_OUTER_BOUND('',#8350,.F.);
#8352=ADVANCED_FACE('',(#8351),#8344,.T.);
#8353=CARTESIAN_POINT('',(1.6E-1,-4.025E0,-1.8E0));
#8354=DIRECTION('',(0.E0,0.E0,-1.E0));
#8355=DIRECTION('',(0.E0,1.E0,0.E0));
#8356=AXIS2_PLACEMENT_3D('',#8353,#8354,#8355);
#8357=PLANE('',#8356);
#8358=ORIENTED_EDGE('',*,*,#8214,.T.);
#8360=ORIENTED_EDGE('',*,*,#8359,.T.);
#8361=ORIENTED_EDGE('',*,*,#8263,.F.);
#8362=ORIENTED_EDGE('',*,*,#8346,.F.);
#8363=EDGE_LOOP('',(#8358,#8360,#8361,#8362));
#8364=FACE_OUTER_BOUND('',#8363,.F.);
#8365=ADVANCED_FACE('',(#8364),#8357,.T.);
#8366=CARTESIAN_POINT('',(1.6E-1,-3.625E0,-1.8E0));
#8367=DIRECTION('',(0.E0,7.071067811867E-1,-7.071067811864E-1));
#8368=DIRECTION('',(0.E0,7.071067811864E-1,7.071067811867E-1));
#8369=AXIS2_PLACEMENT_3D('',#8366,#8367,#8368);
#8370=PLANE('',#8369);
#8371=ORIENTED_EDGE('',*,*,#8212,.T.);
#8373=ORIENTED_EDGE('',*,*,#8372,.T.);
#8374=ORIENTED_EDGE('',*,*,#8265,.F.);
#8375=ORIENTED_EDGE('',*,*,#8359,.F.);
#8376=EDGE_LOOP('',(#8371,#8373,#8374,#8375));
#8377=FACE_OUTER_BOUND('',#8376,.F.);
#8378=ADVANCED_FACE('',(#8377),#8370,.T.);
#8379=CARTESIAN_POINT('',(1.6E-1,-3.425E0,-1.6E0));
#8380=DIRECTION('',(0.E0,1.E0,0.E0));
#8381=DIRECTION('',(0.E0,0.E0,1.E0));
#8382=AXIS2_PLACEMENT_3D('',#8379,#8380,#8381);
#8383=PLANE('',#8382);
#8384=ORIENTED_EDGE('',*,*,#8210,.T.);
#8386=ORIENTED_EDGE('',*,*,#8385,.T.);
#8387=ORIENTED_EDGE('',*,*,#8267,.F.);
#8388=ORIENTED_EDGE('',*,*,#8372,.F.);
#8389=EDGE_LOOP('',(#8384,#8386,#8387,#8388));
#8390=FACE_OUTER_BOUND('',#8389,.F.);
#8391=ADVANCED_FACE('',(#8390),#8383,.T.);
#8392=CARTESIAN_POINT('',(1.6E-1,-3.225E0,-1.125E0));
#8393=DIRECTION('',(1.E0,0.E0,0.E0));
#8394=DIRECTION('',(0.E0,-1.E0,0.E0));
#8395=AXIS2_PLACEMENT_3D('',#8392,#8393,#8394);
#8396=CYLINDRICAL_SURFACE('',#8395,2.E-1);
#8397=ORIENTED_EDGE('',*,*,#8208,.T.);
#8398=ORIENTED_EDGE('',*,*,#8239,.T.);
#8399=ORIENTED_EDGE('',*,*,#8269,.F.);
#8400=ORIENTED_EDGE('',*,*,#8385,.F.);
#8401=EDGE_LOOP('',(#8397,#8398,#8399,#8400));
#8402=FACE_OUTER_BOUND('',#8401,.F.);
#8403=ADVANCED_FACE('',(#8402),#8396,.F.);
#8404=CARTESIAN_POINT('',(-1.09E0,-3.225E0,1.6E0));
#8405=DIRECTION('',(1.E0,0.E0,0.E0));
#8406=DIRECTION('',(0.E0,-1.E0,0.E0));
#8407=AXIS2_PLACEMENT_3D('',#8404,#8405,#8406);
#8408=PLANE('',#8407);
#8409=ORIENTED_EDGE('',*,*,#7743,.F.);
#8411=ORIENTED_EDGE('',*,*,#8410,.F.);
#8413=ORIENTED_EDGE('',*,*,#8412,.F.);
#8415=ORIENTED_EDGE('',*,*,#8414,.F.);
#8417=ORIENTED_EDGE('',*,*,#8416,.F.);
#8419=ORIENTED_EDGE('',*,*,#8418,.F.);
#8421=ORIENTED_EDGE('',*,*,#8420,.F.);
#8423=ORIENTED_EDGE('',*,*,#8422,.F.);
#8425=ORIENTED_EDGE('',*,*,#8424,.F.);
#8427=ORIENTED_EDGE('',*,*,#8426,.F.);
#8429=ORIENTED_EDGE('',*,*,#8428,.F.);
#8431=ORIENTED_EDGE('',*,*,#8430,.F.);
#8432=EDGE_LOOP('',(#8409,#8411,#8413,#8415,#8417,#8419,#8421,#8423,#8425,#8427,
#8429,#8431));
#8433=FACE_OUTER_BOUND('',#8432,.F.);
#8434=ADVANCED_FACE('',(#8433),#8408,.T.);
#8435=CARTESIAN_POINT('',(-1.09E0,-3.225E0,-9.25E-1));
#8436=DIRECTION('',(0.E0,0.E0,-1.E0));
#8437=DIRECTION('',(0.E0,1.E0,0.E0));
#8438=AXIS2_PLACEMENT_3D('',#8435,#8436,#8437);
#8439=PLANE('',#8438);
#8440=ORIENTED_EDGE('',*,*,#7749,.F.);
#8442=ORIENTED_EDGE('',*,*,#8441,.F.);
#8444=ORIENTED_EDGE('',*,*,#8443,.F.);
#8445=ORIENTED_EDGE('',*,*,#8410,.T.);
#8446=EDGE_LOOP('',(#8440,#8442,#8444,#8445));
#8447=FACE_OUTER_BOUND('',#8446,.F.);
#8448=ADVANCED_FACE('',(#8447),#8439,.T.);
#8449=CARTESIAN_POINT('',(-1.41E0,-3.225E0,1.6E0));
#8450=DIRECTION('',(1.E0,0.E0,0.E0));
#8451=DIRECTION('',(0.E0,-1.E0,0.E0));
#8452=AXIS2_PLACEMENT_3D('',#8449,#8450,#8451);
#8453=PLANE('',#8452);
#8454=ORIENTED_EDGE('',*,*,#7747,.T.);
#8456=ORIENTED_EDGE('',*,*,#8455,.T.);
#8458=ORIENTED_EDGE('',*,*,#8457,.T.);
#8460=ORIENTED_EDGE('',*,*,#8459,.T.);
#8462=ORIENTED_EDGE('',*,*,#8461,.T.);
#8464=ORIENTED_EDGE('',*,*,#8463,.T.);
#8466=ORIENTED_EDGE('',*,*,#8465,.T.);
#8468=ORIENTED_EDGE('',*,*,#8467,.T.);
#8470=ORIENTED_EDGE('',*,*,#8469,.T.);
#8472=ORIENTED_EDGE('',*,*,#8471,.T.);
#8474=ORIENTED_EDGE('',*,*,#8473,.T.);
#8475=ORIENTED_EDGE('',*,*,#8441,.T.);
#8476=EDGE_LOOP('',(#8454,#8456,#8458,#8460,#8462,#8464,#8466,#8468,#8470,#8472,
#8474,#8475));
#8477=FACE_OUTER_BOUND('',#8476,.F.);
#8478=ADVANCED_FACE('',(#8477),#8453,.F.);
#8479=CARTESIAN_POINT('',(-1.09E0,-3.125E0,-4.25E-1));
#8480=DIRECTION('',(0.E0,0.E0,1.E0));
#8481=DIRECTION('',(0.E0,-1.E0,0.E0));
#8482=AXIS2_PLACEMENT_3D('',#8479,#8480,#8481);
#8483=PLANE('',#8482);
#8484=ORIENTED_EDGE('',*,*,#7745,.T.);
#8485=ORIENTED_EDGE('',*,*,#8430,.T.);
#8487=ORIENTED_EDGE('',*,*,#8486,.T.);
#8488=ORIENTED_EDGE('',*,*,#8455,.F.);
#8489=EDGE_LOOP('',(#8484,#8485,#8487,#8488));
#8490=FACE_OUTER_BOUND('',#8489,.F.);
#8491=ADVANCED_FACE('',(#8490),#8483,.T.);
#8492=CARTESIAN_POINT('',(-1.09E0,-3.775E0,-5.75E-1));
#8493=DIRECTION('',(1.E0,0.E0,0.E0));
#8494=DIRECTION('',(0.E0,-1.E0,0.E0));
#8495=AXIS2_PLACEMENT_3D('',#8492,#8493,#8494);
#8496=CYLINDRICAL_SURFACE('',#8495,1.5E-1);
#8497=ORIENTED_EDGE('',*,*,#8428,.T.);
#8499=ORIENTED_EDGE('',*,*,#8498,.T.);
#8500=ORIENTED_EDGE('',*,*,#8457,.F.);
#8501=ORIENTED_EDGE('',*,*,#8486,.F.);
#8502=EDGE_LOOP('',(#8497,#8499,#8500,#8501));
#8503=FACE_OUTER_BOUND('',#8502,.F.);
#8504=ADVANCED_FACE('',(#8503),#8496,.T.);
#8505=CARTESIAN_POINT('',(-1.09E0,-3.925E0,-5.75E-1));
#8506=DIRECTION('',(0.E0,-1.E0,0.E0));
#8507=DIRECTION('',(0.E0,0.E0,-1.E0));
#8508=AXIS2_PLACEMENT_3D('',#8505,#8506,#8507);
#8509=PLANE('',#8508);
#8510=ORIENTED_EDGE('',*,*,#8426,.T.);
#8512=ORIENTED_EDGE('',*,*,#8511,.T.);
#8513=ORIENTED_EDGE('',*,*,#8459,.F.);
#8514=ORIENTED_EDGE('',*,*,#8498,.F.);
#8515=EDGE_LOOP('',(#8510,#8512,#8513,#8514));
#8516=FACE_OUTER_BOUND('',#8515,.F.);
#8517=ADVANCED_FACE('',(#8516),#8509,.T.);
#8518=CARTESIAN_POINT('',(-1.09E0,-3.925E0,-1.3E0));
#8519=DIRECTION('',(0.E0,0.E0,1.E0));
#8520=DIRECTION('',(0.E0,-1.E0,0.E0));
#8521=AXIS2_PLACEMENT_3D('',#8518,#8519,#8520);
#8522=PLANE('',#8521);
#8523=ORIENTED_EDGE('',*,*,#8424,.T.);
#8525=ORIENTED_EDGE('',*,*,#8524,.T.);
#8526=ORIENTED_EDGE('',*,*,#8461,.F.);
#8527=ORIENTED_EDGE('',*,*,#8511,.F.);
#8528=EDGE_LOOP('',(#8523,#8525,#8526,#8527));
#8529=FACE_OUTER_BOUND('',#8528,.F.);
#8530=ADVANCED_FACE('',(#8529),#8522,.T.);
#8531=CARTESIAN_POINT('',(-1.09E0,-4.225E0,-1.3E0));
#8532=DIRECTION('',(0.E0,-1.E0,0.E0));
#8533=DIRECTION('',(0.E0,0.E0,-1.E0));
#8534=AXIS2_PLACEMENT_3D('',#8531,#8532,#8533);
#8535=PLANE('',#8534);
#8536=ORIENTED_EDGE('',*,*,#8422,.T.);
#8538=ORIENTED_EDGE('',*,*,#8537,.T.);
#8539=ORIENTED_EDGE('',*,*,#8463,.F.);
#8540=ORIENTED_EDGE('',*,*,#8524,.F.);
#8541=EDGE_LOOP('',(#8536,#8538,#8539,#8540));
#8542=FACE_OUTER_BOUND('',#8541,.F.);
#8543=ADVANCED_FACE('',(#8542),#8535,.T.);
#8544=CARTESIAN_POINT('',(-1.09E0,-4.225E0,-1.6E0));
#8545=DIRECTION('',(0.E0,-7.071067811864E-1,-7.071067811867E-1));
#8546=DIRECTION('',(0.E0,7.071067811867E-1,-7.071067811864E-1));
#8547=AXIS2_PLACEMENT_3D('',#8544,#8545,#8546);
#8548=PLANE('',#8547);
#8549=ORIENTED_EDGE('',*,*,#8420,.T.);
#8551=ORIENTED_EDGE('',*,*,#8550,.T.);
#8552=ORIENTED_EDGE('',*,*,#8465,.F.);
#8553=ORIENTED_EDGE('',*,*,#8537,.F.);
#8554=EDGE_LOOP('',(#8549,#8551,#8552,#8553));
#8555=FACE_OUTER_BOUND('',#8554,.F.);
#8556=ADVANCED_FACE('',(#8555),#8548,.T.);
#8557=CARTESIAN_POINT('',(-1.09E0,-4.025E0,-1.8E0));
#8558=DIRECTION('',(0.E0,0.E0,-1.E0));
#8559=DIRECTION('',(0.E0,1.E0,0.E0));
#8560=AXIS2_PLACEMENT_3D('',#8557,#8558,#8559);
#8561=PLANE('',#8560);
#8562=ORIENTED_EDGE('',*,*,#8418,.T.);
#8564=ORIENTED_EDGE('',*,*,#8563,.T.);
#8565=ORIENTED_EDGE('',*,*,#8467,.F.);
#8566=ORIENTED_EDGE('',*,*,#8550,.F.);
#8567=EDGE_LOOP('',(#8562,#8564,#8565,#8566));
#8568=FACE_OUTER_BOUND('',#8567,.F.);
#8569=ADVANCED_FACE('',(#8568),#8561,.T.);
#8570=CARTESIAN_POINT('',(-1.09E0,-3.625E0,-1.8E0));
#8571=DIRECTION('',(0.E0,7.071067811867E-1,-7.071067811864E-1));
#8572=DIRECTION('',(0.E0,7.071067811864E-1,7.071067811867E-1));
#8573=AXIS2_PLACEMENT_3D('',#8570,#8571,#8572);
#8574=PLANE('',#8573);
#8575=ORIENTED_EDGE('',*,*,#8416,.T.);
#8577=ORIENTED_EDGE('',*,*,#8576,.T.);
#8578=ORIENTED_EDGE('',*,*,#8469,.F.);
#8579=ORIENTED_EDGE('',*,*,#8563,.F.);
#8580=EDGE_LOOP('',(#8575,#8577,#8578,#8579));
#8581=FACE_OUTER_BOUND('',#8580,.F.);
#8582=ADVANCED_FACE('',(#8581),#8574,.T.);
#8583=CARTESIAN_POINT('',(-1.09E0,-3.425E0,-1.6E0));
#8584=DIRECTION('',(0.E0,1.E0,0.E0));
#8585=DIRECTION('',(0.E0,0.E0,1.E0));
#8586=AXIS2_PLACEMENT_3D('',#8583,#8584,#8585);
#8587=PLANE('',#8586);
#8588=ORIENTED_EDGE('',*,*,#8414,.T.);
#8590=ORIENTED_EDGE('',*,*,#8589,.T.);
#8591=ORIENTED_EDGE('',*,*,#8471,.F.);
#8592=ORIENTED_EDGE('',*,*,#8576,.F.);
#8593=EDGE_LOOP('',(#8588,#8590,#8591,#8592));
#8594=FACE_OUTER_BOUND('',#8593,.F.);
#8595=ADVANCED_FACE('',(#8594),#8587,.T.);
#8596=CARTESIAN_POINT('',(-1.09E0,-3.225E0,-1.125E0));
#8597=DIRECTION('',(1.E0,0.E0,0.E0));
#8598=DIRECTION('',(0.E0,-1.E0,0.E0));
#8599=AXIS2_PLACEMENT_3D('',#8596,#8597,#8598);
#8600=CYLINDRICAL_SURFACE('',#8599,2.E-1);
#8601=ORIENTED_EDGE('',*,*,#8412,.T.);
#8602=ORIENTED_EDGE('',*,*,#8443,.T.);
#8603=ORIENTED_EDGE('',*,*,#8473,.F.);
#8604=ORIENTED_EDGE('',*,*,#8589,.F.);
#8605=EDGE_LOOP('',(#8601,#8602,#8603,#8604));
#8606=FACE_OUTER_BOUND('',#8605,.F.);
#8607=ADVANCED_FACE('',(#8606),#8600,.F.);
#8608=CARTESIAN_POINT('',(-2.34E0,-3.225E0,1.6E0));
#8609=DIRECTION('',(1.E0,0.E0,0.E0));
#8610=DIRECTION('',(0.E0,-1.E0,0.E0));
#8611=AXIS2_PLACEMENT_3D('',#8608,#8609,#8610);
#8612=PLANE('',#8611);
#8613=ORIENTED_EDGE('',*,*,#7753,.F.);
#8615=ORIENTED_EDGE('',*,*,#8614,.F.);
#8617=ORIENTED_EDGE('',*,*,#8616,.F.);
#8619=ORIENTED_EDGE('',*,*,#8618,.F.);
#8621=ORIENTED_EDGE('',*,*,#8620,.F.);
#8623=ORIENTED_EDGE('',*,*,#8622,.F.);
#8625=ORIENTED_EDGE('',*,*,#8624,.F.);
#8627=ORIENTED_EDGE('',*,*,#8626,.F.);
#8629=ORIENTED_EDGE('',*,*,#8628,.F.);
#8631=ORIENTED_EDGE('',*,*,#8630,.F.);
#8633=ORIENTED_EDGE('',*,*,#8632,.F.);
#8635=ORIENTED_EDGE('',*,*,#8634,.F.);
#8636=EDGE_LOOP('',(#8613,#8615,#8617,#8619,#8621,#8623,#8625,#8627,#8629,#8631,
#8633,#8635));
#8637=FACE_OUTER_BOUND('',#8636,.F.);
#8638=ADVANCED_FACE('',(#8637),#8612,.T.);
#8639=CARTESIAN_POINT('',(-2.34E0,-3.225E0,-9.25E-1));
#8640=DIRECTION('',(0.E0,0.E0,-1.E0));
#8641=DIRECTION('',(0.E0,1.E0,0.E0));
#8642=AXIS2_PLACEMENT_3D('',#8639,#8640,#8641);
#8643=PLANE('',#8642);
#8644=ORIENTED_EDGE('',*,*,#7759,.F.);
#8646=ORIENTED_EDGE('',*,*,#8645,.F.);
#8648=ORIENTED_EDGE('',*,*,#8647,.F.);
#8649=ORIENTED_EDGE('',*,*,#8614,.T.);
#8650=EDGE_LOOP('',(#8644,#8646,#8648,#8649));
#8651=FACE_OUTER_BOUND('',#8650,.F.);
#8652=ADVANCED_FACE('',(#8651),#8643,.T.);
#8653=CARTESIAN_POINT('',(-2.66E0,-3.225E0,1.6E0));
#8654=DIRECTION('',(1.E0,0.E0,0.E0));
#8655=DIRECTION('',(0.E0,-1.E0,0.E0));
#8656=AXIS2_PLACEMENT_3D('',#8653,#8654,#8655);
#8657=PLANE('',#8656);
#8658=ORIENTED_EDGE('',*,*,#7757,.T.);
#8660=ORIENTED_EDGE('',*,*,#8659,.T.);
#8662=ORIENTED_EDGE('',*,*,#8661,.T.);
#8664=ORIENTED_EDGE('',*,*,#8663,.T.);
#8666=ORIENTED_EDGE('',*,*,#8665,.T.);
#8668=ORIENTED_EDGE('',*,*,#8667,.T.);
#8670=ORIENTED_EDGE('',*,*,#8669,.T.);
#8672=ORIENTED_EDGE('',*,*,#8671,.T.);
#8674=ORIENTED_EDGE('',*,*,#8673,.T.);
#8676=ORIENTED_EDGE('',*,*,#8675,.T.);
#8678=ORIENTED_EDGE('',*,*,#8677,.T.);
#8679=ORIENTED_EDGE('',*,*,#8645,.T.);
#8680=EDGE_LOOP('',(#8658,#8660,#8662,#8664,#8666,#8668,#8670,#8672,#8674,#8676,
#8678,#8679));
#8681=FACE_OUTER_BOUND('',#8680,.F.);
#8682=ADVANCED_FACE('',(#8681),#8657,.F.);
#8683=CARTESIAN_POINT('',(-2.34E0,-3.125E0,-4.25E-1));
#8684=DIRECTION('',(0.E0,0.E0,1.E0));
#8685=DIRECTION('',(0.E0,-1.E0,0.E0));
#8686=AXIS2_PLACEMENT_3D('',#8683,#8684,#8685);
#8687=PLANE('',#8686);
#8688=ORIENTED_EDGE('',*,*,#7755,.T.);
#8689=ORIENTED_EDGE('',*,*,#8634,.T.);
#8691=ORIENTED_EDGE('',*,*,#8690,.T.);
#8692=ORIENTED_EDGE('',*,*,#8659,.F.);
#8693=EDGE_LOOP('',(#8688,#8689,#8691,#8692));
#8694=FACE_OUTER_BOUND('',#8693,.F.);
#8695=ADVANCED_FACE('',(#8694),#8687,.T.);
#8696=CARTESIAN_POINT('',(-2.34E0,-3.775E0,-5.75E-1));
#8697=DIRECTION('',(1.E0,0.E0,0.E0));
#8698=DIRECTION('',(0.E0,-1.E0,0.E0));
#8699=AXIS2_PLACEMENT_3D('',#8696,#8697,#8698);
#8700=CYLINDRICAL_SURFACE('',#8699,1.5E-1);
#8701=ORIENTED_EDGE('',*,*,#8632,.T.);
#8703=ORIENTED_EDGE('',*,*,#8702,.T.);
#8704=ORIENTED_EDGE('',*,*,#8661,.F.);
#8705=ORIENTED_EDGE('',*,*,#8690,.F.);
#8706=EDGE_LOOP('',(#8701,#8703,#8704,#8705));
#8707=FACE_OUTER_BOUND('',#8706,.F.);
#8708=ADVANCED_FACE('',(#8707),#8700,.T.);
#8709=CARTESIAN_POINT('',(-2.34E0,-3.925E0,-5.75E-1));
#8710=DIRECTION('',(0.E0,-1.E0,0.E0));
#8711=DIRECTION('',(0.E0,0.E0,-1.E0));
#8712=AXIS2_PLACEMENT_3D('',#8709,#8710,#8711);
#8713=PLANE('',#8712);
#8714=ORIENTED_EDGE('',*,*,#8630,.T.);
#8716=ORIENTED_EDGE('',*,*,#8715,.T.);
#8717=ORIENTED_EDGE('',*,*,#8663,.F.);
#8718=ORIENTED_EDGE('',*,*,#8702,.F.);
#8719=EDGE_LOOP('',(#8714,#8716,#8717,#8718));
#8720=FACE_OUTER_BOUND('',#8719,.F.);
#8721=ADVANCED_FACE('',(#8720),#8713,.T.);
#8722=CARTESIAN_POINT('',(-2.34E0,-3.925E0,-1.3E0));
#8723=DIRECTION('',(0.E0,0.E0,1.E0));
#8724=DIRECTION('',(0.E0,-1.E0,0.E0));
#8725=AXIS2_PLACEMENT_3D('',#8722,#8723,#8724);
#8726=PLANE('',#8725);
#8727=ORIENTED_EDGE('',*,*,#8628,.T.);
#8729=ORIENTED_EDGE('',*,*,#8728,.T.);
#8730=ORIENTED_EDGE('',*,*,#8665,.F.);
#8731=ORIENTED_EDGE('',*,*,#8715,.F.);
#8732=EDGE_LOOP('',(#8727,#8729,#8730,#8731));
#8733=FACE_OUTER_BOUND('',#8732,.F.);
#8734=ADVANCED_FACE('',(#8733),#8726,.T.);
#8735=CARTESIAN_POINT('',(-2.34E0,-4.225E0,-1.3E0));
#8736=DIRECTION('',(0.E0,-1.E0,0.E0));
#8737=DIRECTION('',(0.E0,0.E0,-1.E0));
#8738=AXIS2_PLACEMENT_3D('',#8735,#8736,#8737);
#8739=PLANE('',#8738);
#8740=ORIENTED_EDGE('',*,*,#8626,.T.);
#8742=ORIENTED_EDGE('',*,*,#8741,.T.);
#8743=ORIENTED_EDGE('',*,*,#8667,.F.);
#8744=ORIENTED_EDGE('',*,*,#8728,.F.);
#8745=EDGE_LOOP('',(#8740,#8742,#8743,#8744));
#8746=FACE_OUTER_BOUND('',#8745,.F.);
#8747=ADVANCED_FACE('',(#8746),#8739,.T.);
#8748=CARTESIAN_POINT('',(-2.34E0,-4.225E0,-1.6E0));
#8749=DIRECTION('',(0.E0,-7.071067811864E-1,-7.071067811867E-1));
#8750=DIRECTION('',(0.E0,7.071067811867E-1,-7.071067811864E-1));
#8751=AXIS2_PLACEMENT_3D('',#8748,#8749,#8750);
#8752=PLANE('',#8751);
#8753=ORIENTED_EDGE('',*,*,#8624,.T.);
#8755=ORIENTED_EDGE('',*,*,#8754,.T.);
#8756=ORIENTED_EDGE('',*,*,#8669,.F.);
#8757=ORIENTED_EDGE('',*,*,#8741,.F.);
#8758=EDGE_LOOP('',(#8753,#8755,#8756,#8757));
#8759=FACE_OUTER_BOUND('',#8758,.F.);
#8760=ADVANCED_FACE('',(#8759),#8752,.T.);
#8761=CARTESIAN_POINT('',(-2.34E0,-4.025E0,-1.8E0));
#8762=DIRECTION('',(0.E0,0.E0,-1.E0));
#8763=DIRECTION('',(0.E0,1.E0,0.E0));
#8764=AXIS2_PLACEMENT_3D('',#8761,#8762,#8763);
#8765=PLANE('',#8764);
#8766=ORIENTED_EDGE('',*,*,#8622,.T.);
#8768=ORIENTED_EDGE('',*,*,#8767,.T.);
#8769=ORIENTED_EDGE('',*,*,#8671,.F.);
#8770=ORIENTED_EDGE('',*,*,#8754,.F.);
#8771=EDGE_LOOP('',(#8766,#8768,#8769,#8770));
#8772=FACE_OUTER_BOUND('',#8771,.F.);
#8773=ADVANCED_FACE('',(#8772),#8765,.T.);
#8774=CARTESIAN_POINT('',(-2.34E0,-3.625E0,-1.8E0));
#8775=DIRECTION('',(0.E0,7.071067811867E-1,-7.071067811864E-1));
#8776=DIRECTION('',(0.E0,7.071067811864E-1,7.071067811867E-1));
#8777=AXIS2_PLACEMENT_3D('',#8774,#8775,#8776);
#8778=PLANE('',#8777);
#8779=ORIENTED_EDGE('',*,*,#8620,.T.);
#8781=ORIENTED_EDGE('',*,*,#8780,.T.);
#8782=ORIENTED_EDGE('',*,*,#8673,.F.);
#8783=ORIENTED_EDGE('',*,*,#8767,.F.);
#8784=EDGE_LOOP('',(#8779,#8781,#8782,#8783));
#8785=FACE_OUTER_BOUND('',#8784,.F.);
#8786=ADVANCED_FACE('',(#8785),#8778,.T.);
#8787=CARTESIAN_POINT('',(-2.34E0,-3.425E0,-1.6E0));
#8788=DIRECTION('',(0.E0,1.E0,0.E0));
#8789=DIRECTION('',(0.E0,0.E0,1.E0));
#8790=AXIS2_PLACEMENT_3D('',#8787,#8788,#8789);
#8791=PLANE('',#8790);
#8792=ORIENTED_EDGE('',*,*,#8618,.T.);
#8794=ORIENTED_EDGE('',*,*,#8793,.T.);
#8795=ORIENTED_EDGE('',*,*,#8675,.F.);
#8796=ORIENTED_EDGE('',*,*,#8780,.F.);
#8797=EDGE_LOOP('',(#8792,#8794,#8795,#8796));
#8798=FACE_OUTER_BOUND('',#8797,.F.);
#8799=ADVANCED_FACE('',(#8798),#8791,.T.);
#8800=CARTESIAN_POINT('',(-2.34E0,-3.225E0,-1.125E0));
#8801=DIRECTION('',(1.E0,0.E0,0.E0));
#8802=DIRECTION('',(0.E0,-1.E0,0.E0));
#8803=AXIS2_PLACEMENT_3D('',#8800,#8801,#8802);
#8804=CYLINDRICAL_SURFACE('',#8803,2.E-1);
#8805=ORIENTED_EDGE('',*,*,#8616,.T.);
#8806=ORIENTED_EDGE('',*,*,#8647,.T.);
#8807=ORIENTED_EDGE('',*,*,#8677,.F.);
#8808=ORIENTED_EDGE('',*,*,#8793,.F.);
#8809=EDGE_LOOP('',(#8805,#8806,#8807,#8808));
#8810=FACE_OUTER_BOUND('',#8809,.F.);
#8811=ADVANCED_FACE('',(#8810),#8804,.F.);
#8812=CARTESIAN_POINT('',(3.35E0,-3.125E0,-5.E-1));
#8813=DIRECTION('',(-1.E0,0.E0,0.E0));
#8814=DIRECTION('',(0.E0,0.E0,-1.E0));
#8815=AXIS2_PLACEMENT_3D('',#8812,#8813,#8814);
#8816=PLANE('',#8815);
#8817=ORIENTED_EDGE('',*,*,#7763,.F.);
#8819=ORIENTED_EDGE('',*,*,#8818,.T.);
#8821=ORIENTED_EDGE('',*,*,#8820,.T.);
#8823=ORIENTED_EDGE('',*,*,#8822,.F.);
#8824=EDGE_LOOP('',(#8817,#8819,#8821,#8823));
#8825=FACE_OUTER_BOUND('',#8824,.F.);
#8826=ADVANCED_FACE('',(#8825),#8816,.F.);
#8827=CARTESIAN_POINT('',(3.425E0,-3.125E0,-5.E-1));
#8828=DIRECTION('',(0.E0,0.E0,1.E0));
#8829=DIRECTION('',(-1.E0,0.E0,0.E0));
#8830=AXIS2_PLACEMENT_3D('',#8827,#8828,#8829);
#8831=PLANE('',#8830);
#8832=ORIENTED_EDGE('',*,*,#7775,.F.);
#8834=ORIENTED_EDGE('',*,*,#8833,.T.);
#8836=ORIENTED_EDGE('',*,*,#8835,.T.);
#8837=ORIENTED_EDGE('',*,*,#8818,.F.);
#8838=EDGE_LOOP('',(#8832,#8834,#8836,#8837));
#8839=FACE_OUTER_BOUND('',#8838,.F.);
#8840=ADVANCED_FACE('',(#8839),#8831,.F.);
#8841=CARTESIAN_POINT('',(3.425E0,-3.125E0,-9.978723526001E-1));
#8842=DIRECTION('',(1.E0,0.E0,0.E0));
#8843=DIRECTION('',(0.E0,0.E0,1.E0));
#8844=AXIS2_PLACEMENT_3D('',#8841,#8842,#8843);
#8845=PLANE('',#8844);
#8846=ORIENTED_EDGE('',*,*,#7773,.F.);
#8848=ORIENTED_EDGE('',*,*,#8847,.T.);
#8850=ORIENTED_EDGE('',*,*,#8849,.T.);
#8851=ORIENTED_EDGE('',*,*,#8833,.F.);
#8852=EDGE_LOOP('',(#8846,#8848,#8850,#8851));
#8853=FACE_OUTER_BOUND('',#8852,.F.);
#8854=ADVANCED_FACE('',(#8853),#8845,.F.);
#8855=CARTESIAN_POINT('',(3.5E0,-3.125E0,-9.085106253624E-1));
#8856=DIRECTION('',(-7.659743427825E-1,0.E0,6.428711427642E-1));
#8857=DIRECTION('',(-6.428711427642E-1,0.E0,-7.659743427825E-1));
#8858=AXIS2_PLACEMENT_3D('',#8855,#8856,#8857);
#8859=PLANE('',#8858);
#8860=ORIENTED_EDGE('',*,*,#7771,.F.);
#8862=ORIENTED_EDGE('',*,*,#8861,.T.);
#8864=ORIENTED_EDGE('',*,*,#8863,.T.);
#8865=ORIENTED_EDGE('',*,*,#8847,.F.);
#8866=EDGE_LOOP('',(#8860,#8862,#8864,#8865));
#8867=FACE_OUTER_BOUND('',#8866,.F.);
#8868=ADVANCED_FACE('',(#8867),#8859,.F.);
#8869=CARTESIAN_POINT('',(3.5E0,-3.125E0,-1.010638308525E0));
#8870=DIRECTION('',(1.E0,0.E0,0.E0));
#8871=DIRECTION('',(0.E0,0.E0,1.E0));
#8872=AXIS2_PLACEMENT_3D('',#8869,#8870,#8871);
#8873=PLANE('',#8872);
#8874=ORIENTED_EDGE('',*,*,#7769,.F.);
#8876=ORIENTED_EDGE('',*,*,#8875,.T.);
#8878=ORIENTED_EDGE('',*,*,#8877,.T.);
#8879=ORIENTED_EDGE('',*,*,#8861,.F.);
#8880=EDGE_LOOP('',(#8874,#8876,#8878,#8879));
#8881=FACE_OUTER_BOUND('',#8880,.F.);
#8882=ADVANCED_FACE('',(#8881),#8873,.F.);
#8883=CARTESIAN_POINT('',(3.425E0,-3.125E0,-1.1E0));
#8884=DIRECTION('',(7.659742160926E-1,0.E0,-6.428712937139E-1));
#8885=DIRECTION('',(6.428712937139E-1,0.E0,7.659742160926E-1));
#8886=AXIS2_PLACEMENT_3D('',#8883,#8884,#8885);
#8887=PLANE('',#8886);
#8888=ORIENTED_EDGE('',*,*,#7767,.F.);
#8890=ORIENTED_EDGE('',*,*,#8889,.T.);
#8892=ORIENTED_EDGE('',*,*,#8891,.T.);
#8893=ORIENTED_EDGE('',*,*,#8875,.F.);
#8894=EDGE_LOOP('',(#8888,#8890,#8892,#8893));
#8895=FACE_OUTER_BOUND('',#8894,.F.);
#8896=ADVANCED_FACE('',(#8895),#8887,.F.);
#8897=CARTESIAN_POINT('',(3.35E0,-3.125E0,-1.1E0));
#8898=DIRECTION('',(0.E0,0.E0,-1.E0));
#8899=DIRECTION('',(1.E0,0.E0,0.E0));
#8900=AXIS2_PLACEMENT_3D('',#8897,#8898,#8899);
#8901=PLANE('',#8900);
#8902=ORIENTED_EDGE('',*,*,#7765,.F.);
#8903=ORIENTED_EDGE('',*,*,#8822,.T.);
#8905=ORIENTED_EDGE('',*,*,#8904,.T.);
#8906=ORIENTED_EDGE('',*,*,#8889,.F.);
#8907=EDGE_LOOP('',(#8902,#8903,#8905,#8906));
#8908=FACE_OUTER_BOUND('',#8907,.F.);
#8909=ADVANCED_FACE('',(#8908),#8901,.F.);
#8910=CARTESIAN_POINT('',(6.84E0,-3.115E0,0.E0));
#8911=DIRECTION('',(0.E0,-1.E0,0.E0));
#8912=DIRECTION('',(1.E0,0.E0,0.E0));
#8913=AXIS2_PLACEMENT_3D('',#8910,#8911,#8912);
#8914=PLANE('',#8913);
#8915=ORIENTED_EDGE('',*,*,#8820,.F.);
#8916=ORIENTED_EDGE('',*,*,#8835,.F.);
#8917=ORIENTED_EDGE('',*,*,#8849,.F.);
#8918=ORIENTED_EDGE('',*,*,#8863,.F.);
#8919=ORIENTED_EDGE('',*,*,#8877,.F.);
#8920=ORIENTED_EDGE('',*,*,#8891,.F.);
#8921=ORIENTED_EDGE('',*,*,#8904,.F.);
#8922=EDGE_LOOP('',(#8915,#8916,#8917,#8918,#8919,#8920,#8921));
#8923=FACE_OUTER_BOUND('',#8922,.F.);
#8924=ADVANCED_FACE('',(#8923),#8914,.T.);
#8925=CARTESIAN_POINT('',(-4.995E0,-2.225E0,-5.45E-1));
#8926=DIRECTION('',(0.E0,0.E0,-1.E0));
#8927=DIRECTION('',(1.E0,0.E0,0.E0));
#8928=AXIS2_PLACEMENT_3D('',#8925,#8926,#8927);
#8929=PLANE('',#8928);
#8931=ORIENTED_EDGE('',*,*,#8930,.F.);
#8933=ORIENTED_EDGE('',*,*,#8932,.F.);
#8934=ORIENTED_EDGE('',*,*,#5123,.T.);
#8935=ORIENTED_EDGE('',*,*,#5081,.T.);
#8936=ORIENTED_EDGE('',*,*,#4859,.F.);
#8937=EDGE_LOOP('',(#8931,#8933,#8934,#8935,#8936));
#8938=FACE_OUTER_BOUND('',#8937,.F.);
#8939=ADVANCED_FACE('',(#8938),#8929,.T.);
#8940=CARTESIAN_POINT('',(-4.995E0,-2.225E0,-5.7E-1));
#8941=DIRECTION('',(-1.E0,0.E0,0.E0));
#8942=DIRECTION('',(0.E0,0.E0,1.E0));
#8943=AXIS2_PLACEMENT_3D('',#8940,#8941,#8942);
#8944=PLANE('',#8943);
#8945=ORIENTED_EDGE('',*,*,#8930,.T.);
#8946=ORIENTED_EDGE('',*,*,#4857,.T.);
#8948=ORIENTED_EDGE('',*,*,#8947,.F.);
#8950=ORIENTED_EDGE('',*,*,#8949,.T.);
#8952=ORIENTED_EDGE('',*,*,#8951,.T.);
#8953=ORIENTED_EDGE('',*,*,#4983,.F.);
#8955=ORIENTED_EDGE('',*,*,#8954,.F.);
#8957=ORIENTED_EDGE('',*,*,#8956,.T.);
#8958=EDGE_LOOP('',(#8945,#8946,#8948,#8950,#8952,#8953,#8955,#8957));
#8959=FACE_OUTER_BOUND('',#8958,.F.);
#8960=ADVANCED_FACE('',(#8959),#8944,.F.);
#8961=CARTESIAN_POINT('',(-4.575E0,-2.225E0,-2.95E-1));
#8962=DIRECTION('',(0.E0,0.E0,1.E0));
#8963=DIRECTION('',(-1.E0,0.E0,0.E0));
#8964=AXIS2_PLACEMENT_3D('',#8961,#8962,#8963);
#8965=PLANE('',#8964);
#8967=ORIENTED_EDGE('',*,*,#8966,.T.);
#8968=ORIENTED_EDGE('',*,*,#8947,.T.);
#8969=ORIENTED_EDGE('',*,*,#4855,.F.);
#8971=ORIENTED_EDGE('',*,*,#8970,.F.);
#8972=ORIENTED_EDGE('',*,*,#5127,.T.);
#8973=EDGE_LOOP('',(#8967,#8968,#8969,#8971,#8972));
#8974=FACE_OUTER_BOUND('',#8973,.F.);
#8975=ADVANCED_FACE('',(#8974),#8965,.T.);
#8976=CARTESIAN_POINT('',(-4.995E0,-2.225E0,-2.95E-1));
#8977=DIRECTION('',(-1.E0,0.E0,0.E0));
#8978=DIRECTION('',(0.E0,0.E0,-1.E0));
#8979=AXIS2_PLACEMENT_3D('',#8976,#8977,#8978);
#8980=PLANE('',#8979);
#8981=ORIENTED_EDGE('',*,*,#8966,.F.);
#8982=ORIENTED_EDGE('',*,*,#5125,.T.);
#8983=ORIENTED_EDGE('',*,*,#8932,.T.);
#8985=ORIENTED_EDGE('',*,*,#8984,.F.);
#8986=EDGE_LOOP('',(#8981,#8982,#8983,#8985));
#8987=FACE_OUTER_BOUND('',#8986,.F.);
#8988=ADVANCED_FACE('',(#8987),#8980,.T.);
#8989=CARTESIAN_POINT('',(-5.095E0,-2.125E0,-4.2E-1));
#8990=DIRECTION('',(7.071067811865E-1,-7.071067811865E-1,0.E0));
#8991=DIRECTION('',(7.071067811865E-1,7.071067811865E-1,0.E0));
#8992=AXIS2_PLACEMENT_3D('',#8989,#8990,#8991);
#8993=PLANE('',#8992);
#8994=ORIENTED_EDGE('',*,*,#8984,.T.);
#8995=ORIENTED_EDGE('',*,*,#8956,.F.);
#8997=ORIENTED_EDGE('',*,*,#8996,.T.);
#8998=ORIENTED_EDGE('',*,*,#4682,.T.);
#9000=ORIENTED_EDGE('',*,*,#8999,.F.);
#9001=ORIENTED_EDGE('',*,*,#8949,.F.);
#9002=EDGE_LOOP('',(#8994,#8995,#8997,#8998,#9000,#9001));
#9003=FACE_OUTER_BOUND('',#9002,.F.);
#9004=ADVANCED_FACE('',(#9003),#8993,.T.);
#9005=CARTESIAN_POINT('',(-4.73E0,-2.125E0,-6.7E-1));
#9006=DIRECTION('',(0.E0,-7.071067811865E-1,7.071067811865E-1));
#9007=DIRECTION('',(0.E0,7.071067811865E-1,7.071067811865E-1));
#9008=AXIS2_PLACEMENT_3D('',#9005,#9006,#9007);
#9009=PLANE('',#9008);
#9011=ORIENTED_EDGE('',*,*,#9010,.F.);
#9012=ORIENTED_EDGE('',*,*,#5043,.T.);
#9014=ORIENTED_EDGE('',*,*,#9013,.F.);
#9015=ORIENTED_EDGE('',*,*,#4684,.T.);
#9016=ORIENTED_EDGE('',*,*,#8996,.F.);
#9017=EDGE_LOOP('',(#9011,#9012,#9014,#9015,#9016));
#9018=FACE_OUTER_BOUND('',#9017,.F.);
#9019=ADVANCED_FACE('',(#9018),#9009,.T.);
#9020=CARTESIAN_POINT('',(-4.465E0,-2.225E0,-5.7E-1));
#9021=DIRECTION('',(0.E0,0.E0,-1.E0));
#9022=DIRECTION('',(-1.E0,0.E0,0.E0));
#9023=AXIS2_PLACEMENT_3D('',#9020,#9021,#9022);
#9024=PLANE('',#9023);
#9025=ORIENTED_EDGE('',*,*,#5045,.F.);
#9026=ORIENTED_EDGE('',*,*,#9010,.T.);
#9027=ORIENTED_EDGE('',*,*,#8954,.T.);
#9028=ORIENTED_EDGE('',*,*,#4981,.F.);
#9029=EDGE_LOOP('',(#9025,#9026,#9027,#9028));
#9030=FACE_OUTER_BOUND('',#9029,.F.);
#9031=ADVANCED_FACE('',(#9030),#9024,.F.);
#9032=CARTESIAN_POINT('',(-4.565E0,-2.125E0,-1.035E0));
#9033=DIRECTION('',(7.071067811865E-1,-7.071067811865E-1,0.E0));
#9034=DIRECTION('',(7.071067811865E-1,7.071067811865E-1,0.E0));
#9035=AXIS2_PLACEMENT_3D('',#9032,#9033,#9034);
#9036=PLANE('',#9035);
#9037=ORIENTED_EDGE('',*,*,#5067,.T.);
#9038=ORIENTED_EDGE('',*,*,#4791,.T.);
#9039=ORIENTED_EDGE('',*,*,#4733,.F.);
#9040=ORIENTED_EDGE('',*,*,#4686,.T.);
#9041=ORIENTED_EDGE('',*,*,#9013,.T.);
#9042=ORIENTED_EDGE('',*,*,#5041,.T.);
#9043=EDGE_LOOP('',(#9037,#9038,#9039,#9040,#9041,#9042));
#9044=FACE_OUTER_BOUND('',#9043,.F.);
#9045=ADVANCED_FACE('',(#9044),#9036,.T.);
#9046=CARTESIAN_POINT('',(-4.615E0,-2.125E0,-1.7E-1));
#9047=DIRECTION('',(0.E0,-7.071067811865E-1,-7.071067811865E-1));
#9048=DIRECTION('',(0.E0,7.071067811865E-1,-7.071067811865E-1));
#9049=AXIS2_PLACEMENT_3D('',#9046,#9047,#9048);
#9050=PLANE('',#9049);
#9052=ORIENTED_EDGE('',*,*,#9051,.F.);
#9053=ORIENTED_EDGE('',*,*,#8999,.T.);
#9054=ORIENTED_EDGE('',*,*,#4680,.T.);
#9056=ORIENTED_EDGE('',*,*,#9055,.F.);
#9057=EDGE_LOOP('',(#9052,#9053,#9054,#9056));
#9058=FACE_OUTER_BOUND('',#9057,.F.);
#9059=ADVANCED_FACE('',(#9058),#9050,.T.);
#9060=CARTESIAN_POINT('',(-4.995E0,-2.225E0,-2.7E-1));
#9061=DIRECTION('',(0.E0,0.E0,1.E0));
#9062=DIRECTION('',(1.E0,0.E0,0.E0));
#9063=AXIS2_PLACEMENT_3D('',#9060,#9061,#9062);
#9064=PLANE('',#9063);
#9065=ORIENTED_EDGE('',*,*,#9051,.T.);
#9067=ORIENTED_EDGE('',*,*,#9066,.T.);
#9068=ORIENTED_EDGE('',*,*,#4985,.F.);
#9069=ORIENTED_EDGE('',*,*,#8951,.F.);
#9070=EDGE_LOOP('',(#9065,#9067,#9068,#9069));
#9071=FACE_OUTER_BOUND('',#9070,.F.);
#9072=ADVANCED_FACE('',(#9071),#9064,.F.);
#9073=CARTESIAN_POINT('',(-4.235E0,-2.225E0,-2.7E-1));
#9074=DIRECTION('',(1.E0,0.E0,0.E0));
#9075=DIRECTION('',(0.E0,0.E0,-1.E0));
#9076=AXIS2_PLACEMENT_3D('',#9073,#9074,#9075);
#9077=PLANE('',#9076);
#9079=ORIENTED_EDGE('',*,*,#9078,.F.);
#9080=ORIENTED_EDGE('',*,*,#4851,.F.);
#9082=ORIENTED_EDGE('',*,*,#9081,.T.);
#9083=ORIENTED_EDGE('',*,*,#4987,.F.);
#9084=ORIENTED_EDGE('',*,*,#9066,.F.);
#9086=ORIENTED_EDGE('',*,*,#9085,.T.);
#9087=EDGE_LOOP('',(#9079,#9080,#9082,#9083,#9084,#9086));
#9088=FACE_OUTER_BOUND('',#9087,.F.);
#9089=ADVANCED_FACE('',(#9088),#9077,.F.);
#9090=CARTESIAN_POINT('',(-4.575E0,-2.225E0,-6.45E-1));
#9091=DIRECTION('',(0.E0,-1.E0,0.E0));
#9092=DIRECTION('',(1.E0,0.E0,0.E0));
#9093=AXIS2_PLACEMENT_3D('',#9090,#9091,#9092);
#9094=CYLINDRICAL_SURFACE('',#9093,3.5E-1);
#9095=ORIENTED_EDGE('',*,*,#9078,.T.);
#9097=ORIENTED_EDGE('',*,*,#9096,.F.);
#9099=ORIENTED_EDGE('',*,*,#9098,.F.);
#9100=ORIENTED_EDGE('',*,*,#5129,.T.);
#9101=ORIENTED_EDGE('',*,*,#8970,.T.);
#9102=ORIENTED_EDGE('',*,*,#4853,.F.);
#9103=EDGE_LOOP('',(#9095,#9097,#9099,#9100,#9101,#9102));
#9104=FACE_OUTER_BOUND('',#9103,.F.);
#9105=ADVANCED_FACE('',(#9104),#9094,.T.);
#9106=CARTESIAN_POINT('',(-4.135E0,-2.125E0,-8.85E-1));
#9107=DIRECTION('',(-7.071067811865E-1,-7.071067811865E-1,0.E0));
#9108=DIRECTION('',(-7.071067811865E-1,7.071067811865E-1,0.E0));
#9109=AXIS2_PLACEMENT_3D('',#9106,#9107,#9108);
#9110=PLANE('',#9109);
#9112=ORIENTED_EDGE('',*,*,#9111,.T.);
#9113=ORIENTED_EDGE('',*,*,#9096,.T.);
#9114=ORIENTED_EDGE('',*,*,#9085,.F.);
#9115=ORIENTED_EDGE('',*,*,#9055,.T.);
#9116=ORIENTED_EDGE('',*,*,#4678,.T.);
#9118=ORIENTED_EDGE('',*,*,#9117,.F.);
#9119=EDGE_LOOP('',(#9112,#9113,#9114,#9115,#9116,#9118));
#9120=FACE_OUTER_BOUND('',#9119,.F.);
#9121=ADVANCED_FACE('',(#9120),#9110,.T.);
#9122=CARTESIAN_POINT('',(-4.225E0,-2.225E0,-1.35E0));
#9123=DIRECTION('',(1.E0,0.E0,0.E0));
#9124=DIRECTION('',(0.E0,0.E0,1.E0));
#9125=AXIS2_PLACEMENT_3D('',#9122,#9123,#9124);
#9126=PLANE('',#9125);
#9127=ORIENTED_EDGE('',*,*,#9098,.T.);
#9128=ORIENTED_EDGE('',*,*,#9111,.F.);
#9130=ORIENTED_EDGE('',*,*,#9129,.T.);
#9131=ORIENTED_EDGE('',*,*,#4847,.F.);
#9133=ORIENTED_EDGE('',*,*,#9132,.F.);
#9134=ORIENTED_EDGE('',*,*,#5131,.T.);
#9135=EDGE_LOOP('',(#9127,#9128,#9130,#9131,#9133,#9134));
#9136=FACE_OUTER_BOUND('',#9135,.F.);
#9137=ADVANCED_FACE('',(#9136),#9126,.T.);
#9138=CARTESIAN_POINT('',(-4.135E0,-1.075E0,-1.4E0));
#9139=DIRECTION('',(-7.071067811865E-1,0.E0,-7.071067811865E-1));
#9140=DIRECTION('',(-7.071067811865E-1,0.E0,7.071067811865E-1));
#9141=AXIS2_PLACEMENT_3D('',#9138,#9139,#9140);
#9142=PLANE('',#9141);
#9143=ORIENTED_EDGE('',*,*,#9129,.F.);
#9144=ORIENTED_EDGE('',*,*,#9117,.T.);
#9145=ORIENTED_EDGE('',*,*,#4768,.T.);
#9146=ORIENTED_EDGE('',*,*,#4989,.T.);
#9147=ORIENTED_EDGE('',*,*,#9081,.F.);
#9148=ORIENTED_EDGE('',*,*,#4849,.F.);
#9149=EDGE_LOOP('',(#9143,#9144,#9145,#9146,#9147,#9148));
#9150=FACE_OUTER_BOUND('',#9149,.F.);
#9151=ADVANCED_FACE('',(#9150),#9142,.T.);
#9152=CARTESIAN_POINT('',(-4.675E0,-2.225E0,-1.35E0));
#9153=DIRECTION('',(0.E0,-1.E0,0.E0));
#9154=DIRECTION('',(1.E0,0.E0,0.E0));
#9155=AXIS2_PLACEMENT_3D('',#9152,#9153,#9154);
#9156=CYLINDRICAL_SURFACE('',#9155,4.5E-1);
#9157=ORIENTED_EDGE('',*,*,#5133,.T.);
#9158=ORIENTED_EDGE('',*,*,#9132,.T.);
#9159=ORIENTED_EDGE('',*,*,#4880,.F.);
#9161=ORIENTED_EDGE('',*,*,#9160,.F.);
#9162=EDGE_LOOP('',(#9157,#9158,#9159,#9161));
#9163=FACE_OUTER_BOUND('',#9162,.F.);
#9164=ADVANCED_FACE('',(#9163),#9156,.T.);
#9165=CARTESIAN_POINT('',(-5.7E0,-2.225E0,-1.8E0));
#9166=DIRECTION('',(0.E0,0.E0,-1.E0));
#9167=DIRECTION('',(1.E0,0.E0,0.E0));
#9168=AXIS2_PLACEMENT_3D('',#9165,#9166,#9167);
#9169=PLANE('',#9168);
#9170=ORIENTED_EDGE('',*,*,#5135,.T.);
#9171=ORIENTED_EDGE('',*,*,#9160,.T.);
#9172=ORIENTED_EDGE('',*,*,#4878,.F.);
#9174=ORIENTED_EDGE('',*,*,#9173,.T.);
#9176=ORIENTED_EDGE('',*,*,#9175,.F.);
#9178=ORIENTED_EDGE('',*,*,#9177,.F.);
#9179=EDGE_LOOP('',(#9170,#9171,#9172,#9174,#9176,#9178));
#9180=FACE_OUTER_BOUND('',#9179,.F.);
#9181=ADVANCED_FACE('',(#9180),#9169,.T.);
#9182=CARTESIAN_POINT('',(-5.5E0,-2.5E-2,-1.55E0));
#9183=DIRECTION('',(-7.071067811865E-1,7.071067811865E-1,0.E0));
#9184=DIRECTION('',(0.E0,0.E0,-1.E0));
#9185=AXIS2_PLACEMENT_3D('',#9182,#9183,#9184);
#9186=PLANE('',#9185);
#9187=ORIENTED_EDGE('',*,*,#4876,.F.);
#9189=ORIENTED_EDGE('',*,*,#9188,.T.);
#9191=ORIENTED_EDGE('',*,*,#9190,.T.);
#9192=ORIENTED_EDGE('',*,*,#9173,.F.);
#9193=EDGE_LOOP('',(#9187,#9189,#9191,#9192));
#9194=FACE_OUTER_BOUND('',#9193,.F.);
#9195=ADVANCED_FACE('',(#9194),#9186,.T.);
#9196=CARTESIAN_POINT('',(-4.675E0,-2.225E0,-1.55E0));
#9197=DIRECTION('',(0.E0,0.E0,1.E0));
#9198=DIRECTION('',(-1.E0,0.E0,0.E0));
#9199=AXIS2_PLACEMENT_3D('',#9196,#9197,#9198);
#9200=PLANE('',#9199);
#9201=ORIENTED_EDGE('',*,*,#5139,.T.);
#9203=ORIENTED_EDGE('',*,*,#9202,.T.);
#9205=ORIENTED_EDGE('',*,*,#9204,.T.);
#9206=ORIENTED_EDGE('',*,*,#9188,.F.);
#9207=ORIENTED_EDGE('',*,*,#4874,.F.);
#9209=ORIENTED_EDGE('',*,*,#9208,.F.);
#9210=EDGE_LOOP('',(#9201,#9203,#9205,#9206,#9207,#9209));
#9211=FACE_OUTER_BOUND('',#9210,.F.);
#9212=ADVANCED_FACE('',(#9211),#9200,.T.);
#9213=CARTESIAN_POINT('',(-5.5E0,-2.225E0,-1.55E0));
#9214=DIRECTION('',(7.071067811865E-1,7.071067811865E-1,0.E0));
#9215=DIRECTION('',(0.E0,0.E0,-1.E0));
#9216=AXIS2_PLACEMENT_3D('',#9213,#9214,#9215);
#9217=PLANE('',#9216);
#9218=ORIENTED_EDGE('',*,*,#5137,.T.);
#9219=ORIENTED_EDGE('',*,*,#9177,.T.);
#9221=ORIENTED_EDGE('',*,*,#9220,.F.);
#9222=ORIENTED_EDGE('',*,*,#9202,.F.);
#9223=EDGE_LOOP('',(#9218,#9219,#9221,#9222));
#9224=FACE_OUTER_BOUND('',#9223,.F.);
#9225=ADVANCED_FACE('',(#9224),#9217,.F.);
#9226=CARTESIAN_POINT('',(-5.7E0,-2.225E0,-1.55E0));
#9227=DIRECTION('',(-1.E0,0.E0,0.E0));
#9228=DIRECTION('',(0.E0,0.E0,-1.E0));
#9229=AXIS2_PLACEMENT_3D('',#9226,#9227,#9228);
#9230=PLANE('',#9229);
#9231=ORIENTED_EDGE('',*,*,#9220,.T.);
#9232=ORIENTED_EDGE('',*,*,#9175,.T.);
#9233=ORIENTED_EDGE('',*,*,#9190,.F.);
#9234=ORIENTED_EDGE('',*,*,#9204,.F.);
#9235=EDGE_LOOP('',(#9231,#9232,#9233,#9234));
#9236=FACE_OUTER_BOUND('',#9235,.F.);
#9237=ADVANCED_FACE('',(#9236),#9230,.T.);
#9238=CARTESIAN_POINT('',(-4.675E0,-2.225E0,-1.35E0));
#9239=DIRECTION('',(0.E0,-1.E0,0.E0));
#9240=DIRECTION('',(1.E0,0.E0,0.E0));
#9241=AXIS2_PLACEMENT_3D('',#9238,#9239,#9240);
#9242=CYLINDRICAL_SURFACE('',#9241,2.E-1);
#9243=ORIENTED_EDGE('',*,*,#5141,.T.);
#9244=ORIENTED_EDGE('',*,*,#9208,.T.);
#9245=ORIENTED_EDGE('',*,*,#4872,.F.);
#9246=ORIENTED_EDGE('',*,*,#5063,.F.);
#9247=EDGE_LOOP('',(#9243,#9244,#9245,#9246));
#9248=FACE_OUTER_BOUND('',#9247,.F.);
#9249=ADVANCED_FACE('',(#9248),#9242,.F.);
#9250=CLOSED_SHELL('',(#4418,#4434,#4450,#4466,#4481,#4495,#4510,#4539,#4603,
#4618,#4657,#4690,#4724,#4741,#4757,#4777,#4797,#4841,#4884,#4903,#4921,#4939,
#4955,#4971,#4995,#5019,#5032,#5051,#5071,#5085,#5115,#5145,#5159,#5174,#5188,
#5202,#5222,#5238,#5251,#5263,#5279,#5292,#5310,#5323,#5342,#5360,#5373,#5390,
#5404,#5421,#5434,#5446,#5458,#5473,#5488,#5504,#5518,#5537,#5557,#5570,#5583,
#5596,#5608,#5645,#5661,#5674,#5687,#5699,#5713,#5727,#5741,#5804,#5817,#5829,
#5843,#5857,#5870,#5882,#5896,#5910,#5923,#5935,#5949,#5963,#5976,#5988,#6002,
#6016,#6029,#6041,#6055,#6069,#6082,#6094,#6106,#6124,#6139,#6156,#6178,#6197,
#6213,#6228,#6242,#6257,#6271,#6288,#6316,#6332,#6359,#6376,#6390,#6405,#6419,
#6433,#6447,#6462,#6481,#6495,#6570,#6583,#6595,#6608,#6620,#6661,#6676,#6690,
#6754,#6767,#6780,#6793,#6806,#6819,#6832,#6845,#6858,#6870,#6883,#6895,#6907,
#6920,#6932,#6945,#6958,#6971,#6984,#6997,#7010,#7025,#7039,#7053,#7066,#7081,
#7095,#7109,#7122,#7134,#7149,#7163,#7177,#7190,#7205,#7219,#7233,#7246,#7258,
#7273,#7287,#7301,#7314,#7329,#7343,#7357,#7370,#7382,#7397,#7411,#7425,#7438,
#7453,#7467,#7481,#7494,#7506,#7521,#7535,#7549,#7562,#7577,#7591,#7605,#7618,
#7630,#7646,#7659,#7675,#7688,#7700,#7779,#7791,#7822,#7836,#7866,#7879,#7892,
#7905,#7918,#7931,#7944,#7957,#7970,#7983,#7995,#8026,#8040,#8070,#8083,#8096,
#8109,#8122,#8135,#8148,#8161,#8174,#8187,#8199,#8230,#8244,#8274,#8287,#8300,
#8313,#8326,#8339,#8352,#8365,#8378,#8391,#8403,#8434,#8448,#8478,#8491,#8504,
#8517,#8530,#8543,#8556,#8569,#8582,#8595,#8607,#8638,#8652,#8682,#8695,#8708,
#8721,#8734,#8747,#8760,#8773,#8786,#8799,#8811,#8826,#8840,#8854,#8868,#8882,
#8896,#8909,#8924,#8939,#8960,#8975,#8988,#9004,#9019,#9031,#9045,#9059,#9072,
#9089,#9105,#9121,#9137,#9151,#9164,#9181,#9195,#9212,#9225,#9237,#9249));
#9251=MANIFOLD_SOLID_BREP('',#9250);
#9252=CARTESIAN_POINT('',(0.E0,-1.125E0,-1.E-1));
#9253=DIRECTION('',(0.E0,0.E0,1.E0));
#9254=DIRECTION('',(1.E0,0.E0,0.E0));
#9255=AXIS2_PLACEMENT_3D('CSYS',#9252,#9253,#9254);
#9256=DIRECTION('',(-1.E0,0.E0,0.E0));
#9257=VECTOR('',#9256,8.E-1);
#9258=CARTESIAN_POINT('',(2.9E0,-4.825E0,-1.8E0));
#9259=LINE('',#9258,#9257);
#9262=DIRECTION('',(0.E0,1.E0,0.E0));
#9263=VECTOR('',#9262,1.6E0);
#9264=CARTESIAN_POINT('',(2.1E0,-4.825E0,-1.8E0));
#9265=LINE('',#9264,#9263);
#9268=DIRECTION('',(1.E0,0.E0,0.E0));
#9269=VECTOR('',#9268,8.E-1);
#9270=CARTESIAN_POINT('',(2.1E0,-3.225E0,-1.8E0));
#9271=LINE('',#9270,#9269);
#9274=DIRECTION('',(0.E0,-1.E0,0.E0));
#9275=VECTOR('',#9274,1.6E0);
#9276=CARTESIAN_POINT('',(2.9E0,-3.225E0,-1.8E0));
#9277=LINE('',#9276,#9275);
#9282=DIRECTION('',(-1.E0,0.E0,0.E0));
#9283=VECTOR('',#9282,8.E-1);
#9284=CARTESIAN_POINT('',(1.65E0,-4.825E0,-1.8E0));
#9285=LINE('',#9284,#9283);
#9288=DIRECTION('',(0.E0,1.E0,0.E0));
#9289=VECTOR('',#9288,1.6E0);
#9290=CARTESIAN_POINT('',(8.5E-1,-4.825E0,-1.8E0));
#9291=LINE('',#9290,#9289);
#9294=DIRECTION('',(1.E0,0.E0,0.E0));
#9295=VECTOR('',#9294,8.E-1);
#9296=CARTESIAN_POINT('',(8.5E-1,-3.225E0,-1.8E0));
#9297=LINE('',#9296,#9295);
#9300=DIRECTION('',(0.E0,-1.E0,0.E0));
#9301=VECTOR('',#9300,1.6E0);
#9302=CARTESIAN_POINT('',(1.65E0,-3.225E0,-1.8E0));
#9303=LINE('',#9302,#9301);
#9307=DIRECTION('',(-1.E0,0.E0,0.E0));
#9308=VECTOR('',#9307,8.E-1);
#9309=CARTESIAN_POINT('',(4.E-1,-4.825E0,-1.8E0));
#9310=LINE('',#9309,#9308);
#9313=DIRECTION('',(0.E0,1.E0,0.E0));
#9314=VECTOR('',#9313,1.6E0);
#9315=CARTESIAN_POINT('',(-4.E-1,-4.825E0,-1.8E0));
#9316=LINE('',#9315,#9314);
#9319=DIRECTION('',(1.E0,0.E0,0.E0));
#9320=VECTOR('',#9319,8.E-1);
#9321=CARTESIAN_POINT('',(-4.E-1,-3.225E0,-1.8E0));
#9322=LINE('',#9321,#9320);
#9325=DIRECTION('',(0.E0,-1.E0,0.E0));
#9326=VECTOR('',#9325,1.6E0);
#9327=CARTESIAN_POINT('',(4.E-1,-3.225E0,-1.8E0));
#9328=LINE('',#9327,#9326);
#9332=DIRECTION('',(-1.E0,0.E0,0.E0));
#9333=VECTOR('',#9332,8.E-1);
#9334=CARTESIAN_POINT('',(-8.5E-1,-4.825E0,-1.8E0));
#9335=LINE('',#9334,#9333);
#9338=DIRECTION('',(0.E0,1.E0,0.E0));
#9339=VECTOR('',#9338,1.6E0);
#9340=CARTESIAN_POINT('',(-1.65E0,-4.825E0,-1.8E0));
#9341=LINE('',#9340,#9339);
#9344=DIRECTION('',(1.E0,0.E0,0.E0));
#9345=VECTOR('',#9344,8.E-1);
#9346=CARTESIAN_POINT('',(-1.65E0,-3.225E0,-1.8E0));
#9347=LINE('',#9346,#9345);
#9350=DIRECTION('',(0.E0,-1.E0,0.E0));
#9351=VECTOR('',#9350,1.6E0);
#9352=CARTESIAN_POINT('',(-8.5E-1,-3.225E0,-1.8E0));
#9353=LINE('',#9352,#9351);
#9357=DIRECTION('',(-1.E0,0.E0,0.E0));
#9358=VECTOR('',#9357,8.E-1);
#9359=CARTESIAN_POINT('',(-2.1E0,-4.825E0,-1.8E0));
#9360=LINE('',#9359,#9358);
#9363=DIRECTION('',(0.E0,1.E0,0.E0));
#9364=VECTOR('',#9363,1.6E0);
#9365=CARTESIAN_POINT('',(-2.9E0,-4.825E0,-1.8E0));
#9366=LINE('',#9365,#9364);
#9369=DIRECTION('',(1.E0,0.E0,0.E0));
#9370=VECTOR('',#9369,8.E-1);
#9371=CARTESIAN_POINT('',(-2.9E0,-3.225E0,-1.8E0));
#9372=LINE('',#9371,#9370);
#9375=DIRECTION('',(0.E0,-1.E0,0.E0));
#9376=VECTOR('',#9375,1.6E0);
#9377=CARTESIAN_POINT('',(-2.1E0,-3.225E0,-1.8E0));
#9378=LINE('',#9377,#9376);
#9382=DIRECTION('',(1.E0,0.E0,0.E0));
#9383=VECTOR('',#9382,2.1E0);
#9384=CARTESIAN_POINT('',(4.E0,3.75E-1,-1.8E0));
#9385=LINE('',#9384,#9383);
#9388=DIRECTION('',(0.E0,-1.E0,0.E0));
#9389=VECTOR('',#9388,3.E0);
#9390=CARTESIAN_POINT('',(6.1E0,3.75E-1,-1.8E0));
#9391=LINE('',#9390,#9389);
#9394=DIRECTION('',(-1.E0,0.E0,0.E0));
#9395=VECTOR('',#9394,2.1E0);
#9396=CARTESIAN_POINT('',(6.1E0,-2.625E0,-1.8E0));
#9397=LINE('',#9396,#9395);
#9400=DIRECTION('',(0.E0,1.E0,0.E0));
#9401=VECTOR('',#9400,3.E0);
#9402=CARTESIAN_POINT('',(4.E0,-2.625E0,-1.8E0));
#9403=LINE('',#9402,#9401);
#9407=DIRECTION('',(0.E0,-1.E0,0.E0));
#9408=VECTOR('',#9407,3.E0);
#9409=CARTESIAN_POINT('',(-4.E0,3.75E-1,-1.8E0));
#9410=LINE('',#9409,#9408);
#9413=DIRECTION('',(-1.E0,0.E0,0.E0));
#9414=VECTOR('',#9413,2.1E0);
#9415=CARTESIAN_POINT('',(-4.E0,-2.625E0,-1.8E0));
#9416=LINE('',#9415,#9414);
#9419=DIRECTION('',(0.E0,1.E0,0.E0));
#9420=VECTOR('',#9419,3.E0);
#9421=CARTESIAN_POINT('',(-6.1E0,-2.625E0,-1.8E0));
#9422=LINE('',#9421,#9420);
#9425=DIRECTION('',(1.E0,0.E0,0.E0));
#9426=VECTOR('',#9425,2.1E0);
#9427=CARTESIAN_POINT('',(-6.1E0,3.75E-1,-1.8E0));
#9428=LINE('',#9427,#9426);
#9433=DIMENSIONAL_EXPONENTS(0.E0,0.E0,0.E0,0.E0,0.E0,0.E0,0.E0);
#9435=PLANE_ANGLE_MEASURE_WITH_UNIT(PLANE_ANGLE_MEASURE(1.745329251994E-2),
#9434);
#9436=(CONVERSION_BASED_UNIT('DEGREE',#9435)NAMED_UNIT(*)PLANE_ANGLE_UNIT());
#9438=UNCERTAINTY_MEASURE_WITH_UNIT(LENGTH_MEASURE(1.392926692653E-3),#9432,
'closure',
'Maximum model space distance between geometric entities at asserted connectivities');
#9439=(GEOMETRIC_REPRESENTATION_CONTEXT(3)GLOBAL_UNCERTAINTY_ASSIGNED_CONTEXT((
#9438))GLOBAL_UNIT_ASSIGNED_CONTEXT((#9432,#9436,#9437))REPRESENTATION_CONTEXT(
'ID1','3'));
#9281=GEOMETRIC_SET('',(#9280,#9306,#9331,#9356,#9381,#9406,#9431));
#9443=SHAPE_REPRESENTATION_RELATIONSHIP('','',#9442,#9440);
#9444=SHAPE_REPRESENTATION_RELATIONSHIP('','',#9442,#9441);
#9445=APPLICATION_CONTEXT(
'CONFIGURATION CONTROLLED 3D DESIGNS OF MECHANICAL PARTS AND ASSEMBLIES');
#9446=APPLICATION_PROTOCOL_DEFINITION('international standard',
'config_control_design',1994,#9445);
#9447=DESIGN_CONTEXT('',#9445,'design');
#9448=MECHANICAL_CONTEXT('',#9445,'mechanical');
#9449=PRODUCT('532610571','532610571','NOT SPECIFIED',(#9448));
#9450=PRODUCT_DEFINITION_FORMATION_WITH_SPECIFIED_SOURCE('8','LAST_VERSION',
#9449,.MADE.);
#9454=PRODUCT_CATEGORY('part','');
#9455=PRODUCT_RELATED_PRODUCT_CATEGORY('detail','',(#9449));
#9456=PRODUCT_CATEGORY_RELATIONSHIP('','',#9454,#9455);
#9457=SECURITY_CLASSIFICATION_LEVEL('unclassified');
#9458=SECURITY_CLASSIFICATION('','',#9457);
#9459=CC_DESIGN_SECURITY_CLASSIFICATION(#9458,(#9450));
#9460=APPROVAL_STATUS('approved');
#9461=APPROVAL(#9460,'');
#9462=CC_DESIGN_APPROVAL(#9461,(#9458,#9450,#9451));
#9463=CALENDAR_DATE(119,9,5);
#9464=COORDINATED_UNIVERSAL_TIME_OFFSET(5,30,.AHEAD.);
#9465=LOCAL_TIME(14,57,9.E0,#9464);
#9466=DATE_AND_TIME(#9463,#9465);
#9467=APPROVAL_DATE_TIME(#9466,#9461);
#9468=DATE_TIME_ROLE('creation_date');
#9469=CC_DESIGN_DATE_AND_TIME_ASSIGNMENT(#9466,#9468,(#9451));
#9470=DATE_TIME_ROLE('classification_date');
#9471=CC_DESIGN_DATE_AND_TIME_ASSIGNMENT(#9466,#9470,(#9458));
#9472=PERSON('UNSPECIFIED','UNSPECIFIED',$,$,$,$);
#9473=ORGANIZATION('UNSPECIFIED','UNSPECIFIED','UNSPECIFIED');
#9474=PERSON_AND_ORGANIZATION(#9472,#9473);
#9475=APPROVAL_ROLE('approver');
#9476=APPROVAL_PERSON_ORGANIZATION(#9474,#9461,#9475);
#9477=PERSON_AND_ORGANIZATION_ROLE('creator');
#9478=CC_DESIGN_PERSON_AND_ORGANIZATION_ASSIGNMENT(#9474,#9477,(#9450,#9451));
#9479=PERSON_AND_ORGANIZATION_ROLE('design_supplier');
#9480=CC_DESIGN_PERSON_AND_ORGANIZATION_ASSIGNMENT(#9474,#9479,(#9450));
#9481=PERSON_AND_ORGANIZATION_ROLE('classification_officer');
#9482=CC_DESIGN_PERSON_AND_ORGANIZATION_ASSIGNMENT(#9474,#9481,(#9458));
#9483=PERSON_AND_ORGANIZATION_ROLE('design_owner');
#9484=CC_DESIGN_PERSON_AND_ORGANIZATION_ASSIGNMENT(#9474,#9483,(#9449));
#393=CIRCLE('',#392,4.5E-1);
#406=CIRCLE('',#405,2.E-1);
#419=CIRCLE('',#418,1.E-1);
#432=CIRCLE('',#431,3.5E-1);
#441=CIRCLE('',#440,3.5E-1);
#454=CIRCLE('',#453,1.E-1);
#467=CIRCLE('',#466,2.E-1);
#480=CIRCLE('',#479,4.5E-1);
#509=B_SPLINE_CURVE_WITH_KNOTS('',3,(#505,#506,#507,#508),.UNSPECIFIED.,.F.,.F.,
(4,4),(0.E0,1.E0),.UNSPECIFIED.);
#622=CIRCLE('',#621,1.E-1);
#631=CIRCLE('',#630,2.E-1);
#644=CIRCLE('',#643,4.5E-1);
#653=CIRCLE('',#652,3.5E-1);
#674=CIRCLE('',#673,1.E-1);
#691=CIRCLE('',#690,3.5E-1);
#700=CIRCLE('',#699,4.5E-1);
#713=CIRCLE('',#712,2.E-1);
#2434=CIRCLE('',#2433,2.E-1);
#2467=CIRCLE('',#2466,1.5E-1);
#2484=CIRCLE('',#2483,1.5E-1);
#2517=CIRCLE('',#2516,2.E-1);
#2566=CIRCLE('',#2565,2.E-1);
#2599=CIRCLE('',#2598,1.5E-1);
#2616=CIRCLE('',#2615,1.5E-1);
#2649=CIRCLE('',#2648,2.E-1);
#2698=CIRCLE('',#2697,2.E-1);
#2731=CIRCLE('',#2730,1.5E-1);
#2748=CIRCLE('',#2747,1.5E-1);
#2781=CIRCLE('',#2780,2.E-1);
#2830=CIRCLE('',#2829,2.E-1);
#2863=CIRCLE('',#2862,1.5E-1);
#2880=CIRCLE('',#2879,1.5E-1);
#2913=CIRCLE('',#2912,2.E-1);
#2962=CIRCLE('',#2961,2.E-1);
#2995=CIRCLE('',#2994,1.5E-1);
#3012=CIRCLE('',#3011,1.5E-1);
#3045=CIRCLE('',#3044,2.E-1);
#3258=B_SPLINE_CURVE_WITH_KNOTS('',3,(#3254,#3255,#3256,#3257),.UNSPECIFIED.,
.F.,.F.,(4,4),(0.E0,1.E0),.UNSPECIFIED.);
#4408=EDGE_CURVE('',#4281,#4282,#4,.T.);
#4410=EDGE_CURVE('',#3334,#4282,#8,.T.);
#4412=EDGE_CURVE('',#3334,#3350,#12,.T.);
#4414=EDGE_CURVE('',#3350,#4281,#16,.T.);
#4424=EDGE_CURVE('',#4285,#4286,#20,.T.);
#4426=EDGE_CURVE('',#4285,#3352,#24,.T.);
#4428=EDGE_CURVE('',#3352,#3342,#28,.T.);
#4430=EDGE_CURVE('',#4286,#3342,#32,.T.);
#4440=EDGE_CURVE('',#4289,#4290,#36,.T.);
#4442=EDGE_CURVE('',#4290,#3346,#40,.T.);
#4444=EDGE_CURVE('',#3346,#3354,#44,.T.);
#4446=EDGE_CURVE('',#4289,#3354,#48,.T.);
#4456=EDGE_CURVE('',#4293,#4294,#52,.T.);
#4458=EDGE_CURVE('',#3348,#4293,#56,.T.);
#4460=EDGE_CURVE('',#3348,#3338,#60,.T.);
#4462=EDGE_CURVE('',#3338,#4294,#64,.T.);
#4473=EDGE_CURVE('',#4281,#4304,#68,.T.);
#4475=EDGE_CURVE('',#4304,#4296,#1821,.T.);
#4477=EDGE_CURVE('',#4296,#4282,#1909,.T.);
#4489=EDGE_CURVE('',#3350,#4056,#84,.T.);
#4491=EDGE_CURVE('',#4304,#4056,#1825,.T.);
#4501=EDGE_CURVE('',#4285,#4306,#72,.T.);
#4503=EDGE_CURVE('',#4064,#4306,#1829,.T.);
#4505=EDGE_CURVE('',#3352,#4064,#1421,.T.);
#4516=EDGE_CURVE('',#3569,#3576,#76,.T.);
#4518=EDGE_CURVE('',#4058,#3576,#1017,.T.);
#4520=EDGE_CURVE('',#4058,#4056,#80,.T.);
#4524=EDGE_CURVE('',#3333,#3334,#88,.T.);
#4526=EDGE_CURVE('',#3337,#3333,#92,.T.);
#4528=EDGE_CURVE('',#3337,#3338,#96,.T.);
#4531=EDGE_CURVE('',#3348,#4060,#100,.T.);
#4533=EDGE_CURVE('',#4054,#4060,#104,.T.);
#4535=EDGE_CURVE('',#4054,#3569,#108,.T.);
#4545=EDGE_CURVE('',#3677,#3680,#112,.T.);
#4547=EDGE_CURVE('',#3671,#3680,#116,.T.);
#4549=EDGE_CURVE('',#3671,#3658,#1169,.T.);
#4551=EDGE_CURVE('',#3658,#3661,#120,.T.);
#4553=EDGE_CURVE('',#3661,#3662,#124,.T.);
#4555=EDGE_CURVE('',#3653,#3662,#128,.T.);
#4557=EDGE_CURVE('',#3653,#3642,#1153,.T.);
#4559=EDGE_CURVE('',#3642,#3645,#132,.T.);
#4561=EDGE_CURVE('',#3645,#3646,#136,.T.);
#4563=EDGE_CURVE('',#3637,#3646,#140,.T.);
#4565=EDGE_CURVE('',#3637,#3626,#1137,.T.);
#4567=EDGE_CURVE('',#3626,#3629,#144,.T.);
#4569=EDGE_CURVE('',#3629,#3630,#148,.T.);
#4571=EDGE_CURVE('',#3621,#3630,#152,.T.);
#4573=EDGE_CURVE('',#3621,#3610,#1121,.T.);
#4575=EDGE_CURVE('',#3610,#3613,#156,.T.);
#4577=EDGE_CURVE('',#3613,#3614,#160,.T.);
#4579=EDGE_CURVE('',#3605,#3614,#164,.T.);
#4581=EDGE_CURVE('',#3605,#3594,#1105,.T.);
#4583=EDGE_CURVE('',#3594,#3597,#168,.T.);
#4585=EDGE_CURVE('',#3597,#3598,#172,.T.);
#4587=EDGE_CURVE('',#3589,#3598,#176,.T.);
#4589=EDGE_CURVE('',#3589,#3668,#1089,.T.);
#4591=EDGE_CURVE('',#3668,#3683,#180,.T.);
#4593=EDGE_CURVE('',#3683,#3684,#184,.T.);
#4595=EDGE_CURVE('',#3578,#3684,#1033,.T.);
#4597=EDGE_CURVE('',#3574,#3578,#188,.T.);
#4599=EDGE_CURVE('',#3574,#3677,#192,.T.);
#4609=EDGE_CURVE('',#3569,#3570,#224,.T.);
#4611=EDGE_CURVE('',#3580,#3570,#2313,.T.);
#4613=EDGE_CURVE('',#3576,#3580,#1021,.T.);
#4624=EDGE_CURVE('',#3677,#3678,#212,.T.);
#4627=EDGE_CURVE('',#3574,#3572,#216,.T.);
#4629=EDGE_CURVE('',#3570,#3572,#220,.T.);
#4633=EDGE_CURVE('',#4053,#4054,#228,.T.);
#4635=EDGE_CURVE('',#4053,#3377,#232,.T.);
#4637=EDGE_CURVE('',#3377,#3378,#236,.T.);
#4639=EDGE_CURVE('',#3365,#3378,#240,.T.);
#4641=EDGE_CURVE('',#3365,#3674,#1181,.T.);
#4643=EDGE_CURVE('',#3674,#3678,#244,.T.);
#4647=EDGE_CURVE('',#3421,#3422,#196,.T.);
#4649=EDGE_CURVE('',#3424,#3422,#200,.T.);
#4651=EDGE_CURVE('',#3426,#3424,#204,.T.);
#4653=EDGE_CURVE('',#3426,#3421,#208,.T.);
#4663=EDGE_CURVE('',#4194,#4196,#248,.T.);
#4665=EDGE_CURVE('',#3418,#4194,#252,.T.);
#4667=EDGE_CURVE('',#3416,#3418,#256,.T.);
#4669=EDGE_CURVE('',#3414,#3416,#260,.T.);
#4671=EDGE_CURVE('',#3413,#3414,#264,.T.);
#4673=EDGE_CURVE('',#3422,#3413,#268,.T.);
#4676=EDGE_CURVE('',#4220,#3421,#272,.T.);
#4678=EDGE_CURVE('',#4218,#4220,#276,.T.);
#4680=EDGE_CURVE('',#4212,#4218,#280,.T.);
#4682=EDGE_CURVE('',#4210,#4212,#284,.T.);
#4684=EDGE_CURVE('',#4202,#4210,#288,.T.);
#4686=EDGE_CURVE('',#4196,#4202,#292,.T.);
#4696=EDGE_CURVE('',#4230,#4225,#296,.T.);
#4698=EDGE_CURVE('',#4250,#4230,#300,.T.);
#4700=EDGE_CURVE('',#4244,#4250,#304,.T.);
#4702=EDGE_CURVE('',#4242,#4244,#308,.T.);
#4704=EDGE_CURVE('',#4236,#4242,#312,.T.);
#4706=EDGE_CURVE('',#4234,#4236,#316,.T.);
#4708=EDGE_CURVE('',#3429,#4234,#320,.T.);
#4710=EDGE_CURVE('',#3429,#3430,#981,.T.);
#4712=EDGE_CURVE('',#3410,#3430,#324,.T.);
#4714=EDGE_CURVE('',#3408,#3410,#328,.T.);
#4716=EDGE_CURVE('',#3406,#3408,#332,.T.);
#4718=EDGE_CURVE('',#3405,#3406,#336,.T.);
#4720=EDGE_CURVE('',#4225,#3405,#340,.T.);
#4730=EDGE_CURVE('',#4193,#4194,#348,.T.);
#4733=EDGE_CURVE('',#4196,#4270,#3209,.T.);
#4735=EDGE_CURVE('',#4270,#4198,#344,.T.);
#4737=EDGE_CURVE('',#4193,#4198,#356,.T.);
#4748=EDGE_CURVE('',#3402,#4193,#368,.T.);
#4750=EDGE_CURVE('',#3400,#3402,#937,.T.);
#4752=EDGE_CURVE('',#3400,#3418,#352,.T.);
#4764=EDGE_CURVE('',#4200,#4198,#360,.T.);
#4766=EDGE_CURVE('',#4222,#4200,#557,.T.);
#4768=EDGE_CURVE('',#4220,#4222,#364,.T.);
#4772=EDGE_CURVE('',#3402,#3426,#941,.T.);
#4783=EDGE_CURVE('',#4330,#4313,#372,.T.);
#4785=EDGE_CURVE('',#4257,#4313,#593,.T.);
#4787=EDGE_CURVE('',#4257,#4200,#376,.T.);
#4791=EDGE_CURVE('',#4328,#4270,#380,.T.);
#4793=EDGE_CURVE('',#4328,#4330,#384,.T.);
#4803=EDGE_CURVE('',#4100,#3495,#388,.T.);
#4805=EDGE_CURVE('',#3495,#3496,#393,.T.);
#4807=EDGE_CURVE('',#3496,#4069,#397,.T.);
#4809=EDGE_CURVE('',#4069,#4070,#849,.T.);
#4811=EDGE_CURVE('',#4070,#3537,#401,.T.);
#4813=EDGE_CURVE('',#3537,#3538,#406,.T.);
#4815=EDGE_CURVE('',#3538,#4332,#410,.T.);
#4817=EDGE_CURVE('',#4332,#4322,#821,.T.);
#4819=EDGE_CURVE('',#4321,#4322,#809,.T.);
#4821=EDGE_CURVE('',#4321,#4338,#793,.T.);
#4823=EDGE_CURVE('',#4338,#3533,#414,.T.);
#4825=EDGE_CURVE('',#3533,#3534,#419,.T.);
#4827=EDGE_CURVE('',#3534,#3562,#423,.T.);
#4829=EDGE_CURVE('',#3562,#4190,#753,.T.);
#4831=EDGE_CURVE('',#4190,#3498,#427,.T.);
#4833=EDGE_CURVE('',#3498,#3501,#432,.T.);
#4835=EDGE_CURVE('',#4318,#3501,#504,.T.);
#4837=EDGE_CURVE('',#4100,#4318,#525,.T.);
#4847=EDGE_CURVE('',#3546,#4102,#436,.T.);
#4849=EDGE_CURVE('',#4102,#4316,#3278,.T.);
#4851=EDGE_CURVE('',#4316,#3559,#3233,.T.);
#4853=EDGE_CURVE('',#3559,#3552,#441,.T.);
#4855=EDGE_CURVE('',#3552,#4188,#445,.T.);
#4857=EDGE_CURVE('',#3556,#4188,#3153,.T.);
#4859=EDGE_CURVE('',#3556,#3549,#449,.T.);
#4861=EDGE_CURVE('',#3549,#3550,#454,.T.);
#4863=EDGE_CURVE('',#3550,#4324,#458,.T.);
#4865=EDGE_CURVE('',#4324,#4314,#597,.T.);
#4867=EDGE_CURVE('',#4313,#4314,#585,.T.);
#4870=EDGE_CURVE('',#4330,#3541,#462,.T.);
#4872=EDGE_CURVE('',#3541,#3542,#467,.T.);
#4874=EDGE_CURVE('',#3542,#4085,#471,.T.);
#4876=EDGE_CURVE('',#4085,#4086,#3290,.T.);
#4878=EDGE_CURVE('',#4086,#3545,#475,.T.);
#4880=EDGE_CURVE('',#3545,#3546,#480,.T.);
#4890=EDGE_CURVE('',#3484,#3508,#484,.T.);
#4892=EDGE_CURVE('',#3484,#3486,#648,.T.);
#4894=EDGE_CURVE('',#3486,#3495,#889,.T.);
#4897=EDGE_CURVE('',#4100,#4278,#521,.T.);
#4899=EDGE_CURVE('',#3508,#4278,#513,.T.);
#4909=EDGE_CURVE('',#3501,#3502,#492,.T.);
#4912=EDGE_CURVE('',#3482,#3498,#488,.T.);
#4914=EDGE_CURVE('',#3482,#3484,#653,.T.);
#4917=EDGE_CURVE('',#3502,#3508,#509,.T.);
#4928=EDGE_CURVE('',#3502,#4239,#496,.T.);
#4930=EDGE_CURVE('',#4239,#3471,#773,.T.);
#4932=EDGE_CURVE('',#4262,#3471,#565,.T.);
#4934=EDGE_CURVE('',#4262,#4318,#500,.T.);
#4947=EDGE_CURVE('',#4278,#4234,#533,.T.);
#4950=EDGE_CURVE('',#4239,#4236,#517,.T.);
#4964=EDGE_CURVE('',#4262,#4233,#529,.T.);
#4966=EDGE_CURVE('',#4233,#4234,#1041,.T.);
#4977=EDGE_CURVE('',#4257,#4258,#537,.T.);
#4979=EDGE_CURVE('',#4206,#4258,#609,.T.);
#4981=EDGE_CURVE('',#4206,#3465,#541,.T.);
#4983=EDGE_CURVE('',#3465,#3466,#545,.T.);
#4985=EDGE_CURVE('',#3466,#3468,#549,.T.);
#4987=EDGE_CURVE('',#3468,#4260,#553,.T.);
#4989=EDGE_CURVE('',#4222,#4260,#3274,.T.);
#5001=EDGE_CURVE('',#4254,#4233,#561,.T.);
#5005=EDGE_CURVE('',#3471,#3472,#569,.T.);
#5007=EDGE_CURVE('',#3472,#3474,#573,.T.);
#5009=EDGE_CURVE('',#3474,#4252,#577,.T.);
#5011=EDGE_CURVE('',#4265,#4252,#797,.T.);
#5013=EDGE_CURVE('',#4265,#4266,#581,.T.);
#5015=EDGE_CURVE('',#4254,#4266,#833,.T.);
#5026=EDGE_CURVE('',#4314,#4258,#589,.T.);
#5039=EDGE_CURVE('',#4326,#4324,#601,.T.);
#5041=EDGE_CURVE('',#4268,#4326,#3213,.T.);
#5043=EDGE_CURVE('',#4205,#4268,#605,.T.);
#5045=EDGE_CURVE('',#4205,#4206,#3197,.T.);
#5059=EDGE_CURVE('',#3513,#3550,#613,.T.);
#5061=EDGE_CURVE('',#3513,#3514,#669,.T.);
#5063=EDGE_CURVE('',#3514,#3541,#3330,.T.);
#5067=EDGE_CURVE('',#4326,#4328,#3205,.T.);
#5077=EDGE_CURVE('',#3530,#3513,#674,.T.);
#5081=EDGE_CURVE('',#3530,#3549,#617,.T.);
#5091=EDGE_CURVE('',#3492,#3477,#622,.T.);
#5093=EDGE_CURVE('',#3491,#3492,#626,.T.);
#5095=EDGE_CURVE('',#3510,#3491,#631,.T.);
#5097=EDGE_CURVE('',#4078,#3510,#635,.T.);
#5099=EDGE_CURVE('',#4077,#4078,#869,.T.);
#5101=EDGE_CURVE('',#3488,#4077,#639,.T.);
#5103=EDGE_CURVE('',#3486,#3488,#644,.T.);
#5107=EDGE_CURVE('',#3480,#3482,#657,.T.);
#5109=EDGE_CURVE('',#3478,#3480,#661,.T.);
#5111=EDGE_CURVE('',#3477,#3478,#665,.T.);
#5123=EDGE_CURVE('',#3528,#3530,#678,.T.);
#5125=EDGE_CURVE('',#3526,#3528,#682,.T.);
#5127=EDGE_CURVE('',#3524,#3526,#686,.T.);
#5129=EDGE_CURVE('',#3522,#3524,#691,.T.);
#5131=EDGE_CURVE('',#3520,#3522,#695,.T.);
#5133=EDGE_CURVE('',#3519,#3520,#700,.T.);
#5135=EDGE_CURVE('',#4094,#3519,#704,.T.);
#5137=EDGE_CURVE('',#4093,#4094,#3310,.T.);
#5139=EDGE_CURVE('',#3516,#4093,#708,.T.);
#5141=EDGE_CURVE('',#3514,#3516,#713,.T.);
#5152=EDGE_CURVE('',#3477,#3534,#721,.T.);
#5155=EDGE_CURVE('',#3492,#3533,#717,.T.);
#5165=EDGE_CURVE('',#3478,#3504,#725,.T.);
#5167=EDGE_CURVE('',#3504,#3562,#733,.T.);
#5182=EDGE_CURVE('',#3480,#3506,#729,.T.);
#5184=EDGE_CURVE('',#3504,#3506,#757,.T.);
#5198=EDGE_CURVE('',#3506,#4190,#749,.T.);
#5209=EDGE_CURVE('',#3504,#4247,#737,.T.);
#5211=EDGE_CURVE('',#4247,#3474,#789,.T.);
#5214=EDGE_CURVE('',#4240,#3472,#741,.T.);
#5216=EDGE_CURVE('',#4240,#3506,#745,.T.);
#5230=EDGE_CURVE('',#4240,#4242,#765,.T.);
#5233=EDGE_CURVE('',#4247,#4244,#761,.T.);
#5244=EDGE_CURVE('',#4239,#4240,#769,.T.);
#5269=EDGE_CURVE('',#4247,#4248,#781,.T.);
#5273=EDGE_CURVE('',#4250,#4272,#897,.T.);
#5275=EDGE_CURVE('',#4272,#4248,#777,.T.);
#5286=EDGE_CURVE('',#4248,#4252,#785,.T.);
#5299=EDGE_CURVE('',#4321,#4265,#817,.T.);
#5304=EDGE_CURVE('',#4336,#4272,#801,.T.);
#5306=EDGE_CURVE('',#4336,#4338,#805,.T.);
#5317=EDGE_CURVE('',#4322,#4266,#813,.T.);
#5330=EDGE_CURVE('',#4334,#4332,#825,.T.);
#5332=EDGE_CURVE('',#4334,#4274,#901,.T.);
#5334=EDGE_CURVE('',#4228,#4274,#829,.T.);
#5336=EDGE_CURVE('',#4228,#4254,#1045,.T.);
#5350=EDGE_CURVE('',#3491,#3538,#837,.T.);
#5356=EDGE_CURVE('',#4336,#4334,#893,.T.);
#5369=EDGE_CURVE('',#3510,#3537,#841,.T.);
#5382=EDGE_CURVE('',#4070,#4074,#861,.T.);
#5384=EDGE_CURVE('',#4082,#4074,#845,.T.);
#5386=EDGE_CURVE('',#4078,#4082,#873,.T.);
#5397=EDGE_CURVE('',#4069,#4073,#853,.T.);
#5399=EDGE_CURVE('',#4073,#4074,#857,.T.);
#5411=EDGE_CURVE('',#4077,#4081,#881,.T.);
#5413=EDGE_CURVE('',#4081,#4073,#885,.T.);
#5417=EDGE_CURVE('',#3488,#3496,#865,.T.);
#5429=EDGE_CURVE('',#4081,#4082,#877,.T.);
#5468=EDGE_CURVE('',#4274,#4230,#905,.T.);
#5479=EDGE_CURVE('',#4225,#4226,#909,.T.);
#5481=EDGE_CURVE('',#4228,#4226,#1037,.T.);
#5496=EDGE_CURVE('',#3386,#3405,#917,.T.);
#5498=EDGE_CURVE('',#3385,#3386,#949,.T.);
#5500=EDGE_CURVE('',#3385,#4226,#913,.T.);
#5510=EDGE_CURVE('',#3386,#3388,#953,.T.);
#5514=EDGE_CURVE('',#3388,#3406,#1057,.T.);
#5525=EDGE_CURVE('',#3424,#3395,#921,.T.);
#5527=EDGE_CURVE('',#3395,#3396,#925,.T.);
#5529=EDGE_CURVE('',#3396,#3398,#929,.T.);
#5531=EDGE_CURVE('',#3398,#3400,#933,.T.);
#5543=EDGE_CURVE('',#3432,#3434,#989,.T.);
#5545=EDGE_CURVE('',#3432,#3385,#945,.T.);
#5549=EDGE_CURVE('',#3388,#3390,#957,.T.);
#5551=EDGE_CURVE('',#3390,#3392,#961,.T.);
#5553=EDGE_CURVE('',#3392,#3434,#965,.T.);
#5565=EDGE_CURVE('',#3395,#3413,#969,.T.);
#5579=EDGE_CURVE('',#3396,#3414,#973,.T.);
#5592=EDGE_CURVE('',#3398,#3416,#977,.T.);
#5614=EDGE_CURVE('',#3684,#3686,#997,.T.);
#5616=EDGE_CURVE('',#3665,#3686,#1001,.T.);
#5618=EDGE_CURVE('',#3665,#3374,#1205,.T.);
#5620=EDGE_CURVE('',#3374,#3382,#1005,.T.);
#5622=EDGE_CURVE('',#3381,#3382,#1009,.T.);
#5624=EDGE_CURVE('',#4062,#3381,#1429,.T.);
#5626=EDGE_CURVE('',#4058,#4062,#1013,.T.);
#5630=EDGE_CURVE('',#3580,#3582,#1025,.T.);
#5632=EDGE_CURVE('',#3578,#3582,#1029,.T.);
#5638=EDGE_CURVE('',#3432,#3429,#985,.T.);
#5641=EDGE_CURVE('',#3434,#3430,#993,.T.);
#5669=EDGE_CURVE('',#3392,#3410,#1049,.T.);
#5681=EDGE_CURVE('',#3390,#3408,#1053,.T.);
#5706=EDGE_CURVE('',#3690,#3678,#1061,.T.);
#5708=EDGE_CURVE('',#3680,#3690,#1065,.T.);
#5720=EDGE_CURVE('',#3688,#3683,#1069,.T.);
#5722=EDGE_CURVE('',#3686,#3688,#1073,.T.);
#5733=EDGE_CURVE('',#3674,#3672,#1177,.T.);
#5735=EDGE_CURVE('',#3672,#3690,#1077,.T.);
#5747=EDGE_CURVE('',#3665,#3666,#1081,.T.);
#5749=EDGE_CURVE('',#3668,#3666,#1085,.T.);
#5752=EDGE_CURVE('',#3589,#3590,#1093,.T.);
#5754=EDGE_CURVE('',#3590,#3592,#1097,.T.);
#5756=EDGE_CURVE('',#3594,#3592,#1101,.T.);
#5759=EDGE_CURVE('',#3605,#3606,#1109,.T.);
#5761=EDGE_CURVE('',#3606,#3608,#1113,.T.);
#5763=EDGE_CURVE('',#3610,#3608,#1117,.T.);
#5766=EDGE_CURVE('',#3621,#3622,#1125,.T.);
#5768=EDGE_CURVE('',#3622,#3624,#1129,.T.);
#5770=EDGE_CURVE('',#3626,#3624,#1133,.T.);
#5773=EDGE_CURVE('',#3637,#3638,#1141,.T.);
#5775=EDGE_CURVE('',#3638,#3640,#1145,.T.);
#5777=EDGE_CURVE('',#3642,#3640,#1149,.T.);
#5780=EDGE_CURVE('',#3653,#3654,#1157,.T.);
#5782=EDGE_CURVE('',#3654,#3656,#1161,.T.);
#5784=EDGE_CURVE('',#3658,#3656,#1165,.T.);
#5787=EDGE_CURVE('',#3671,#3672,#1173,.T.);
#5791=EDGE_CURVE('',#3365,#3366,#1185,.T.);
#5793=EDGE_CURVE('',#3366,#3368,#1189,.T.);
#5795=EDGE_CURVE('',#3368,#3370,#1193,.T.);
#5797=EDGE_CURVE('',#3370,#3372,#1197,.T.);
#5799=EDGE_CURVE('',#3374,#3372,#1201,.T.);
#5813=EDGE_CURVE('',#3666,#3688,#1209,.T.);
#5837=EDGE_CURVE('',#3598,#3585,#1221,.T.);
#5839=EDGE_CURVE('',#3590,#3585,#1229,.T.);
#5850=EDGE_CURVE('',#3586,#3597,#1213,.T.);
#5852=EDGE_CURVE('',#3585,#3586,#1217,.T.);
#5864=EDGE_CURVE('',#3592,#3586,#1225,.T.);
#5890=EDGE_CURVE('',#3614,#3601,#1241,.T.);
#5892=EDGE_CURVE('',#3606,#3601,#1249,.T.);
#5903=EDGE_CURVE('',#3602,#3613,#1233,.T.);
#5905=EDGE_CURVE('',#3601,#3602,#1237,.T.);
#5917=EDGE_CURVE('',#3608,#3602,#1245,.T.);
#5943=EDGE_CURVE('',#3630,#3617,#1261,.T.);
#5945=EDGE_CURVE('',#3622,#3617,#1269,.T.);
#5956=EDGE_CURVE('',#3618,#3629,#1253,.T.);
#5958=EDGE_CURVE('',#3617,#3618,#1257,.T.);
#5970=EDGE_CURVE('',#3624,#3618,#1265,.T.);
#5996=EDGE_CURVE('',#3646,#3633,#1281,.T.);
#5998=EDGE_CURVE('',#3638,#3633,#1289,.T.);
#6009=EDGE_CURVE('',#3634,#3645,#1273,.T.);
#6011=EDGE_CURVE('',#3633,#3634,#1277,.T.);
#6023=EDGE_CURVE('',#3640,#3634,#1285,.T.);
#6049=EDGE_CURVE('',#3662,#3649,#1301,.T.);
#6051=EDGE_CURVE('',#3654,#3649,#1309,.T.);
#6062=EDGE_CURVE('',#3650,#3661,#1293,.T.);
#6064=EDGE_CURVE('',#3649,#3650,#1297,.T.);
#6076=EDGE_CURVE('',#3656,#3650,#1305,.T.);
#6112=EDGE_CURVE('',#4352,#4350,#1313,.T.);
#6114=EDGE_CURVE('',#3366,#4350,#1329,.T.);
#6118=EDGE_CURVE('',#3378,#4356,#1401,.T.);
#6120=EDGE_CURVE('',#4352,#4356,#1317,.T.);
#6130=EDGE_CURVE('',#4349,#4350,#1333,.T.);
#6133=EDGE_CURVE('',#4352,#4354,#1321,.T.);
#6135=EDGE_CURVE('',#4354,#4349,#1337,.T.);
#6145=EDGE_CURVE('',#4349,#4363,#1325,.T.);
#6147=EDGE_CURVE('',#4359,#4363,#2305,.T.);
#6149=EDGE_CURVE('',#3368,#4359,#2301,.T.);
#6163=EDGE_CURVE('',#4354,#3361,#1341,.T.);
#6165=EDGE_CURVE('',#3361,#3362,#1585,.T.);
#6167=EDGE_CURVE('',#4372,#3362,#1557,.T.);
#6169=EDGE_CURVE('',#4370,#4372,#1345,.T.);
#6171=EDGE_CURVE('',#4364,#4370,#2289,.T.);
#6173=EDGE_CURVE('',#4363,#4364,#1349,.T.);
#6184=EDGE_CURVE('',#3453,#3454,#1353,.T.);
#6186=EDGE_CURVE('',#3453,#3361,#1589,.T.);
#6191=EDGE_CURVE('',#3438,#4356,#1357,.T.);
#6193=EDGE_CURVE('',#3454,#3438,#1377,.T.);
#6203=EDGE_CURVE('',#3457,#3458,#1361,.T.);
#6205=EDGE_CURVE('',#4341,#3458,#1397,.T.);
#6207=EDGE_CURVE('',#4341,#3358,#1365,.T.);
#6209=EDGE_CURVE('',#3358,#3457,#1605,.T.);
#6220=EDGE_CURVE('',#3450,#3454,#1373,.T.);
#6222=EDGE_CURVE('',#3450,#3446,#1369,.T.);
#6224=EDGE_CURVE('',#3446,#3453,#1593,.T.);
#6236=EDGE_CURVE('',#3437,#3438,#1381,.T.);
#6238=EDGE_CURVE('',#3437,#3450,#1385,.T.);
#6248=EDGE_CURVE('',#3449,#3458,#1389,.T.);
#6250=EDGE_CURVE('',#3449,#4342,#1393,.T.);
#6252=EDGE_CURVE('',#4341,#4342,#1513,.T.);
#6265=EDGE_CURVE('',#3437,#3377,#1473,.T.);
#6277=EDGE_CURVE('',#4374,#3382,#1405,.T.);
#6279=EDGE_CURVE('',#3442,#4374,#1553,.T.);
#6281=EDGE_CURVE('',#3441,#3442,#1537,.T.);
#6283=EDGE_CURVE('',#3381,#3441,#1433,.T.);
#6294=EDGE_CURVE('',#4105,#4106,#1409,.T.);
#6296=EDGE_CURVE('',#4106,#3341,#1413,.T.);
#6298=EDGE_CURVE('',#3341,#3342,#1417,.T.);
#6302=EDGE_CURVE('',#4062,#4064,#1425,.T.);
#6306=EDGE_CURVE('',#4181,#3441,#1533,.T.);
#6308=EDGE_CURVE('',#4181,#4182,#1437,.T.);
#6310=EDGE_CURVE('',#4345,#4182,#1525,.T.);
#6312=EDGE_CURVE('',#4105,#4345,#1441,.T.);
#6322=EDGE_CURVE('',#4141,#4142,#1445,.T.);
#6324=EDGE_CURVE('',#4142,#4110,#1449,.T.);
#6326=EDGE_CURVE('',#4109,#4110,#1453,.T.);
#6328=EDGE_CURVE('',#4141,#4109,#1457,.T.);
#6338=EDGE_CURVE('',#4145,#4146,#1461,.T.);
#6340=EDGE_CURVE('',#4342,#4145,#1465,.T.);
#6343=EDGE_CURVE('',#3449,#3450,#1469,.T.);
#6348=EDGE_CURVE('',#4053,#4066,#1477,.T.);
#6350=EDGE_CURVE('',#3354,#4066,#1481,.T.);
#6353=EDGE_CURVE('',#3345,#3346,#1485,.T.);
#6355=EDGE_CURVE('',#3345,#4146,#1489,.T.);
#6366=EDGE_CURVE('',#4105,#4125,#1493,.T.);
#6368=EDGE_CURVE('',#4125,#4126,#1733,.T.);
#6370=EDGE_CURVE('',#4112,#4126,#1925,.T.);
#6372=EDGE_CURVE('',#4106,#4112,#1837,.T.);
#6384=EDGE_CURVE('',#4345,#4346,#1497,.T.);
#6386=EDGE_CURVE('',#4125,#4346,#1737,.T.);
#6396=EDGE_CURVE('',#4141,#4161,#1501,.T.);
#6399=EDGE_CURVE('',#4109,#4138,#1505,.T.);
#6401=EDGE_CURVE('',#4161,#4138,#1705,.T.);
#6411=EDGE_CURVE('',#4145,#4174,#1509,.T.);
#6413=EDGE_CURVE('',#4341,#4174,#1745,.T.);
#6425=EDGE_CURVE('',#4182,#4184,#1517,.T.);
#6427=EDGE_CURVE('',#4184,#4346,#1521,.T.);
#6439=EDGE_CURVE('',#4181,#4186,#1529,.T.);
#6443=EDGE_CURVE('',#3442,#4186,#1541,.T.);
#6453=EDGE_CURVE('',#3462,#4184,#1561,.T.);
#6456=EDGE_CURVE('',#4182,#4178,#1545,.T.);
#6458=EDGE_CURVE('',#4178,#3462,#1569,.T.);
#6468=EDGE_CURVE('',#3362,#3460,#1581,.T.);
#6470=EDGE_CURVE('',#3460,#4186,#1549,.T.);
#6474=EDGE_CURVE('',#4368,#4374,#2273,.T.);
#6476=EDGE_CURVE('',#4372,#4368,#2281,.T.);
#6487=EDGE_CURVE('',#3462,#3357,#1565,.T.);
#6489=EDGE_CURVE('',#4346,#3357,#1741,.T.);
#6503=EDGE_CURVE('',#4177,#4178,#1573,.T.);
#6505=EDGE_CURVE('',#3460,#4177,#1577,.T.);
#6511=EDGE_CURVE('',#3445,#3446,#1597,.T.);
#6513=EDGE_CURVE('',#3457,#3445,#1601,.T.);
#6516=EDGE_CURVE('',#3357,#3358,#1609,.T.);
#6520=EDGE_CURVE('',#3709,#3710,#1613,.T.);
#6522=EDGE_CURVE('',#3710,#3712,#1617,.T.);
#6524=EDGE_CURVE('',#3712,#3714,#1621,.T.);
#6526=EDGE_CURVE('',#3714,#3709,#1625,.T.);
#6530=EDGE_CURVE('',#3781,#3782,#1629,.T.);
#6532=EDGE_CURVE('',#3782,#3784,#1633,.T.);
#6534=EDGE_CURVE('',#3784,#3786,#1637,.T.);
#6536=EDGE_CURVE('',#3786,#3781,#1641,.T.);
#6540=EDGE_CURVE('',#3805,#3806,#1645,.T.);
#6542=EDGE_CURVE('',#3806,#3808,#1649,.T.);
#6544=EDGE_CURVE('',#3808,#3810,#1653,.T.);
#6546=EDGE_CURVE('',#3810,#3805,#1657,.T.);
#6550=EDGE_CURVE('',#3829,#3830,#1661,.T.);
#6552=EDGE_CURVE('',#3830,#3832,#1665,.T.);
#6554=EDGE_CURVE('',#3832,#3834,#1669,.T.);
#6556=EDGE_CURVE('',#3834,#3829,#1673,.T.);
#6560=EDGE_CURVE('',#3853,#3854,#1677,.T.);
#6562=EDGE_CURVE('',#3854,#3856,#1681,.T.);
#6564=EDGE_CURVE('',#3856,#3858,#1685,.T.);
#6566=EDGE_CURVE('',#3858,#3853,#1689,.T.);
#6577=EDGE_CURVE('',#4181,#4177,#1693,.T.);
#6602=EDGE_CURVE('',#3449,#3445,#1697,.T.);
#6626=EDGE_CURVE('',#4161,#4162,#1701,.T.);
#6629=EDGE_CURVE('',#4138,#4136,#1709,.T.);
#6631=EDGE_CURVE('',#4134,#4136,#1713,.T.);
#6633=EDGE_CURVE('',#4132,#4134,#1717,.T.);
#6635=EDGE_CURVE('',#4130,#4132,#1721,.T.);
#6637=EDGE_CURVE('',#4128,#4130,#1725,.T.);
#6639=EDGE_CURVE('',#4126,#4128,#1729,.T.);
#6647=EDGE_CURVE('',#4174,#4172,#1749,.T.);
#6649=EDGE_CURVE('',#4170,#4172,#1753,.T.);
#6651=EDGE_CURVE('',#4168,#4170,#1757,.T.);
#6653=EDGE_CURVE('',#4166,#4168,#1761,.T.);
#6655=EDGE_CURVE('',#4164,#4166,#1765,.T.);
#6657=EDGE_CURVE('',#4162,#4164,#1769,.T.);
#6670=EDGE_CURVE('',#4148,#4162,#1773,.T.);
#6672=EDGE_CURVE('',#4142,#4148,#1777,.T.);
#6682=EDGE_CURVE('',#4148,#4150,#1781,.T.);
#6686=EDGE_CURVE('',#4150,#4164,#1865,.T.);
#6698=EDGE_CURVE('',#4150,#4152,#1785,.T.);
#6700=EDGE_CURVE('',#4152,#4154,#1789,.T.);
#6702=EDGE_CURVE('',#4154,#4156,#1793,.T.);
#6704=EDGE_CURVE('',#4156,#4158,#1797,.T.);
#6706=EDGE_CURVE('',#4146,#4158,#1801,.T.);
#6709=EDGE_CURVE('',#3345,#4300,#1805,.T.);
#6711=EDGE_CURVE('',#4308,#4300,#1809,.T.);
#6713=EDGE_CURVE('',#4066,#4308,#1897,.T.);
#6718=EDGE_CURVE('',#4310,#4060,#1905,.T.);
#6720=EDGE_CURVE('',#4302,#4310,#1813,.T.);
#6722=EDGE_CURVE('',#4302,#3337,#1817,.T.);
#6725=EDGE_CURVE('',#4296,#3333,#1913,.T.);
#6733=EDGE_CURVE('',#4298,#4306,#1833,.T.);
#6735=EDGE_CURVE('',#3341,#4298,#1921,.T.);
#6739=EDGE_CURVE('',#4112,#4114,#1841,.T.);
#6741=EDGE_CURVE('',#4114,#4116,#1845,.T.);
#6743=EDGE_CURVE('',#4116,#4118,#1849,.T.);
#6745=EDGE_CURVE('',#4118,#4120,#1853,.T.);
#6747=EDGE_CURVE('',#4120,#4122,#1857,.T.);
#6749=EDGE_CURVE('',#4110,#4122,#1861,.T.);
#6763=EDGE_CURVE('',#4152,#4166,#1869,.T.);
#6776=EDGE_CURVE('',#4154,#4168,#1873,.T.);
#6789=EDGE_CURVE('',#4156,#4170,#1877,.T.);
#6802=EDGE_CURVE('',#4158,#4172,#1881,.T.);
#6825=EDGE_CURVE('',#4290,#4300,#1885,.T.);
#6838=EDGE_CURVE('',#4294,#4302,#1889,.T.);
#6852=EDGE_CURVE('',#4308,#4289,#1893,.T.);
#6876=EDGE_CURVE('',#4310,#4293,#1901,.T.);
#6913=EDGE_CURVE('',#4298,#4286,#1917,.T.);
#6941=EDGE_CURVE('',#4114,#4128,#1929,.T.);
#6954=EDGE_CURVE('',#4116,#4130,#1933,.T.);
#6967=EDGE_CURVE('',#4118,#4132,#1937,.T.);
#6980=EDGE_CURVE('',#4120,#4134,#1941,.T.);
#6993=EDGE_CURVE('',#4122,#4136,#1945,.T.);
#7017=EDGE_CURVE('',#3709,#3693,#1949,.T.);
#7019=EDGE_CURVE('',#3693,#3694,#1973,.T.);
#7021=EDGE_CURVE('',#3710,#3694,#1961,.T.);
#7032=EDGE_CURVE('',#3714,#3698,#1953,.T.);
#7034=EDGE_CURVE('',#3698,#3693,#1981,.T.);
#7046=EDGE_CURVE('',#3712,#3696,#1957,.T.);
#7048=EDGE_CURVE('',#3696,#3698,#1989,.T.);
#7061=EDGE_CURVE('',#3694,#3696,#1965,.T.);
#7073=EDGE_CURVE('',#3694,#3702,#1969,.T.);
#7075=EDGE_CURVE('',#3702,#3704,#2009,.T.);
#7077=EDGE_CURVE('',#3696,#3704,#1993,.T.);
#7088=EDGE_CURVE('',#3693,#3701,#1977,.T.);
#7090=EDGE_CURVE('',#3701,#3702,#1997,.T.);
#7102=EDGE_CURVE('',#3698,#3706,#1985,.T.);
#7104=EDGE_CURVE('',#3706,#3701,#2001,.T.);
#7117=EDGE_CURVE('',#3704,#3706,#2005,.T.);
#7141=EDGE_CURVE('',#3781,#3765,#2013,.T.);
#7143=EDGE_CURVE('',#3765,#3766,#2037,.T.);
#7145=EDGE_CURVE('',#3782,#3766,#2025,.T.);
#7156=EDGE_CURVE('',#3786,#3770,#2017,.T.);
#7158=EDGE_CURVE('',#3770,#3765,#2045,.T.);
#7170=EDGE_CURVE('',#3784,#3768,#2021,.T.);
#7172=EDGE_CURVE('',#3768,#3770,#2053,.T.);
#7185=EDGE_CURVE('',#3766,#3768,#2029,.T.);
#7197=EDGE_CURVE('',#3766,#3774,#2033,.T.);
#7199=EDGE_CURVE('',#3774,#3776,#2073,.T.);
#7201=EDGE_CURVE('',#3768,#3776,#2057,.T.);
#7212=EDGE_CURVE('',#3765,#3773,#2041,.T.);
#7214=EDGE_CURVE('',#3773,#3774,#2061,.T.);
#7226=EDGE_CURVE('',#3770,#3778,#2049,.T.);
#7228=EDGE_CURVE('',#3778,#3773,#2065,.T.);
#7241=EDGE_CURVE('',#3776,#3778,#2069,.T.);
#7265=EDGE_CURVE('',#3805,#3789,#2077,.T.);
#7267=EDGE_CURVE('',#3789,#3790,#2101,.T.);
#7269=EDGE_CURVE('',#3806,#3790,#2089,.T.);
#7280=EDGE_CURVE('',#3810,#3794,#2081,.T.);
#7282=EDGE_CURVE('',#3794,#3789,#2109,.T.);
#7294=EDGE_CURVE('',#3808,#3792,#2085,.T.);
#7296=EDGE_CURVE('',#3792,#3794,#2117,.T.);
#7309=EDGE_CURVE('',#3790,#3792,#2093,.T.);
#7321=EDGE_CURVE('',#3790,#3798,#2097,.T.);
#7323=EDGE_CURVE('',#3798,#3800,#2137,.T.);
#7325=EDGE_CURVE('',#3792,#3800,#2121,.T.);
#7336=EDGE_CURVE('',#3789,#3797,#2105,.T.);
#7338=EDGE_CURVE('',#3797,#3798,#2125,.T.);
#7350=EDGE_CURVE('',#3794,#3802,#2113,.T.);
#7352=EDGE_CURVE('',#3802,#3797,#2129,.T.);
#7365=EDGE_CURVE('',#3800,#3802,#2133,.T.);
#7389=EDGE_CURVE('',#3829,#3813,#2141,.T.);
#7391=EDGE_CURVE('',#3813,#3814,#2165,.T.);
#7393=EDGE_CURVE('',#3830,#3814,#2153,.T.);
#7404=EDGE_CURVE('',#3834,#3818,#2145,.T.);
#7406=EDGE_CURVE('',#3818,#3813,#2173,.T.);
#7418=EDGE_CURVE('',#3832,#3816,#2149,.T.);
#7420=EDGE_CURVE('',#3816,#3818,#2181,.T.);
#7433=EDGE_CURVE('',#3814,#3816,#2157,.T.);
#7445=EDGE_CURVE('',#3814,#3822,#2161,.T.);
#7447=EDGE_CURVE('',#3822,#3824,#2201,.T.);
#7449=EDGE_CURVE('',#3816,#3824,#2185,.T.);
#7460=EDGE_CURVE('',#3813,#3821,#2169,.T.);
#7462=EDGE_CURVE('',#3821,#3822,#2189,.T.);
#7474=EDGE_CURVE('',#3818,#3826,#2177,.T.);
#7476=EDGE_CURVE('',#3826,#3821,#2193,.T.);
#7489=EDGE_CURVE('',#3824,#3826,#2197,.T.);
#7513=EDGE_CURVE('',#3853,#3837,#2205,.T.);
#7515=EDGE_CURVE('',#3837,#3838,#2229,.T.);
#7517=EDGE_CURVE('',#3854,#3838,#2217,.T.);
#7528=EDGE_CURVE('',#3858,#3842,#2209,.T.);
#7530=EDGE_CURVE('',#3842,#3837,#2237,.T.);
#7542=EDGE_CURVE('',#3856,#3840,#2213,.T.);
#7544=EDGE_CURVE('',#3840,#3842,#2245,.T.);
#7557=EDGE_CURVE('',#3838,#3840,#2221,.T.);
#7569=EDGE_CURVE('',#3838,#3846,#2225,.T.);
#7571=EDGE_CURVE('',#3846,#3848,#2265,.T.);
#7573=EDGE_CURVE('',#3840,#3848,#2249,.T.);
#7584=EDGE_CURVE('',#3837,#3845,#2233,.T.);
#7586=EDGE_CURVE('',#3845,#3846,#2253,.T.);
#7598=EDGE_CURVE('',#3842,#3850,#2241,.T.);
#7600=EDGE_CURVE('',#3850,#3845,#2257,.T.);
#7613=EDGE_CURVE('',#3848,#3850,#2261,.T.);
#7636=EDGE_CURVE('',#4367,#4368,#2269,.T.);
#7642=EDGE_CURVE('',#3372,#4367,#2277,.T.);
#7653=EDGE_CURVE('',#4367,#4370,#2293,.T.);
#7665=EDGE_CURVE('',#3370,#4360,#2285,.T.);
#7667=EDGE_CURVE('',#4364,#4360,#2309,.T.);
#7681=EDGE_CURVE('',#4359,#4360,#2297,.T.);
#7707=EDGE_CURVE('',#3582,#3572,#2425,.T.);
#7713=EDGE_CURVE('',#3749,#3750,#2317,.T.);
#7715=EDGE_CURVE('',#3753,#3749,#2321,.T.);
#7717=EDGE_CURVE('',#3753,#3754,#2325,.T.);
#7719=EDGE_CURVE('',#3754,#3750,#2329,.T.);
#7723=EDGE_CURVE('',#3893,#3894,#2333,.T.);
#7725=EDGE_CURVE('',#3898,#3894,#2337,.T.);
#7727=EDGE_CURVE('',#3897,#3898,#2341,.T.);
#7729=EDGE_CURVE('',#3897,#3893,#2345,.T.);
#7733=EDGE_CURVE('',#3941,#3942,#2349,.T.);
#7735=EDGE_CURVE('',#3946,#3942,#2353,.T.);
#7737=EDGE_CURVE('',#3945,#3946,#2357,.T.);
#7739=EDGE_CURVE('',#3945,#3941,#2361,.T.);
#7743=EDGE_CURVE('',#3989,#3990,#2365,.T.);
#7745=EDGE_CURVE('',#3994,#3990,#2369,.T.);
#7747=EDGE_CURVE('',#3993,#3994,#2373,.T.);
#7749=EDGE_CURVE('',#3993,#3989,#2377,.T.);
#7753=EDGE_CURVE('',#4037,#4038,#2381,.T.);
#7755=EDGE_CURVE('',#4042,#4038,#2385,.T.);
#7757=EDGE_CURVE('',#4041,#4042,#2389,.T.);
#7759=EDGE_CURVE('',#4041,#4037,#2393,.T.);
#7763=EDGE_CURVE('',#4391,#4392,#2397,.T.);
#7765=EDGE_CURVE('',#4392,#4394,#2401,.T.);
#7767=EDGE_CURVE('',#4394,#4396,#2405,.T.);
#7769=EDGE_CURVE('',#4396,#4398,#2409,.T.);
#7771=EDGE_CURVE('',#4398,#4400,#2413,.T.);
#7773=EDGE_CURVE('',#4400,#4402,#2417,.T.);
#7775=EDGE_CURVE('',#4402,#4391,#2421,.T.);
#7798=EDGE_CURVE('',#3750,#3758,#2429,.T.);
#7800=EDGE_CURVE('',#3730,#3758,#2434,.T.);
#7802=EDGE_CURVE('',#3730,#3728,#2438,.T.);
#7804=EDGE_CURVE('',#3728,#3726,#2442,.T.);
#7806=EDGE_CURVE('',#3726,#3724,#2446,.T.);
#7808=EDGE_CURVE('',#3724,#3722,#2450,.T.);
#7810=EDGE_CURVE('',#3722,#3720,#2454,.T.);
#7812=EDGE_CURVE('',#3720,#3717,#2458,.T.);
#7814=EDGE_CURVE('',#3717,#3718,#2462,.T.);
#7816=EDGE_CURVE('',#3756,#3718,#2467,.T.);
#7818=EDGE_CURVE('',#3756,#3749,#2471,.T.);
#7829=EDGE_CURVE('',#3754,#3762,#2521,.T.);
#7831=EDGE_CURVE('',#3758,#3762,#2475,.T.);
#7843=EDGE_CURVE('',#3760,#3753,#2479,.T.);
#7845=EDGE_CURVE('',#3760,#3734,#2484,.T.);
#7847=EDGE_CURVE('',#3733,#3734,#2488,.T.);
#7849=EDGE_CURVE('',#3736,#3733,#2492,.T.);
#7851=EDGE_CURVE('',#3738,#3736,#2496,.T.);
#7853=EDGE_CURVE('',#3740,#3738,#2500,.T.);
#7855=EDGE_CURVE('',#3742,#3740,#2504,.T.);
#7857=EDGE_CURVE('',#3744,#3742,#2508,.T.);
#7859=EDGE_CURVE('',#3746,#3744,#2512,.T.);
#7861=EDGE_CURVE('',#3746,#3762,#2517,.T.);
#7874=EDGE_CURVE('',#3756,#3760,#2525,.T.);
#7886=EDGE_CURVE('',#3718,#3734,#2529,.T.);
#7899=EDGE_CURVE('',#3733,#3717,#2533,.T.);
#7912=EDGE_CURVE('',#3736,#3720,#2537,.T.);
#7925=EDGE_CURVE('',#3738,#3722,#2541,.T.);
#7938=EDGE_CURVE('',#3740,#3724,#2545,.T.);
#7951=EDGE_CURVE('',#3742,#3726,#2549,.T.);
#7964=EDGE_CURVE('',#3744,#3728,#2553,.T.);
#7977=EDGE_CURVE('',#3730,#3746,#2557,.T.);
#8002=EDGE_CURVE('',#3902,#3893,#2561,.T.);
#8004=EDGE_CURVE('',#3874,#3902,#2566,.T.);
#8006=EDGE_CURVE('',#3872,#3874,#2570,.T.);
#8008=EDGE_CURVE('',#3870,#3872,#2574,.T.);
#8010=EDGE_CURVE('',#3868,#3870,#2578,.T.);
#8012=EDGE_CURVE('',#3866,#3868,#2582,.T.);
#8014=EDGE_CURVE('',#3864,#3866,#2586,.T.);
#8016=EDGE_CURVE('',#3862,#3864,#2590,.T.);
#8018=EDGE_CURVE('',#3861,#3862,#2594,.T.);
#8020=EDGE_CURVE('',#3900,#3861,#2599,.T.);
#8022=EDGE_CURVE('',#3894,#3900,#2603,.T.);
#8033=EDGE_CURVE('',#3906,#3897,#2653,.T.);
#8035=EDGE_CURVE('',#3902,#3906,#2607,.T.);
#8047=EDGE_CURVE('',#3898,#3904,#2611,.T.);
#8049=EDGE_CURVE('',#3904,#3877,#2616,.T.);
#8051=EDGE_CURVE('',#3877,#3878,#2620,.T.);
#8053=EDGE_CURVE('',#3878,#3880,#2624,.T.);
#8055=EDGE_CURVE('',#3880,#3882,#2628,.T.);
#8057=EDGE_CURVE('',#3882,#3884,#2632,.T.);
#8059=EDGE_CURVE('',#3884,#3886,#2636,.T.);
#8061=EDGE_CURVE('',#3886,#3888,#2640,.T.);
#8063=EDGE_CURVE('',#3888,#3890,#2644,.T.);
#8065=EDGE_CURVE('',#3890,#3906,#2649,.T.);
#8078=EDGE_CURVE('',#3900,#3904,#2657,.T.);
#8090=EDGE_CURVE('',#3861,#3877,#2661,.T.);
#8103=EDGE_CURVE('',#3862,#3878,#2665,.T.);
#8116=EDGE_CURVE('',#3864,#3880,#2669,.T.);
#8129=EDGE_CURVE('',#3866,#3882,#2673,.T.);
#8142=EDGE_CURVE('',#3868,#3884,#2677,.T.);
#8155=EDGE_CURVE('',#3870,#3886,#2681,.T.);
#8168=EDGE_CURVE('',#3872,#3888,#2685,.T.);
#8181=EDGE_CURVE('',#3874,#3890,#2689,.T.);
#8206=EDGE_CURVE('',#3950,#3941,#2693,.T.);
#8208=EDGE_CURVE('',#3922,#3950,#2698,.T.);
#8210=EDGE_CURVE('',#3920,#3922,#2702,.T.);
#8212=EDGE_CURVE('',#3918,#3920,#2706,.T.);
#8214=EDGE_CURVE('',#3916,#3918,#2710,.T.);
#8216=EDGE_CURVE('',#3914,#3916,#2714,.T.);
#8218=EDGE_CURVE('',#3912,#3914,#2718,.T.);
#8220=EDGE_CURVE('',#3910,#3912,#2722,.T.);
#8222=EDGE_CURVE('',#3909,#3910,#2726,.T.);
#8224=EDGE_CURVE('',#3948,#3909,#2731,.T.);
#8226=EDGE_CURVE('',#3942,#3948,#2735,.T.);
#8237=EDGE_CURVE('',#3954,#3945,#2785,.T.);
#8239=EDGE_CURVE('',#3950,#3954,#2739,.T.);
#8251=EDGE_CURVE('',#3946,#3952,#2743,.T.);
#8253=EDGE_CURVE('',#3952,#3925,#2748,.T.);
#8255=EDGE_CURVE('',#3925,#3926,#2752,.T.);
#8257=EDGE_CURVE('',#3926,#3928,#2756,.T.);
#8259=EDGE_CURVE('',#3928,#3930,#2760,.T.);
#8261=EDGE_CURVE('',#3930,#3932,#2764,.T.);
#8263=EDGE_CURVE('',#3932,#3934,#2768,.T.);
#8265=EDGE_CURVE('',#3934,#3936,#2772,.T.);
#8267=EDGE_CURVE('',#3936,#3938,#2776,.T.);
#8269=EDGE_CURVE('',#3938,#3954,#2781,.T.);
#8282=EDGE_CURVE('',#3948,#3952,#2789,.T.);
#8294=EDGE_CURVE('',#3909,#3925,#2793,.T.);
#8307=EDGE_CURVE('',#3910,#3926,#2797,.T.);
#8320=EDGE_CURVE('',#3912,#3928,#2801,.T.);
#8333=EDGE_CURVE('',#3914,#3930,#2805,.T.);
#8346=EDGE_CURVE('',#3916,#3932,#2809,.T.);
#8359=EDGE_CURVE('',#3918,#3934,#2813,.T.);
#8372=EDGE_CURVE('',#3920,#3936,#2817,.T.);
#8385=EDGE_CURVE('',#3922,#3938,#2821,.T.);
#8410=EDGE_CURVE('',#3998,#3989,#2825,.T.);
#8412=EDGE_CURVE('',#3970,#3998,#2830,.T.);
#8414=EDGE_CURVE('',#3968,#3970,#2834,.T.);
#8416=EDGE_CURVE('',#3966,#3968,#2838,.T.);
#8418=EDGE_CURVE('',#3964,#3966,#2842,.T.);
#8420=EDGE_CURVE('',#3962,#3964,#2846,.T.);
#8422=EDGE_CURVE('',#3960,#3962,#2850,.T.);
#8424=EDGE_CURVE('',#3958,#3960,#2854,.T.);
#8426=EDGE_CURVE('',#3957,#3958,#2858,.T.);
#8428=EDGE_CURVE('',#3996,#3957,#2863,.T.);
#8430=EDGE_CURVE('',#3990,#3996,#2867,.T.);
#8441=EDGE_CURVE('',#4002,#3993,#2917,.T.);
#8443=EDGE_CURVE('',#3998,#4002,#2871,.T.);
#8455=EDGE_CURVE('',#3994,#4000,#2875,.T.);
#8457=EDGE_CURVE('',#4000,#3973,#2880,.T.);
#8459=EDGE_CURVE('',#3973,#3974,#2884,.T.);
#8461=EDGE_CURVE('',#3974,#3976,#2888,.T.);
#8463=EDGE_CURVE('',#3976,#3978,#2892,.T.);
#8465=EDGE_CURVE('',#3978,#3980,#2896,.T.);
#8467=EDGE_CURVE('',#3980,#3982,#2900,.T.);
#8469=EDGE_CURVE('',#3982,#3984,#2904,.T.);
#8471=EDGE_CURVE('',#3984,#3986,#2908,.T.);
#8473=EDGE_CURVE('',#3986,#4002,#2913,.T.);
#8486=EDGE_CURVE('',#3996,#4000,#2921,.T.);
#8498=EDGE_CURVE('',#3957,#3973,#2925,.T.);
#8511=EDGE_CURVE('',#3958,#3974,#2929,.T.);
#8524=EDGE_CURVE('',#3960,#3976,#2933,.T.);
#8537=EDGE_CURVE('',#3962,#3978,#2937,.T.);
#8550=EDGE_CURVE('',#3964,#3980,#2941,.T.);
#8563=EDGE_CURVE('',#3966,#3982,#2945,.T.);
#8576=EDGE_CURVE('',#3968,#3984,#2949,.T.);
#8589=EDGE_CURVE('',#3970,#3986,#2953,.T.);
#8614=EDGE_CURVE('',#4046,#4037,#2957,.T.);
#8616=EDGE_CURVE('',#4018,#4046,#2962,.T.);
#8618=EDGE_CURVE('',#4016,#4018,#2966,.T.);
#8620=EDGE_CURVE('',#4014,#4016,#2970,.T.);
#8622=EDGE_CURVE('',#4012,#4014,#2974,.T.);
#8624=EDGE_CURVE('',#4010,#4012,#2978,.T.);
#8626=EDGE_CURVE('',#4008,#4010,#2982,.T.);
#8628=EDGE_CURVE('',#4006,#4008,#2986,.T.);
#8630=EDGE_CURVE('',#4005,#4006,#2990,.T.);
#8632=EDGE_CURVE('',#4044,#4005,#2995,.T.);
#8634=EDGE_CURVE('',#4038,#4044,#2999,.T.);
#8645=EDGE_CURVE('',#4050,#4041,#3049,.T.);
#8647=EDGE_CURVE('',#4046,#4050,#3003,.T.);
#8659=EDGE_CURVE('',#4042,#4048,#3007,.T.);
#8661=EDGE_CURVE('',#4048,#4021,#3012,.T.);
#8663=EDGE_CURVE('',#4021,#4022,#3016,.T.);
#8665=EDGE_CURVE('',#4022,#4024,#3020,.T.);
#8667=EDGE_CURVE('',#4024,#4026,#3024,.T.);
#8669=EDGE_CURVE('',#4026,#4028,#3028,.T.);
#8671=EDGE_CURVE('',#4028,#4030,#3032,.T.);
#8673=EDGE_CURVE('',#4030,#4032,#3036,.T.);
#8675=EDGE_CURVE('',#4032,#4034,#3040,.T.);
#8677=EDGE_CURVE('',#4034,#4050,#3045,.T.);
#8690=EDGE_CURVE('',#4044,#4048,#3053,.T.);
#8702=EDGE_CURVE('',#4005,#4021,#3057,.T.);
#8715=EDGE_CURVE('',#4006,#4022,#3061,.T.);
#8728=EDGE_CURVE('',#4008,#4024,#3065,.T.);
#8741=EDGE_CURVE('',#4010,#4026,#3069,.T.);
#8754=EDGE_CURVE('',#4012,#4028,#3073,.T.);
#8767=EDGE_CURVE('',#4014,#4030,#3077,.T.);
#8780=EDGE_CURVE('',#4016,#4032,#3081,.T.);
#8793=EDGE_CURVE('',#4018,#4034,#3085,.T.);
#8818=EDGE_CURVE('',#4391,#4377,#3089,.T.);
#8820=EDGE_CURVE('',#4377,#4378,#3117,.T.);
#8822=EDGE_CURVE('',#4392,#4378,#3113,.T.);
#8833=EDGE_CURVE('',#4402,#4388,#3093,.T.);
#8835=EDGE_CURVE('',#4388,#4377,#3121,.T.);
#8847=EDGE_CURVE('',#4400,#4386,#3097,.T.);
#8849=EDGE_CURVE('',#4386,#4388,#3125,.T.);
#8861=EDGE_CURVE('',#4398,#4384,#3101,.T.);
#8863=EDGE_CURVE('',#4384,#4386,#3129,.T.);
#8875=EDGE_CURVE('',#4396,#4382,#3105,.T.);
#8877=EDGE_CURVE('',#4382,#4384,#3133,.T.);
#8889=EDGE_CURVE('',#4394,#4380,#3109,.T.);
#8891=EDGE_CURVE('',#4380,#4382,#3137,.T.);
#8904=EDGE_CURVE('',#4378,#4380,#3141,.T.);
#8930=EDGE_CURVE('',#3555,#3556,#3149,.T.);
#8932=EDGE_CURVE('',#3528,#3555,#3145,.T.);
#8947=EDGE_CURVE('',#3566,#4188,#3157,.T.);
#8949=EDGE_CURVE('',#3566,#4215,#3161,.T.);
#8951=EDGE_CURVE('',#4215,#3466,#3225,.T.);
#8954=EDGE_CURVE('',#4208,#3465,#3165,.T.);
#8956=EDGE_CURVE('',#4208,#3555,#3169,.T.);
#8966=EDGE_CURVE('',#3526,#3566,#3177,.T.);
#8970=EDGE_CURVE('',#3524,#3552,#3173,.T.);
#8984=EDGE_CURVE('',#3566,#3555,#3181,.T.);
#8996=EDGE_CURVE('',#4208,#4210,#3193,.T.);
#8999=EDGE_CURVE('',#4215,#4212,#3185,.T.);
#9010=EDGE_CURVE('',#4205,#4208,#3201,.T.);
#9013=EDGE_CURVE('',#4202,#4268,#3189,.T.);
#9051=EDGE_CURVE('',#4215,#4216,#3221,.T.);
#9055=EDGE_CURVE('',#4216,#4218,#3217,.T.);
#9066=EDGE_CURVE('',#4216,#3468,#3241,.T.);
#9078=EDGE_CURVE('',#3559,#3560,#3229,.T.);
#9081=EDGE_CURVE('',#4316,#4260,#3237,.T.);
#9085=EDGE_CURVE('',#4216,#3560,#3245,.T.);
#9096=EDGE_CURVE('',#3564,#3560,#3258,.T.);
#9098=EDGE_CURVE('',#3522,#3564,#3249,.T.);
#9111=EDGE_CURVE('',#4276,#3564,#3253,.T.);
#9117=EDGE_CURVE('',#4276,#4220,#3262,.T.);
#9129=EDGE_CURVE('',#4276,#4102,#3270,.T.);
#9132=EDGE_CURVE('',#3520,#3546,#3266,.T.);
#9160=EDGE_CURVE('',#3519,#3545,#3282,.T.);
#9173=EDGE_CURVE('',#4086,#4090,#3302,.T.);
#9175=EDGE_CURVE('',#4098,#4090,#3286,.T.);
#9177=EDGE_CURVE('',#4094,#4098,#3314,.T.);
#9188=EDGE_CURVE('',#4085,#4089,#3294,.T.);
#9190=EDGE_CURVE('',#4089,#4090,#3298,.T.);
#9202=EDGE_CURVE('',#4093,#4097,#3322,.T.);
#9204=EDGE_CURVE('',#4097,#4089,#3326,.T.);
#9208=EDGE_CURVE('',#3516,#3542,#3306,.T.);
#9220=EDGE_CURVE('',#4097,#4098,#3318,.T.);
#9260=TRIMMED_CURVE('',#9259,(PARAMETER_VALUE(0.E0)),(PARAMETER_VALUE(1.E0)),
.T.,.UNSPECIFIED.);
#9261=COMPOSITE_CURVE_SEGMENT(.CONTINUOUS.,.T.,#9260);
#9266=TRIMMED_CURVE('',#9265,(PARAMETER_VALUE(0.E0)),(PARAMETER_VALUE(1.E0)),
.T.,.UNSPECIFIED.);
#9267=COMPOSITE_CURVE_SEGMENT(.CONTINUOUS.,.T.,#9266);
#9272=TRIMMED_CURVE('',#9271,(PARAMETER_VALUE(0.E0)),(PARAMETER_VALUE(1.E0)),
.T.,.UNSPECIFIED.);
#9273=COMPOSITE_CURVE_SEGMENT(.CONTINUOUS.,.T.,#9272);
#9278=TRIMMED_CURVE('',#9277,(PARAMETER_VALUE(0.E0)),(PARAMETER_VALUE(1.E0)),
.T.,.UNSPECIFIED.);
#9279=COMPOSITE_CURVE_SEGMENT(.CONTINUOUS.,.T.,#9278);
#9280=COMPOSITE_CURVE('',(#9261,#9267,#9273,#9279),.F.);
#9286=TRIMMED_CURVE('',#9285,(PARAMETER_VALUE(0.E0)),(PARAMETER_VALUE(1.E0)),
.T.,.UNSPECIFIED.);
#9287=COMPOSITE_CURVE_SEGMENT(.CONTINUOUS.,.T.,#9286);
#9292=TRIMMED_CURVE('',#9291,(PARAMETER_VALUE(0.E0)),(PARAMETER_VALUE(1.E0)),
.T.,.UNSPECIFIED.);
#9293=COMPOSITE_CURVE_SEGMENT(.CONTINUOUS.,.T.,#9292);
#9298=TRIMMED_CURVE('',#9297,(PARAMETER_VALUE(0.E0)),(PARAMETER_VALUE(1.E0)),
.T.,.UNSPECIFIED.);
#9299=COMPOSITE_CURVE_SEGMENT(.CONTINUOUS.,.T.,#9298);
#9304=TRIMMED_CURVE('',#9303,(PARAMETER_VALUE(0.E0)),(PARAMETER_VALUE(1.E0)),
.T.,.UNSPECIFIED.);
#9305=COMPOSITE_CURVE_SEGMENT(.CONTINUOUS.,.T.,#9304);
#9306=COMPOSITE_CURVE('',(#9287,#9293,#9299,#9305),.F.);
#9311=TRIMMED_CURVE('',#9310,(PARAMETER_VALUE(0.E0)),(PARAMETER_VALUE(1.E0)),
.T.,.UNSPECIFIED.);
#9312=COMPOSITE_CURVE_SEGMENT(.CONTINUOUS.,.T.,#9311);
#9317=TRIMMED_CURVE('',#9316,(PARAMETER_VALUE(0.E0)),(PARAMETER_VALUE(1.E0)),
.T.,.UNSPECIFIED.);
#9318=COMPOSITE_CURVE_SEGMENT(.CONTINUOUS.,.T.,#9317);
#9323=TRIMMED_CURVE('',#9322,(PARAMETER_VALUE(0.E0)),(PARAMETER_VALUE(1.E0)),
.T.,.UNSPECIFIED.);
#9324=COMPOSITE_CURVE_SEGMENT(.CONTINUOUS.,.T.,#9323);
#9329=TRIMMED_CURVE('',#9328,(PARAMETER_VALUE(0.E0)),(PARAMETER_VALUE(1.E0)),
.T.,.UNSPECIFIED.);
#9330=COMPOSITE_CURVE_SEGMENT(.CONTINUOUS.,.T.,#9329);
#9331=COMPOSITE_CURVE('',(#9312,#9318,#9324,#9330),.F.);
#9336=TRIMMED_CURVE('',#9335,(PARAMETER_VALUE(0.E0)),(PARAMETER_VALUE(1.E0)),
.T.,.UNSPECIFIED.);
#9337=COMPOSITE_CURVE_SEGMENT(.CONTINUOUS.,.T.,#9336);
#9342=TRIMMED_CURVE('',#9341,(PARAMETER_VALUE(0.E0)),(PARAMETER_VALUE(1.E0)),
.T.,.UNSPECIFIED.);
#9343=COMPOSITE_CURVE_SEGMENT(.CONTINUOUS.,.T.,#9342);
#9348=TRIMMED_CURVE('',#9347,(PARAMETER_VALUE(0.E0)),(PARAMETER_VALUE(1.E0)),
.T.,.UNSPECIFIED.);
#9349=COMPOSITE_CURVE_SEGMENT(.CONTINUOUS.,.T.,#9348);
#9354=TRIMMED_CURVE('',#9353,(PARAMETER_VALUE(0.E0)),(PARAMETER_VALUE(1.E0)),
.T.,.UNSPECIFIED.);
#9355=COMPOSITE_CURVE_SEGMENT(.CONTINUOUS.,.T.,#9354);
#9356=COMPOSITE_CURVE('',(#9337,#9343,#9349,#9355),.F.);
#9361=TRIMMED_CURVE('',#9360,(PARAMETER_VALUE(0.E0)),(PARAMETER_VALUE(1.E0)),
.T.,.UNSPECIFIED.);
#9362=COMPOSITE_CURVE_SEGMENT(.CONTINUOUS.,.T.,#9361);
#9367=TRIMMED_CURVE('',#9366,(PARAMETER_VALUE(0.E0)),(PARAMETER_VALUE(1.E0)),
.T.,.UNSPECIFIED.);
#9368=COMPOSITE_CURVE_SEGMENT(.CONTINUOUS.,.T.,#9367);
#9373=TRIMMED_CURVE('',#9372,(PARAMETER_VALUE(0.E0)),(PARAMETER_VALUE(1.E0)),
.T.,.UNSPECIFIED.);
#9374=COMPOSITE_CURVE_SEGMENT(.CONTINUOUS.,.T.,#9373);
#9379=TRIMMED_CURVE('',#9378,(PARAMETER_VALUE(0.E0)),(PARAMETER_VALUE(1.E0)),
.T.,.UNSPECIFIED.);
#9380=COMPOSITE_CURVE_SEGMENT(.CONTINUOUS.,.T.,#9379);
#9381=COMPOSITE_CURVE('',(#9362,#9368,#9374,#9380),.F.);
#9386=TRIMMED_CURVE('',#9385,(PARAMETER_VALUE(0.E0)),(PARAMETER_VALUE(1.E0)),
.T.,.UNSPECIFIED.);
#9387=COMPOSITE_CURVE_SEGMENT(.CONTINUOUS.,.T.,#9386);
#9392=TRIMMED_CURVE('',#9391,(PARAMETER_VALUE(0.E0)),(PARAMETER_VALUE(1.E0)),
.T.,.UNSPECIFIED.);
#9393=COMPOSITE_CURVE_SEGMENT(.CONTINUOUS.,.T.,#9392);
#9398=TRIMMED_CURVE('',#9397,(PARAMETER_VALUE(0.E0)),(PARAMETER_VALUE(1.E0)),
.T.,.UNSPECIFIED.);
#9399=COMPOSITE_CURVE_SEGMENT(.CONTINUOUS.,.T.,#9398);
#9404=TRIMMED_CURVE('',#9403,(PARAMETER_VALUE(0.E0)),(PARAMETER_VALUE(1.E0)),
.T.,.UNSPECIFIED.);
#9405=COMPOSITE_CURVE_SEGMENT(.CONTINUOUS.,.T.,#9404);
#9406=COMPOSITE_CURVE('',(#9387,#9393,#9399,#9405),.F.);
#9411=TRIMMED_CURVE('',#9410,(PARAMETER_VALUE(0.E0)),(PARAMETER_VALUE(1.E0)),
.T.,.UNSPECIFIED.);
#9412=COMPOSITE_CURVE_SEGMENT(.CONTINUOUS.,.T.,#9411);
#9417=TRIMMED_CURVE('',#9416,(PARAMETER_VALUE(0.E0)),(PARAMETER_VALUE(1.E0)),
.T.,.UNSPECIFIED.);
#9418=COMPOSITE_CURVE_SEGMENT(.CONTINUOUS.,.T.,#9417);
#9423=TRIMMED_CURVE('',#9422,(PARAMETER_VALUE(0.E0)),(PARAMETER_VALUE(1.E0)),
.T.,.UNSPECIFIED.);
#9424=COMPOSITE_CURVE_SEGMENT(.CONTINUOUS.,.T.,#9423);
#9429=TRIMMED_CURVE('',#9428,(PARAMETER_VALUE(0.E0)),(PARAMETER_VALUE(1.E0)),
.T.,.UNSPECIFIED.);
#9430=COMPOSITE_CURVE_SEGMENT(.CONTINUOUS.,.T.,#9429);
#9431=COMPOSITE_CURVE('',(#9412,#9418,#9424,#9430),.F.);
#9432=(LENGTH_UNIT()NAMED_UNIT(*)SI_UNIT(.MILLI.,.METRE.));
#9434=(NAMED_UNIT(*)PLANE_ANGLE_UNIT()SI_UNIT($,.RADIAN.));
#9437=(NAMED_UNIT(*)SI_UNIT($,.STERADIAN.)SOLID_ANGLE_UNIT());
#9440=ADVANCED_BREP_SHAPE_REPRESENTATION('',(#9251),#9439);
#9441=GEOMETRICALLY_BOUNDED_SURFACE_SHAPE_REPRESENTATION('',(#9281),#9439);
#9442=SHAPE_REPRESENTATION('',(#9255),#9439);
#9451=PRODUCT_DEFINITION('design','',#9450,#9447);
#9452=PRODUCT_DEFINITION_SHAPE('','SHAPE FOR 532610571.',#9451);
#9453=SHAPE_DEFINITION_REPRESENTATION(#9452,#9442);
ENDSEC;
END-ISO-10303-21;
